attribute,seq,production_year,window_position,z,rule1,rule2,rule3,rule5,ewma_signal,ewma_window,ewma_ucl_window,ewma_lcl_window
ph,1,2011,0.5,0.768336,False,False,False,False,False,0.434511,0.482065,0.354212
ph,2,2011,0.416667,-0.013815,False,False,False,False,False,0.430942,0.500004,0.336273
ph,3,2011,0.5,0.768336,False,False,False,False,False,0.444754,0.509658,0.326619
ph,4,2011,0.166667,-2.360268,False,False,False,False,False,0.389136,0.515335,0.320942
ph,5,2011,0.416667,-0.013815,False,False,False,False,False,0.394642,0.5188,0.317477
ph,6,2011,0.583333,1.550487,False,False,False,False,False,0.432381,0.520956,0.315321
ph,7,2011,0.416667,-0.013815,False,False,False,False,False,0.429238,0.522313,0.313964
ph,8,2011,0.083333,-3.142419,True,False,False,False,False,0.360057,0.523172,0.313105
ph,9,2011,0.5,0.768336,False,False,False,False,False,0.388045,0.523718,0.312559
ph,10,2011,0.416667,-0.013815,False,False,False,False,False,0.39377,0.524066,0.312211
ph,11,2011,0.583333,1.550487,False,False,False,False,False,0.431682,0.524289,0.311989
ph,12,2011,0.5,0.768336,False,False,False,False,False,0.445346,0.524431,0.311847
ph,13,2011,0.666667,2.332638,False,False,False,False,False,0.48961,0.524521,0.311756
ph,14,2011,0.5,0.768336,False,False,False,False,False,0.491688,0.524579,0.311698
ph,15,2011,0.25,-1.578117,False,False,False,False,False,0.44335,0.524616,0.311661
ph,16,2011,0.333333,-0.795966,False,False,False,False,False,0.421347,0.52464,0.311637
ph,17,2011,0.333333,-0.795966,False,False,False,False,False,0.403744,0.524655,0.311622
ph,18,2011,0.5,0.768336,False,False,False,False,False,0.422995,0.524665,0.311612
ph,19,2011,0.416667,-0.013815,False,False,False,False,False,0.42173,0.524671,0.311606
ph,20,2011,0.333333,-0.795966,False,False,False,False,False,0.40405,0.524675,0.311602
ph,21,2011,0.583333,1.550487,False,False,False,False,False,0.439907,0.524678,0.311599
ph,22,2011,0.166667,-2.360268,False,False,False,False,False,0.385259,0.524679,0.311598
ph,23,2011,0.25,-1.578117,False,False,False,False,False,0.358207,0.524681,0.311597
ph,24,2011,0.75,3.114789,True,False,False,False,False,0.436566,0.524681,0.311596
ph,25,2011,0.583333,1.550487,False,False,False,False,False,0.465919,0.524682,0.311596
ph,26,2011,0.333333,-0.795966,False,False,False,False,False,0.439402,0.524682,0.311595
ph,27,2011,0.333333,-0.795966,False,False,False,False,False,0.418188,0.524682,0.311595
ph,28,2011,0.583333,1.550487,False,False,False,False,False,0.451217,0.524682,0.311595
ph,29,2011,0.666667,2.332638,False,False,False,False,False,0.494307,0.524682,0.311595
ph,30,2011,0.416667,-0.013815,False,False,False,False,False,0.478779,0.524682,0.311595
ph,31,2011,0.5,0.768336,False,False,False,False,False,0.483023,0.524682,0.311595
ph,32,2011,0.5,0.768336,False,False,False,False,False,0.486419,0.524682,0.311595
ph,33,2011,0.583333,1.550487,False,False,False,False,False,0.505802,0.524682,0.311595
ph,34,2011,0.333333,-0.795966,False,False,False,False,False,0.471308,0.524682,0.311595
ph,35,2011,0.5,0.768336,False,False,False,False,False,0.477046,0.524682,0.311595
ph,36,2011,0.25,-1.578117,False,False,False,False,False,0.431637,0.524682,0.311595
ph,37,2011,0.333333,-0.795966,False,False,False,False,False,0.411976,0.524682,0.311595
ph,38,2011,0.416667,-0.013815,False,False,False,False,False,0.412914,0.524682,0.311595
ph,39,2012,0.416667,-0.013815,False,False,False,False,False,0.413665,0.524682,0.311595
ph,40,2012,0.333333,-0.795966,False,False,False,False,False,0.397599,0.524682,0.311595
ph,41,2012,0.5,0.768336,False,False,False,False,False,0.418079,0.524682,0.311595
ph,42,2012,0.333333,-0.795966,False,False,False,False,False,0.40113,0.524682,0.311595
ph,43,2012,0.416667,-0.013815,False,False,False,False,False,0.404237,0.524682,0.311595
ph,44,2012,0.333333,-0.795966,False,False,False,False,False,0.390056,0.524682,0.311595
ph,45,2012,0.25,-1.578117,False,False,False,False,False,0.362045,0.524682,0.311595
ph,46,2012,0.25,-1.578117,False,False,False,False,False,0.339636,0.524682,0.311595
ph,47,2012,0.416667,-0.013815,False,False,False,False,False,0.355042,0.524682,0.311595
ph,48,2012,0.583333,1.550487,False,False,False,False,False,0.4007,0.524682,0.311595
ph,49,2012,0.583333,1.550487,False,False,False,False,False,0.437227,0.524682,0.311595
ph,50,2012,0.333333,-0.795966,False,False,False,False,False,0.416448,0.524682,0.311595
ph,51,2012,0.5,0.768336,False,False,False,False,False,0.433159,0.524682,0.311595
ph,52,2012,0.416667,-0.013815,False,False,False,False,False,0.42986,0.524682,0.311595
ph,53,2012,0.416667,-0.013815,False,False,False,False,False,0.427222,0.524682,0.311595
ph,54,2012,0.5,0.768336,False,False,False,False,False,0.441777,0.524682,0.311595
ph,55,2012,0.333333,-0.795966,False,False,False,False,False,0.420088,0.524682,0.311595
ph,56,2012,0.416667,-0.013815,False,False,False,False,False,0.419404,0.524682,0.311595
ph,57,2012,0.5,0.768336,False,False,False,False,False,0.435523,0.524682,0.311595
ph,58,2012,0.25,-1.578117,False,False,False,False,False,0.398419,0.524682,0.311595
ph,59,2012,0.416667,-0.013815,False,False,False,False,False,0.402068,0.524682,0.311595
ph,60,2012,0.333333,-0.795966,False,False,False,False,False,0.388321,0.524682,0.311595
ph,61,2012,0.583333,1.550487,False,False,False,False,False,0.427324,0.524682,0.311595
ph,62,2012,0.333333,-0.795966,False,False,False,False,False,0.408526,0.524682,0.311595
ph,63,2012,0.416667,-0.013815,False,False,False,False,False,0.410154,0.524682,0.311595
ph,64,2012,0.5,0.768336,False,False,False,False,False,0.428123,0.524682,0.311595
ph,65,2012,0.333333,-0.795966,False,False,False,False,False,0.409165,0.524682,0.311595
ph,66,2012,0.333333,-0.795966,False,False,False,False,False,0.393999,0.524682,0.311595
ph,67,2012,0.5,0.768336,False,False,False,False,False,0.415199,0.524682,0.311595
ph,68,2012,0.5,0.768336,False,False,False,False,False,0.432159,0.524682,0.311595
ph,69,2012,0.5,0.768336,False,False,False,False,False,0.445727,0.524682,0.311595
ph,70,2012,0.166667,-2.360268,False,False,False,False,False,0.389915,0.524682,0.311595
ph,71,2012,0.416667,-0.013815,False,False,False,False,False,0.395266,0.524682,0.311595
ph,72,2012,0.25,-1.578117,False,False,False,False,False,0.366212,0.524682,0.311595
ph,73,2012,0.333333,-0.795966,False,False,False,False,False,0.359637,0.524682,0.311595
ph,74,2012,0.416667,-0.013815,False,False,False,False,False,0.371043,0.524682,0.311595
ph,75,2012,0.416667,-0.013815,False,False,False,False,False,0.380167,0.524682,0.311595
ph,76,2012,0.416667,-0.013815,False,False,False,False,False,0.387467,0.524682,0.311595
ph,77,2012,0.583333,1.550487,False,False,False,False,False,0.42664,0.524682,0.311595
ph,78,2012,0.333333,-0.795966,False,False,False,False,False,0.407979,0.524682,0.311595
ph,79,2012,0.5,0.768336,False,False,False,False,False,0.426383,0.524682,0.311595
ph,80,2012,0.416667,-0.013815,False,False,False,False,False,0.42444,0.524682,0.311595
ph,81,2012,0.583333,1.550487,False,False,False,False,False,0.456219,0.524682,0.311595
ph,82,2012,0.333333,-0.795966,False,False,False,False,False,0.431642,0.524682,0.311595
ph,83,2013,0.333333,-0.795966,False,False,False,False,False,0.41198,0.524682,0.311595
ph,84,2013,0.666667,2.332638,False,False,False,False,False,0.462917,0.524682,0.311595
ph,85,2013,0.583333,1.550487,False,False,False,False,False,0.487,0.524682,0.311595
ph,86,2013,0.333333,-0.795966,False,False,False,False,False,0.456267,0.524682,0.311595
ph,87,2013,0.416667,-0.013815,False,False,False,False,False,0.448347,0.524682,0.311595
ph,88,2013,0.166667,-2.360268,False,False,False,False,False,0.392011,0.524682,0.311595
ph,89,2013,0.416667,-0.013815,False,False,False,False,False,0.396942,0.524682,0.311595
ph,90,2013,0.25,-1.578117,False,False,False,False,False,0.367554,0.524682,0.311595
ph,91,2013,0.416667,-0.013815,False,False,False,False,False,0.377376,0.524682,0.311595
ph,92,2013,0.25,-1.578117,False,False,False,False,False,0.351901,0.524682,0.311595
ph,93,2013,0.333333,-0.795966,False,False,False,False,False,0.348187,0.524682,0.311595
ph,94,2013,0.5,0.768336,False,False,False,False,False,0.37855,0.524682,0.311595
ph,95,2013,0.416667,-0.013815,False,False,False,False,False,0.386173,0.524682,0.311595
ph,96,2013,0.416667,-0.013815,False,False,False,False,False,0.392272,0.524682,0.311595
ph,97,2013,0.583333,1.550487,False,False,False,False,False,0.430484,0.524682,0.311595
ph,98,2013,0.583333,1.550487,False,False,False,False,False,0.461054,0.524682,0.311595
ph,99,2013,0.25,-1.578117,False,False,False,False,False,0.418843,0.524682,0.311595
ph,100,2013,0.333333,-0.795966,False,False,False,False,False,0.401741,0.524682,0.311595
ph,101,2013,0.25,-1.578117,False,False,False,False,False,0.371393,0.524682,0.311595
ph,102,2013,0.416667,-0.013815,False,False,False,False,False,0.380448,0.524682,0.311595
ph,103,2013,0.5,0.768336,False,False,False,False,False,0.404358,0.524682,0.311595
ph,104,2013,0.333333,-0.795966,False,False,False,False,False,0.390153,0.524682,0.311595
ph,105,2013,0.416667,-0.013815,False,False,False,False,False,0.395456,0.524682,0.311595
ph,106,2013,0.5,0.768336,False,False,False,False,False,0.416365,0.524682,0.311595
ph,107,2013,0.583333,1.550487,False,False,False,False,False,0.449758,0.524682,0.311595
ph,108,2013,0.333333,-0.795966,False,False,False,False,False,0.426473,0.524682,0.311595
ph,109,2013,0.583333,1.550487,False,False,False,False,False,0.457845,0.524682,0.311595
ph,110,2013,0.5,0.768336,False,False,False,False,False,0.466276,0.524682,0.311595
ph,111,2013,0.416667,-0.013815,False,False,False,False,False,0.456354,0.524682,0.311595
ph,112,2013,0.25,-1.578117,False,False,False,False,False,0.415084,0.524682,0.311595
ph,113,2013,0.5,0.768336,False,False,False,False,False,0.432067,0.524682,0.311595
ph,114,2013,0.416667,-0.013815,False,False,False,False,False,0.428987,0.524682,0.311595
ph,115,2013,0.25,-1.578117,False,False,False,False,False,0.393189,0.524682,0.311595
ph,116,2013,0.5,0.768336,False,False,False,False,False,0.414552,0.524682,0.311595
ph,117,2013,0.25,-1.578117,False,False,False,False,False,0.381641,0.524682,0.311595
ph,118,2013,0.583333,1.550487,False,False,False,False,False,0.42198,0.524682,0.311595
ph,119,2013,0.333333,-0.795966,False,False,False,False,False,0.40425,0.524682,0.311595
ph,120,2013,0.5,0.768336,False,False,False,False,False,0.4234,0.524682,0.311595
ph,121,2013,0.416667,-0.013815,False,False,False,False,False,0.422054,0.524682,0.311595
ph,122,2013,0.416667,-0.013815,False,False,False,False,False,0.420976,0.524682,0.311595
ph,123,2013,0.416667,-0.013815,False,False,False,False,False,0.420114,0.524682,0.311595
ph,124,2013,0.166667,-2.360268,False,False,False,False,False,0.369425,0.524682,0.311595
ph,125,2013,0.416667,-0.013815,False,False,False,False,False,0.378873,0.524682,0.311595
ph,126,2013,0.416667,-0.013815,False,False,False,False,False,0.386432,0.524682,0.311595
ph,127,2013,0.333333,-0.795966,False,False,False,False,False,0.375812,0.524682,0.311595
ph,128,2013,0.5,0.768336,False,False,False,False,False,0.40065,0.524682,0.311595
ph,129,2013,0.333333,-0.795966,False,False,False,False,False,0.387186,0.524682,0.311595
ph,130,2013,0.5,0.768336,False,False,False,False,False,0.409749,0.524682,0.311595
ph,131,2013,0.5,0.768336,False,False,False,False,False,0.427799,0.524682,0.311595
ph,132,2013,0.333333,-0.795966,False,False,False,False,False,0.408906,0.524682,0.311595
ph,133,2013,0.416667,-0.013815,False,False,False,False,False,0.410458,0.524682,0.311595
ph,134,2013,0.416667,-0.013815,False,False,False,False,False,0.4117,0.524682,0.311595
ph,135,2014,0.333333,-0.795966,False,False,False,False,False,0.396027,0.524682,0.311595
ph,136,2014,0.333333,-0.795966,False,False,False,False,False,0.383488,0.524682,0.311595
ph,137,2014,0.416667,-0.013815,False,False,False,False,False,0.390124,0.524682,0.311595
ph,138,2014,0.666667,2.332638,False,False,False,False,False,0.445432,0.524682,0.311595
ph,139,2014,0.5,0.768336,False,False,False,False,False,0.456346,0.524682,0.311595
ph,140,2014,0.666667,2.332638,False,False,False,True,False,0.49841,0.524682,0.311595
ph,141,2014,0.416667,-0.013815,False,False,False,False,False,0.482061,0.524682,0.311595
ph,142,2014,0.416667,-0.013815,False,False,False,False,False,0.468982,0.524682,0.311595
ph,143,2014,0.333333,-0.795966,False,False,False,False,False,0.441853,0.524682,0.311595
ph,144,2014,0.333333,-0.795966,False,False,False,False,False,0.420149,0.524682,0.311595
ph,145,2014,0.416667,-0.013815,False,False,False,False,False,0.419452,0.524682,0.311595
ph,146,2014,0.416667,-0.013815,False,False,False,False,False,0.418895,0.524682,0.311595
ph,147,2014,0.5,0.768336,False,False,False,False,False,0.435116,0.524682,0.311595
ph,148,2014,0.5,0.768336,False,False,False,False,False,0.448093,0.524682,0.311595
ph,149,2014,0.416667,-0.013815,False,False,False,False,False,0.441808,0.524682,0.311595
ph,150,2014,0.333333,-0.795966,False,False,False,False,False,0.420113,0.524682,0.311595
ph,151,2014,0.416667,-0.013815,False,False,False,False,False,0.419424,0.524682,0.311595
ph,152,2014,0.416667,-0.013815,False,False,False,False,False,0.418872,0.524682,0.311595
ph,153,2014,0.333333,-0.795966,False,False,False,False,False,0.401764,0.524682,0.311595
ph,154,2014,0.333333,-0.795966,False,False,False,False,False,0.388078,0.524682,0.311595
ph,155,2014,0.416667,-0.013815,False,False,False,False,False,0.393796,0.524682,0.311595
ph,156,2014,0.25,-1.578117,False,False,False,False,False,0.365037,0.524682,0.311595
ph,157,2014,0.416667,-0.013815,False,True,False,False,False,0.375363,0.524682,0.311595
ph,158,2014,0.25,-1.578117,False,True,False,False,False,0.35029,0.524682,0.311595
ph,159,2014,0.5,0.768336,False,False,False,False,False,0.380232,0.524682,0.311595
ph,160,2014,0.416667,-0.013815,False,False,False,False,False,0.387519,0.524682,0.311595
ph,161,2014,0.5,0.768336,False,False,False,False,False,0.410015,0.524682,0.311595
ph,162,2014,0.416667,-0.013815,False,False,False,False,False,0.411346,0.524682,0.311595
ph,163,2014,0.5,0.768336,False,False,False,False,False,0.429076,0.524682,0.311595
ph,164,2014,0.583333,1.550487,False,False,False,False,False,0.459928,0.524682,0.311595
ph,165,2014,0.5,0.768336,False,False,False,False,False,0.467942,0.524682,0.311595
ph,166,2014,0.5,0.768336,False,False,False,False,False,0.474354,0.524682,0.311595
ph,167,2014,0.5,0.768336,False,False,False,False,False,0.479483,0.524682,0.311595
ph,168,2014,0.5,0.768336,False,False,False,False,False,0.483586,0.524682,0.311595
ph,169,2014,0.583333,1.550487,False,False,False,False,False,0.503536,0.524682,0.311595
ph,170,2014,0.416667,-0.013815,False,False,False,False,False,0.486162,0.524682,0.311595
ph,171,2014,0.583333,1.550487,False,False,False,False,False,0.505596,0.524682,0.311595
ph,172,2014,0.333333,-0.795966,False,False,False,False,False,0.471144,0.524682,0.311595
ph,173,2014,0.416667,-0.013815,False,False,False,False,False,0.460248,0.524682,0.311595
ph,174,2014,0.416667,-0.013815,False,False,False,False,False,0.451532,0.524682,0.311595
ph,175,2014,0.333333,-0.795966,False,False,False,False,False,0.427892,0.524682,0.311595
ph,176,2014,0.416667,-0.013815,False,False,False,False,False,0.425647,0.524682,0.311595
ph,177,2014,0.333333,-0.795966,False,False,False,False,False,0.407184,0.524682,0.311595
ph,178,2014,0.333333,-0.795966,False,False,False,False,False,0.392414,0.524682,0.311595
ph,179,2014,0.25,-1.578117,False,False,False,False,False,0.363931,0.524682,0.311595
ph,180,2014,0.416667,-0.013815,False,True,False,False,False,0.374478,0.524682,0.311595
ph,181,2014,0.416667,-0.013815,False,True,False,False,False,0.382916,0.524682,0.311595
ph,182,2014,0.5,0.768336,False,False,False,False,False,0.406333,0.524682,0.311595
ph,183,2014,0.5,0.768336,False,False,False,False,False,0.425066,0.524682,0.311595
ph,184,2015,0.416667,-0.013815,False,False,False,False,False,0.423386,0.524682,0.311595
ph,185,2015,0.5,0.768336,False,False,False,False,False,0.438709,0.524682,0.311595
ph,186,2015,0.333333,-0.795966,False,False,False,False,False,0.417634,0.524682,0.311595
ph,187,2015,0.583333,1.550487,False,False,False,False,False,0.450774,0.524682,0.311595
ph,188,2015,0.416667,-0.013815,False,False,False,False,False,0.443952,0.524682,0.311595
ph,189,2015,0.416667,-0.013815,False,False,False,False,False,0.438495,0.524682,0.311595
ph,190,2015,0.416667,-0.013815,False,False,False,False,False,0.43413,0.524682,0.311595
ph,191,2015,0.333333,-0.795966,False,False,False,False,False,0.41397,0.524682,0.311595
ph,192,2015,0.166667,-2.360268,False,False,False,False,False,0.36451,0.524682,0.311595
ph,193,2015,0.416667,-0.013815,False,False,False,False,False,0.374941,0.524682,0.311595
ph,194,2015,0.666667,2.332638,False,False,False,False,False,0.433286,0.524682,0.311595
ph,195,2015,0.333333,-0.795966,False,False,False,False,False,0.413296,0.524682,0.311595
ph,196,2015,0.333333,-0.795966,False,False,False,False,False,0.397303,0.524682,0.311595
ph,197,2015,0.333333,-0.795966,False,False,False,False,False,0.384509,0.524682,0.311595
ph,198,2015,0.333333,-0.795966,False,False,False,False,False,0.374274,0.524682,0.311595
ph,199,2015,0.25,-1.578117,False,False,False,False,False,0.349419,0.524682,0.311595
ph,200,2015,0.416667,-0.013815,False,False,False,False,False,0.362869,0.524682,0.311595
ph,201,2015,0.5,0.768336,False,False,False,False,False,0.390295,0.524682,0.311595
ph,202,2015,0.416667,-0.013815,False,False,False,False,False,0.395569,0.524682,0.311595
ph,203,2015,0.416667,-0.013815,False,False,False,False,False,0.399789,0.524682,0.311595
ph,204,2015,0.166667,-2.360268,False,False,False,False,False,0.353164,0.524682,0.311595
ph,205,2015,0.25,-1.578117,False,False,False,False,False,0.332531,0.524682,0.311595
ph,206,2015,0.25,-1.578117,False,False,False,False,False,0.316025,0.524682,0.311595
ph,207,2015,0.416667,-0.013815,False,False,False,False,False,0.336153,0.524682,0.311595
ph,208,2015,0.416667,-0.013815,False,False,False,False,False,0.352256,0.524682,0.311595
ph,209,2015,0.583333,1.550487,False,False,False,False,False,0.398472,0.524682,0.311595
ph,210,2015,0.5,0.768336,False,False,False,False,False,0.418777,0.524682,0.311595
ph,211,2015,0.416667,-0.013815,False,False,False,False,False,0.418355,0.524682,0.311595
ph,212,2015,0.333333,-0.795966,False,False,False,False,False,0.401351,0.524682,0.311595
ph,213,2015,0.416667,-0.013815,False,False,False,False,False,0.404414,0.524682,0.311595
ph,214,2015,0.25,-1.578117,False,False,False,False,False,0.373531,0.524682,0.311595
ph,215,2015,0.666667,2.332638,False,False,False,False,False,0.432158,0.524682,0.311595
ph,216,2015,0.416667,-0.013815,False,False,False,False,False,0.42906,0.524682,0.311595
ph,217,2015,0.416667,-0.013815,False,False,False,False,False,0.426581,0.524682,0.311595
ph,218,2015,0.5,0.768336,False,False,False,False,False,0.441265,0.524682,0.311595
ph,219,2015,0.416667,-0.013815,False,False,False,False,False,0.436345,0.524682,0.311595
ph,220,2015,0.416667,-0.013815,False,False,False,False,False,0.43241,0.524682,0.311595
ph,221,2015,0.25,-1.578117,False,False,False,False,False,0.395928,0.524682,0.311595
ph,222,2015,0.5,0.768336,False,False,False,False,False,0.416742,0.524682,0.311595
ph,223,2015,0.416667,-0.013815,False,False,False,False,False,0.416727,0.524682,0.311595
ph,224,2015,0.5,0.768336,False,False,False,False,False,0.433382,0.524682,0.311595
ph,225,2015,0.416667,-0.013815,False,False,False,False,False,0.430039,0.524682,0.311595
ph,226,2015,0.5,0.768336,False,False,False,False,False,0.444031,0.524682,0.311595
ph,227,2015,0.583333,1.550487,False,False,False,False,False,0.471891,0.524682,0.311595
ph,228,2015,0.416667,-0.013815,False,False,False,False,False,0.460846,0.524682,0.311595
ph,229,2015,0.333333,-0.795966,False,False,False,False,False,0.435344,0.524682,0.311595
ph,230,2015,0.5,0.768336,False,False,False,False,False,0.448275,0.524682,0.311595
ph,231,2015,0.5,0.768336,False,False,False,False,False,0.45862,0.524682,0.311595
ph,232,2015,0.416667,-0.013815,False,False,False,False,False,0.450229,0.524682,0.311595
ph,233,2015,0.166667,-2.360268,False,False,False,False,False,0.393517,0.524682,0.311595
ph,234,2015,0.5,0.768336,False,False,False,False,False,0.414813,0.524682,0.311595
ph,235,2015,0.5,0.768336,False,False,False,False,False,0.431851,0.524682,0.311595
ph,236,2015,0.416667,-0.013815,False,False,False,False,False,0.428814,0.524682,0.311595
ph,237,2015,0.416667,-0.013815,False,False,False,False,False,0.426384,0.524682,0.311595
ph,238,2015,0.416667,-0.013815,False,False,False,False,False,0.424441,0.524682,0.311595
ph,239,2015,0.5,0.768336,False,False,False,False,False,0.439553,0.524682,0.311595
ph,240,2015,0.583333,1.550487,False,False,False,False,False,0.468309,0.524682,0.311595
ph,241,2016,0.5,0.768336,False,False,False,False,False,0.474647,0.524682,0.311595
ph,242,2016,0.416667,-0.013815,False,False,False,False,False,0.463051,0.524682,0.311595
ph,243,2016,0.333333,-0.795966,False,False,False,False,False,0.437107,0.524682,0.311595
ph,244,2016,0.416667,-0.013815,False,False,False,False,False,0.433019,0.524682,0.311595
ph,245,2016,0.5,0.768336,False,False,False,False,False,0.446415,0.524682,0.311595
ph,246,2016,0.5,0.768336,False,False,False,False,False,0.457132,0.524682,0.311595
ph,247,2016,0.25,-1.578117,False,False,False,False,False,0.415706,0.524682,0.311595
ph,248,2016,0.5,0.768336,False,False,False,False,False,0.432565,0.524682,0.311595
ph,249,2016,0.416667,-0.013815,False,False,False,False,False,0.429385,0.524682,0.311595
ph,250,2016,0.333333,-0.795966,False,False,False,False,False,0.410175,0.524682,0.311595
ph,251,2016,0.5,0.768336,False,False,False,False,False,0.42814,0.524682,0.311595
ph,252,2016,0.333333,-0.795966,False,False,False,False,False,0.409179,0.524682,0.311595
ph,253,2016,0.416667,-0.013815,False,False,False,False,False,0.410676,0.524682,0.311595
ph,254,2016,0.333333,-0.795966,False,False,False,False,False,0.395208,0.524682,0.311595
ph,255,2016,0.5,0.768336,False,False,False,False,False,0.416166,0.524682,0.311595
ph,256,2016,0.333333,-0.795966,False,False,False,False,False,0.3996,0.524682,0.311595
ph,257,2016,0.5,0.768336,False,False,False,False,False,0.41968,0.524682,0.311595
ph,258,2016,0.25,-1.578117,False,False,False,False,False,0.385744,0.524682,0.311595
ph,259,2016,0.416667,-0.013815,False,False,False,False,False,0.391928,0.524682,0.311595
ph,260,2016,0.166667,-2.360268,False,False,False,False,False,0.346876,0.524682,0.311595
ph,261,2016,0.333333,-0.795966,False,False,False,False,False,0.344167,0.524682,0.311595
ph,262,2016,0.583333,1.550487,False,False,False,False,False,0.392001,0.524682,0.311595
ph,263,2016,0.333333,-0.795966,False,False,False,False,False,0.380267,0.524682,0.311595
ph,264,2016,0.5,0.768336,False,False,False,False,False,0.404214,0.524682,0.311595
ph,265,2016,0.5,0.768336,False,False,False,False,False,0.423371,0.524682,0.311595
ph,266,2016,0.333333,-0.795966,False,False,False,False,False,0.405363,0.524682,0.311595
ph,267,2016,0.25,-1.578117,False,False,False,False,False,0.374291,0.524682,0.311595
ph,268,2016,0.5,0.768336,False,False,False,False,False,0.399433,0.524682,0.311595
ph,269,2016,0.333333,-0.795966,False,False,False,False,False,0.386213,0.524682,0.311595
ph,270,2016,0.416667,-0.013815,False,False,False,False,False,0.392304,0.524682,0.311595
ph,271,2016,0.333333,-0.795966,False,False,False,False,False,0.380509,0.524682,0.311595
ph,272,2016,0.333333,-0.795966,False,False,False,False,False,0.371074,0.524682,0.311595
ph,273,2016,0.583333,1.550487,False,False,False,False,False,0.413526,0.524682,0.311595
ph,274,2016,0.333333,-0.795966,False,False,False,False,False,0.397488,0.524682,0.311595
ph,275,2016,0.5,0.768336,False,False,False,False,False,0.41799,0.524682,0.311595
ph,276,2016,0.416667,-0.013815,False,False,False,False,False,0.417725,0.524682,0.311595
ph,277,2016,0.5,0.768336,False,False,False,False,False,0.43418,0.524682,0.311595
ph,278,2016,0.416667,-0.013815,False,False,False,False,False,0.430678,0.524682,0.311595
ph,279,2016,0.5,0.768336,False,False,False,False,False,0.444542,0.524682,0.311595
ph,280,2016,0.5,0.768336,False,False,False,False,False,0.455634,0.524682,0.311595
ph,281,2016,0.333333,-0.795966,False,False,False,False,False,0.431174,0.524682,0.311595
ph,282,2016,0.416667,-0.013815,False,False,False,False,False,0.428272,0.524682,0.311595
ph,283,2016,0.25,-1.578117,False,False,False,False,False,0.392618,0.524682,0.311595
ph,284,2016,0.416667,-0.013815,False,False,False,False,False,0.397428,0.524682,0.311595
ph,285,2016,0.5,0.768336,False,False,False,False,False,0.417942,0.524682,0.311595
ph,286,2016,0.5,0.768336,False,False,False,False,False,0.434354,0.524682,0.311595
ph,287,2016,0.416667,-0.013815,False,False,False,False,False,0.430816,0.524682,0.311595
ph,288,2016,0.5,0.768336,False,False,False,False,False,0.444653,0.524682,0.311595
ph,289,2016,0.166667,-2.360268,False,False,False,False,False,0.389056,0.524682,0.311595
ph,290,2016,0.416667,-0.013815,False,False,False,False,False,0.394578,0.524682,0.311595
ph,291,2016,0.583333,1.550487,False,False,False,False,False,0.432329,0.524682,0.311595
ph,292,2016,0.333333,-0.795966,False,False,False,False,False,0.41253,0.524682,0.311595
ph,293,2016,0.5,0.768336,False,False,False,False,False,0.430024,0.524682,0.311595
ph,294,2016,0.333333,-0.795966,False,False,False,False,False,0.410686,0.524682,0.311595
ph,295,2016,0.416667,-0.013815,False,False,False,False,False,0.411882,0.524682,0.311595
ph,296,2016,0.5,0.768336,False,False,False,False,False,0.429506,0.524682,0.311595
ph,297,2016,0.583333,1.550487,False,False,False,False,False,0.460271,0.524682,0.311595
ph,298,2016,0.416667,-0.013815,False,False,False,False,False,0.45155,0.524682,0.311595
ph,299,2016,0.166667,-2.360268,False,False,False,False,False,0.394574,0.524682,0.311595
ph,300,2016,0.333333,-0.795966,False,False,False,False,False,0.382325,0.524682,0.311595
ph,301,2016,0.416667,-0.013815,False,False,False,False,False,0.389194,0.524682,0.311595
ph,302,2017,0.583333,1.550487,False,False,False,False,False,0.428022,0.524682,0.311595
ph,303,2017,0.25,-1.578117,False,False,False,False,False,0.392417,0.524682,0.311595
ph,304,2017,0.166667,-2.360268,False,False,False,False,False,0.347267,0.524682,0.311595
ph,305,2017,0.583333,1.550487,False,False,False,False,False,0.39448,0.524682,0.311595
ph,306,2017,0.333333,-0.795966,False,False,False,False,False,0.382251,0.524682,0.311595
ph,307,2017,0.5,0.768336,False,False,False,False,False,0.405801,0.524682,0.311595
ph,308,2017,0.5,0.768336,False,False,False,False,False,0.424641,0.524682,0.311595
ph,309,2017,0.5,0.768336,False,False,False,False,False,0.439713,0.524682,0.311595
ph,310,2017,0.5,0.768336,False,False,False,False,False,0.45177,0.524682,0.311595
ph,311,2017,0.25,-1.578117,False,False,False,False,False,0.411416,0.524682,0.311595
ph,312,2017,0.416667,-0.013815,False,False,False,False,False,0.412466,0.524682,0.311595
ph,313,2017,0.25,-1.578117,False,False,False,False,False,0.379973,0.524682,0.311595
ph,314,2017,0.583333,1.550487,False,False,False,False,False,0.420645,0.524682,0.311595
ph,315,2017,0.333333,-0.795966,False,False,False,False,False,0.403183,0.524682,0.311595
ph,316,2017,0.25,-1.578117,False,False,False,False,False,0.372546,0.524682,0.311595
ph,317,2017,0.416667,-0.013815,False,False,False,False,False,0.38137,0.524682,0.311595
ph,318,2017,0.416667,-0.013815,False,False,False,False,False,0.38843,0.524682,0.311595
ph,319,2017,0.333333,-0.795966,False,False,False,False,False,0.37741,0.524682,0.311595
ph,320,2017,0.5,0.768336,False,False,False,False,False,0.401928,0.524682,0.311595
ph,321,2017,0.666667,2.332638,False,False,False,False,False,0.454876,0.524682,0.311595
ph,322,2017,0.416667,-0.013815,False,False,False,False,False,0.447234,0.524682,0.311595
ph,323,2017,0.416667,-0.013815,False,False,False,False,False,0.441121,0.524682,0.311595
ph,324,2017,0.5,0.768336,False,False,False,False,False,0.452896,0.524682,0.311595
ph,325,2017,0.416667,-0.013815,False,False,False,False,False,0.445651,0.524682,0.311595
ph,326,2017,0.416667,-0.013815,False,False,False,False,False,0.439854,0.524682,0.311595
ph,327,2017,0.5,0.768336,False,False,False,False,False,0.451883,0.524682,0.311595
ph,328,2017,0.333333,-0.795966,False,False,False,False,False,0.428173,0.524682,0.311595
ph,329,2017,0.5,0.768336,False,False,False,False,False,0.442538,0.524682,0.311595
ph,330,2017,0.333333,-0.795966,False,False,False,False,False,0.420697,0.524682,0.311595
ph,331,2017,0.5,0.768336,False,False,False,False,False,0.436558,0.524682,0.311595
ph,332,2017,0.333333,-0.795966,False,False,False,False,False,0.415913,0.524682,0.311595
ph,333,2017,0.25,-1.578117,False,False,False,False,False,0.38273,0.524682,0.311595
ph,334,2017,0.5,0.768336,False,False,False,False,False,0.406184,0.524682,0.311595
ph,335,2017,0.416667,-0.013815,False,False,False,False,False,0.408281,0.524682,0.311595
ph,336,2017,0.333333,-0.795966,False,False,False,False,False,0.393291,0.524682,0.311595
ph,337,2017,0.333333,-0.795966,False,False,False,False,False,0.3813,0.524682,0.311595
ph,338,2017,0.416667,-0.013815,False,False,False,False,False,0.388373,0.524682,0.311595
ph,339,2017,0.25,-1.578117,False,False,False,False,False,0.360698,0.524682,0.311595
ph,340,2017,0.5,0.768336,False,False,False,False,False,0.388559,0.524682,0.311595
ph,341,2017,0.416667,-0.013815,False,False,False,False,False,0.39418,0.524682,0.311595
ph,342,2017,0.333333,-0.795966,False,False,False,False,False,0.382011,0.524682,0.311595
ph,343,2017,0.583333,1.550487,False,False,False,False,False,0.422275,0.524682,0.311595
ph,344,2017,0.333333,-0.795966,False,False,False,False,False,0.404487,0.524682,0.311595
ph,345,2017,0.5,0.768336,False,False,False,False,False,0.42359,0.524682,0.311595
ph,346,2017,0.416667,-0.013815,False,False,False,False,False,0.422205,0.524682,0.311595
ph,347,2017,0.333333,-0.795966,False,False,False,False,False,0.404431,0.524682,0.311595
ph,348,2017,0.5,0.768336,False,False,False,False,False,0.423545,0.524682,0.311595
ph,349,2017,0.333333,-0.795966,False,False,False,False,False,0.405502,0.524682,0.311595
ph,350,2017,0.333333,-0.795966,False,False,False,False,False,0.391069,0.524682,0.311595
ph,351,2017,0.666667,2.332638,False,False,False,False,False,0.446188,0.524682,0.311595
ph,352,2017,0.416667,-0.013815,False,False,False,False,False,0.440284,0.524682,0.311595
ph,353,2017,0.25,-1.578117,False,False,False,False,False,0.402227,0.524682,0.311595
ph,354,2017,0.166667,-2.360268,False,False,False,False,False,0.355115,0.524682,0.311595
ph,355,2017,0.416667,-0.013815,False,False,False,False,False,0.367425,0.524682,0.311595
ph,356,2017,0.5,0.768336,False,False,False,False,False,0.39394,0.524682,0.311595
ph,357,2018,0.666667,2.332638,False,False,False,False,False,0.448486,0.524682,0.311595
ph,358,2018,0.333333,-0.795966,False,False,False,False,False,0.425455,0.524682,0.311595
ph,359,2018,0.416667,-0.013815,False,False,False,False,False,0.423697,0.524682,0.311595
ph,360,2018,0.166667,-2.360268,False,False,False,False,False,0.372291,0.524682,0.311595
ph,361,2018,0.5,0.768336,False,False,False,False,False,0.397833,0.524682,0.311595
ph,362,2018,0.5,0.768336,False,False,False,False,False,0.418266,0.524682,0.311595
ph,363,2018,0.333333,-0.795966,False,False,False,False,False,0.40128,0.524682,0.311595
ph,364,2018,0.583333,1.550487,False,False,False,False,False,0.437691,0.524682,0.311595
ph,365,2018,0.5,0.768336,False,False,False,False,False,0.450152,0.524682,0.311595
ph,366,2018,0.333333,-0.795966,False,False,False,False,False,0.426789,0.524682,0.311595
ph,367,2018,0.416667,-0.013815,False,False,False,False,False,0.424764,0.524682,0.311595
ph,368,2018,0.333333,-0.795966,False,False,False,False,False,0.406478,0.524682,0.311595
ph,369,2018,0.583333,1.550487,False,False,False,False,False,0.441849,0.524682,0.311595
ph,370,2018,0.5,0.768336,False,False,False,False,False,0.453479,0.524682,0.311595
ph,371,2018,0.5,0.768336,False,False,False,False,False,0.462783,0.524682,0.311595
ph,372,2018,0.333333,-0.795966,False,False,False,False,False,0.436893,0.524682,0.311595
ph,373,2018,0.416667,-0.013815,False,False,False,False,False,0.432848,0.524682,0.311595
ph,374,2018,0.5,0.768336,False,False,False,False,False,0.446278,0.524682,0.311595
ph,375,2018,0.5,0.768336,False,False,False,False,False,0.457023,0.524682,0.311595
ph,376,2018,0.416667,-0.013815,False,False,False,False,False,0.448952,0.524682,0.311595
ph,377,2018,0.25,-1.578117,False,False,False,False,False,0.409161,0.524682,0.311595
ph,378,2018,0.416667,-0.013815,False,False,False,False,False,0.410662,0.524682,0.311595
ph,379,2018,0.583333,1.550487,False,False,False,False,False,0.445197,0.524682,0.311595
ph,380,2018,0.5,0.768336,False,False,False,False,False,0.456157,0.524682,0.311595
ph,381,2018,0.333333,-0.795966,False,False,False,False,False,0.431592,0.524682,0.311595
ph,382,2018,0.333333,-0.795966,False,False,False,False,False,0.411941,0.524682,0.311595
ph,383,2018,0.416667,-0.013815,False,False,False,False,False,0.412886,0.524682,0.311595
ph,384,2018,0.333333,-0.795966,False,False,False,False,False,0.396975,0.524682,0.311595
ph,385,2018,0.5,0.768336,False,False,False,False,False,0.41758,0.524682,0.311595
ph,386,2018,0.333333,-0.795966,False,False,False,False,False,0.400731,0.524682,0.311595
ph,387,2018,0.5,0.768336,False,False,False,False,False,0.420585,0.524682,0.311595
ph,388,2018,0.25,-1.578117,False,False,False,False,False,0.386468,0.524682,0.311595
ph,389,2018,0.416667,-0.013815,False,False,False,False,False,0.392508,0.524682,0.311595
ph,390,2018,0.333333,-0.795966,False,False,False,False,False,0.380673,0.524682,0.311595
ph,391,2018,0.416667,-0.013815,False,False,False,False,False,0.387871,0.524682,0.311595
ph,392,2018,0.416667,-0.013815,False,False,False,False,False,0.393631,0.524682,0.311595
ph,393,2018,0.416667,-0.013815,False,False,False,False,False,0.398238,0.524682,0.311595
ph,394,2018,0.5,0.768336,False,False,False,False,False,0.41859,0.524682,0.311595
ph,395,2018,0.333333,-0.795966,False,False,False,False,False,0.401539,0.524682,0.311595
ph,396,2018,0.416667,-0.013815,False,False,False,False,False,0.404564,0.524682,0.311595
ph,397,2018,0.333333,-0.795966,False,False,False,False,False,0.390318,0.524682,0.311595
ph,398,2018,0.416667,-0.013815,False,False,False,False,False,0.395588,0.524682,0.311595
ph,399,2018,0.5,0.768336,False,False,False,False,False,0.41647,0.524682,0.311595
ph,400,2018,0.166667,-2.360268,False,False,False,False,False,0.36651,0.524682,0.311595
ph,401,2018,0.416667,-0.013815,False,False,False,False,False,0.376541,0.524682,0.311595
ph,402,2018,0.333333,-0.795966,False,False,False,False,False,0.367899,0.524682,0.311595
ph,403,2018,0.333333,-0.795966,False,False,False,False,False,0.360986,0.524682,0.311595
ph,404,2018,0.416667,-0.013815,False,False,False,False,False,0.372122,0.524682,0.311595
ph,405,2018,0.5,0.768336,False,False,False,False,False,0.397698,0.524682,0.311595
ph,406,2018,0.333333,-0.795966,False,False,False,False,False,0.384825,0.524682,0.311595
ph,407,2018,0.416667,-0.013815,False,False,False,False,False,0.391193,0.524682,0.311595
ph,408,2018,0.333333,-0.795966,False,False,False,False,False,0.379621,0.524682,0.311595
ph,409,2018,0.416667,-0.013815,False,False,False,False,False,0.38703,0.524682,0.311595
ph,410,2018,0.416667,-0.013815,False,False,False,False,False,0.392958,0.524682,0.311595
ph,411,2018,0.416667,-0.013815,False,False,False,False,False,0.397699,0.524682,0.311595
ph,412,2018,0.333333,-0.795966,False,False,False,False,False,0.384826,0.524682,0.311595
ph,413,2018,0.416667,-0.013815,False,False,False,False,False,0.391194,0.524682,0.311595
ph,414,2018,0.5,0.768336,False,False,False,False,False,0.412955,0.524682,0.311595
ph,415,2019,0.5,0.768336,False,False,False,False,False,0.430364,0.524682,0.311595
ph,416,2019,0.416667,-0.013815,False,False,False,False,False,0.427625,0.524682,0.311595
ph,417,2019,0.5,0.768336,False,False,False,False,False,0.4421,0.524682,0.311595
ph,418,2019,0.5,0.768336,False,False,False,False,False,0.45368,0.524682,0.311595
ph,419,2019,0.5,0.768336,False,False,False,False,False,0.462944,0.524682,0.311595
ph,420,2019,0.333333,-0.795966,False,False,False,False,False,0.437022,0.524682,0.311595
ph,421,2019,0.416667,-0.013815,False,False,False,False,False,0.432951,0.524682,0.311595
ph,422,2019,0.416667,-0.013815,False,False,False,False,False,0.429694,0.524682,0.311595
ph,423,2019,0.416667,-0.013815,False,False,False,False,False,0.427088,0.524682,0.311595
ph,424,2019,0.583333,1.550487,False,False,False,False,False,0.458337,0.524682,0.311595
ph,425,2019,0.333333,-0.795966,False,False,False,False,False,0.433337,0.524682,0.311595
ph,426,2019,0.583333,1.550487,False,False,False,False,False,0.463336,0.524682,0.311595
ph,427,2019,0.583333,1.550487,False,False,False,False,False,0.487335,0.524682,0.311595
ph,428,2019,0.5,0.768336,False,False,False,False,False,0.489868,0.524682,0.311595
ph,429,2019,0.5,0.768336,False,False,False,False,False,0.491895,0.524682,0.311595
ph,430,2019,0.5,0.768336,False,False,False,False,False,0.493516,0.524682,0.311595
ph,431,2019,0.416667,-0.013815,False,False,False,False,False,0.478146,0.524682,0.311595
ph,432,2019,0.25,-1.578117,False,False,False,False,False,0.432517,0.524682,0.311595
ph,433,2019,0.333333,-0.795966,False,False,False,False,False,0.41268,0.524682,0.311595
ph,434,2019,0.166667,-2.360268,False,False,False,False,False,0.363477,0.524682,0.311595
ph,435,2019,0.416667,-0.013815,False,False,False,False,False,0.374115,0.524682,0.311595
ph,436,2019,0.416667,-0.013815,False,False,False,False,False,0.382626,0.524682,0.311595
ph,437,2019,0.416667,-0.013815,False,False,False,False,False,0.389434,0.524682,0.311595
ph,438,2019,0.416667,-0.013815,False,False,False,False,False,0.39488,0.524682,0.311595
ph,439,2019,0.333333,-0.795966,False,True,False,False,False,0.382571,0.524682,0.311595
ph,440,2019,0.25,-1.578117,False,True,False,False,False,0.356057,0.524682,0.311595
ph,441,2019,0.416667,-0.013815,False,True,False,False,False,0.368179,0.524682,0.311595
ph,442,2019,0.416667,-0.013815,False,True,False,False,False,0.377876,0.524682,0.311595
ph,443,2019,0.416667,-0.013815,False,True,False,False,False,0.385634,0.524682,0.311595
ph,444,2019,0.25,-1.578117,False,True,False,False,False,0.358508,0.524682,0.311595
ph,445,2019,0.416667,-0.013815,False,True,False,False,False,0.370139,0.524682,0.311595
ph,446,2019,0.25,-1.578117,False,True,False,False,False,0.346111,0.524682,0.311595
ph,447,2019,0.583333,1.550487,False,False,False,False,False,0.393556,0.524682,0.311595
ph,448,2019,0.333333,-0.795966,False,False,False,False,False,0.381511,0.524682,0.311595
ph,449,2019,0.333333,-0.795966,False,False,False,False,False,0.371876,0.524682,0.311595
ph,450,2019,0.166667,-2.360268,False,False,False,False,False,0.330834,0.524682,0.311595
ph,451,2019,0.416667,-0.013815,False,False,False,False,False,0.348,0.524682,0.311595
ph,452,2019,0.416667,-0.013815,False,False,False,False,False,0.361734,0.524682,0.311595
ph,453,2019,0.583333,1.550487,False,False,False,False,False,0.406054,0.524682,0.311595
ph,454,2019,0.5,0.768336,False,False,False,False,False,0.424843,0.524682,0.311595
ph,455,2019,0.5,0.768336,False,False,False,False,False,0.439874,0.524682,0.311595
ph,456,2019,0.416667,-0.013815,False,False,False,False,False,0.435233,0.524682,0.311595
ph,457,2019,0.25,-1.578117,False,False,False,False,False,0.398186,0.524682,0.311595
ph,458,2019,0.5,0.768336,False,False,False,False,False,0.418549,0.524682,0.311595
ph,459,2019,0.583333,1.550487,False,False,False,False,False,0.451506,0.524682,0.311595
ph,460,2019,0.416667,-0.013815,False,False,False,False,False,0.444538,0.524682,0.311595
ph,461,2019,0.416667,-0.013815,False,False,False,False,False,0.438964,0.524682,0.311595
ph,462,2019,0.583333,1.550487,False,False,False,False,False,0.467838,0.524682,0.311595
ph,463,2019,0.416667,-0.013815,False,False,False,False,False,0.457603,0.524682,0.311595
ph,464,2019,0.333333,-0.795966,False,False,False,False,False,0.432749,0.524682,0.311595
ph,465,2020,0.333333,-0.795966,False,False,False,False,False,0.412866,0.524682,0.311595
ph,466,2020,0.25,-1.578117,False,False,False,False,False,0.380293,0.524682,0.311595
ph,467,2020,0.25,-1.578117,False,False,False,False,False,0.354234,0.524682,0.311595
ph,468,2020,0.416667,-0.013815,False,False,False,False,False,0.366721,0.524682,0.311595
ph,469,2020,0.333333,-0.795966,False,False,False,False,False,0.360043,0.524682,0.311595
ph,470,2020,0.333333,-0.795966,False,False,False,False,False,0.354701,0.524682,0.311595
ph,471,2020,0.416667,-0.013815,False,True,False,False,False,0.367094,0.524682,0.311595
ph,472,2020,0.583333,1.550487,False,False,False,False,False,0.410342,0.524682,0.311595
ph,473,2020,0.25,-1.578117,False,False,False,False,False,0.378274,0.524682,0.311595
ph,474,2020,0.5,0.768336,False,False,False,False,False,0.402619,0.524682,0.311595
ph,475,2020,0.333333,-0.795966,False,False,False,False,False,0.388762,0.524682,0.311595
ph,476,2020,0.416667,-0.013815,False,False,False,False,False,0.394343,0.524682,0.311595
ph,477,2020,0.416667,-0.013815,False,False,False,False,False,0.398808,0.524682,0.311595
ph,478,2020,0.416667,-0.013815,False,False,False,False,False,0.402379,0.524682,0.311595
ph,479,2020,0.666667,2.332638,False,False,False,False,False,0.455237,0.524682,0.311595
ph,480,2020,0.666667,2.332638,False,False,False,True,False,0.497523,0.524682,0.311595
ph,481,2020,0.416667,-0.013815,False,False,False,True,False,0.481352,0.524682,0.311595
ph,482,2020,0.5,0.768336,False,False,False,False,False,0.485081,0.524682,0.311595
ph,483,2020,0.416667,-0.013815,False,False,False,False,False,0.471398,0.524682,0.311595
ph,484,2020,0.333333,-0.795966,False,False,False,False,False,0.443785,0.524682,0.311595
ph,485,2020,0.583333,1.550487,False,False,False,False,False,0.471695,0.524682,0.311595
ph,486,2020,0.5,0.768336,False,False,False,False,False,0.477356,0.524682,0.311595
ph,487,2020,0.416667,-0.013815,False,False,False,False,False,0.465218,0.524682,0.311595
ph,488,2020,0.5,0.768336,False,False,False,False,False,0.472174,0.524682,0.311595
ph,489,2020,0.416667,-0.013815,False,False,False,False,False,0.461073,0.524682,0.311595
ph,490,2020,0.583333,1.550487,False,False,False,False,False,0.485525,0.524682,0.311595
ph,491,2020,0.333333,-0.795966,False,False,False,False,False,0.455087,0.524682,0.311595
ph,492,2020,0.5,0.768336,False,False,False,False,False,0.464069,0.524682,0.311595
ph,493,2020,0.333333,-0.795966,False,False,False,False,False,0.437922,0.524682,0.311595
ph,494,2020,0.416667,-0.013815,False,False,False,False,False,0.433671,0.524682,0.311595
ph,495,2020,0.416667,-0.013815,False,False,False,False,False,0.43027,0.524682,0.311595
ph,496,2020,0.416667,-0.013815,False,False,False,False,False,0.427549,0.524682,0.311595
ph,497,2020,0.333333,-0.795966,False,False,False,False,False,0.408706,0.524682,0.311595
ph,498,2020,0.5,0.768336,False,False,False,False,False,0.426965,0.524682,0.311595
ph,499,2020,0.416667,-0.013815,False,False,False,False,False,0.424905,0.524682,0.311595
ph,500,2020,0.5,0.768336,False,False,False,False,False,0.439924,0.524682,0.311595
ph,501,2020,0.333333,-0.795966,False,False,False,False,False,0.418606,0.524682,0.311595
ph,502,2020,0.416667,-0.013815,False,False,False,False,False,0.418218,0.524682,0.311595
ph,503,2020,0.333333,-0.795966,False,False,False,False,False,0.401241,0.524682,0.311595
ph,504,2020,0.5,0.768336,False,False,False,False,False,0.420993,0.524682,0.311595
ph,505,2020,0.416667,-0.013815,False,False,False,False,False,0.420128,0.524682,0.311595
ph,506,2020,0.416667,-0.013815,False,False,False,False,False,0.419436,0.524682,0.311595
ph,507,2021,0.416667,-0.013815,False,False,False,False,False,0.418882,0.524682,0.311595
ph,508,2021,0.666667,2.332638,False,False,False,False,False,0.468439,0.524682,0.311595
ph,509,2021,0.333333,-0.795966,False,False,False,False,False,0.441418,0.524682,0.311595
ph,510,2021,0.333333,-0.795966,False,False,False,False,False,0.419801,0.524682,0.311595
ph,511,2021,0.416667,-0.013815,False,False,False,False,False,0.419174,0.524682,0.311595
ph,512,2021,0.666667,2.332638,False,False,False,False,False,0.468673,0.524682,0.311595
ph,513,2021,0.25,-1.578117,False,False,False,False,False,0.424938,0.524682,0.311595
ph,514,2021,0.25,-1.578117,False,False,False,False,False,0.38995,0.524682,0.311595
ph,515,2021,0.5,0.768336,False,False,False,False,False,0.41196,0.524682,0.311595
ph,516,2021,0.5,0.768336,False,False,False,False,False,0.429568,0.524682,0.311595
ph,517,2021,0.333333,-0.795966,False,False,False,False,False,0.410321,0.524682,0.311595
ph,518,2021,0.583333,1.550487,False,False,False,False,False,0.444924,0.524682,0.311595
ph,519,2021,0.583333,1.550487,False,False,False,False,False,0.472606,0.524682,0.311595
ph,520,2021,0.333333,-0.795966,False,False,False,False,False,0.444751,0.524682,0.311595
ph,521,2021,0.416667,-0.013815,False,False,False,False,False,0.439134,0.524682,0.311595
ph,522,2021,0.416667,-0.013815,False,False,False,False,False,0.434641,0.524682,0.311595
ph,523,2021,0.5,0.768336,False,False,False,False,False,0.447713,0.524682,0.311595
ph,524,2021,0.5,0.768336,False,False,False,False,False,0.45817,0.524682,0.311595
ph,525,2021,0.333333,-0.795966,False,False,False,False,False,0.433203,0.524682,0.311595
ph,526,2021,0.5,0.768336,False,False,False,False,False,0.446562,0.524682,0.311595
ph,527,2021,0.5,0.768336,False,False,False,False,False,0.45725,0.524682,0.311595
ph,528,2021,0.5,0.768336,False,False,False,False,False,0.4658,0.524682,0.311595
ph,529,2021,0.416667,-0.013815,False,False,False,False,False,0.455973,0.524682,0.311595
ph,530,2021,0.416667,-0.013815,False,False,False,False,False,0.448112,0.524682,0.311595
ph,531,2021,0.416667,-0.013815,False,False,False,False,False,0.441823,0.524682,0.311595
ph,532,2021,0.333333,-0.795966,False,False,False,False,False,0.420125,0.524682,0.311595
ph,533,2021,0.416667,-0.013815,False,False,False,False,False,0.419433,0.524682,0.311595
ph,534,2021,0.25,-1.578117,False,False,False,False,False,0.385547,0.524682,0.311595
ph,535,2021,0.333333,-0.795966,False,False,False,False,False,0.375104,0.524682,0.311595
ph,536,2021,0.333333,-0.795966,False,False,False,False,False,0.36675,0.524682,0.311595
ph,537,2021,0.25,-1.578117,False,True,False,False,False,0.3434,0.524682,0.311595
ph,538,2021,0.416667,-0.013815,False,True,False,False,False,0.358053,0.524682,0.311595
ph,539,2021,0.416667,-0.013815,False,True,False,False,False,0.369776,0.524682,0.311595
ph,540,2021,0.333333,-0.795966,False,True,False,False,False,0.362487,0.524682,0.311595
ph,541,2021,0.5,0.768336,False,False,False,False,False,0.38999,0.524682,0.311595
ph,542,2021,0.416667,-0.013815,False,False,False,False,False,0.395325,0.524682,0.311595
ph,543,2022,0.583333,1.550487,False,False,False,False,False,0.432927,0.524682,0.311595
ph,544,2022,0.5,0.768336,False,False,False,False,False,0.446342,0.524682,0.311595
ph,545,2022,0.25,-1.578117,False,False,False,False,False,0.407073,0.524682,0.311595
ph,546,2022,0.416667,-0.013815,False,False,False,False,False,0.408992,0.524682,0.311595
ph,547,2022,0.5,0.768336,False,False,False,False,False,0.427194,0.524682,0.311595
ph,548,2022,0.25,-1.578117,False,False,False,False,False,0.391755,0.524682,0.311595
ph,549,2022,0.333333,-0.795966,False,False,False,False,False,0.380071,0.524682,0.311595
ph,550,2022,0.166667,-2.360268,False,False,False,False,False,0.33739,0.524682,0.311595
ph,551,2022,0.416667,-0.013815,False,False,False,False,False,0.353245,0.524682,0.311595
ph,552,2022,0.416667,-0.013815,False,False,False,False,False,0.365929,0.524682,0.311595
ph,553,2022,0.333333,-0.795966,False,False,False,False,False,0.35941,0.524682,0.311595
ph,554,2022,0.5,0.768336,False,False,False,False,False,0.387528,0.524682,0.311595
ph,555,2022,0.416667,-0.013815,False,False,False,False,False,0.393356,0.524682,0.311595
ph,556,2022,0.5,0.768336,False,False,False,False,False,0.414685,0.524682,0.311595
ph,557,2022,0.583333,1.550487,False,False,False,False,False,0.448414,0.524682,0.311595
ph,558,2022,0.416667,-0.013815,False,False,False,False,False,0.442065,0.524682,0.311595
ph,559,2022,0.333333,-0.795966,False,False,False,False,False,0.420319,0.524682,0.311595
ph,560,2022,0.416667,-0.013815,False,False,False,False,False,0.419588,0.524682,0.311595
ph,561,2022,0.416667,-0.013815,False,False,False,False,False,0.419004,0.524682,0.311595
ph,562,2022,0.333333,-0.795966,False,False,False,False,False,0.40187,0.524682,0.311595
ph,563,2022,0.5,0.768336,False,False,False,False,False,0.421496,0.524682,0.311595
ph,564,2022,0.333333,-0.795966,False,False,False,False,False,0.403863,0.524682,0.311595
ph,565,2022,0.5,0.768336,False,False,False,False,False,0.423091,0.524682,0.311595
ph,566,2022,0.416667,-0.013815,False,False,False,False,False,0.421806,0.524682,0.311595
ph,567,2022,0.25,-1.578117,False,False,False,False,False,0.387445,0.524682,0.311595
ph,568,2022,0.666667,2.332638,False,False,False,False,False,0.443289,0.524682,0.311595
ph,569,2022,0.333333,-0.795966,False,False,False,False,False,0.421298,0.524682,0.311595
ph,570,2022,0.333333,-0.795966,False,False,False,False,False,0.403705,0.524682,0.311595
ph,571,2022,0.5,0.768336,False,False,False,False,False,0.422964,0.524682,0.311595
ph,572,2022,0.333333,-0.795966,False,False,False,False,False,0.405038,0.524682,0.311595
ph,573,2022,0.416667,-0.013815,False,False,False,False,False,0.407364,0.524682,0.311595
ph,574,2022,0.25,-1.578117,False,False,False,False,False,0.375891,0.524682,0.311595
ph,575,2022,0.416667,-0.013815,False,False,False,False,False,0.384046,0.524682,0.311595
ph,576,2022,0.416667,-0.013815,False,False,False,False,False,0.39057,0.524682,0.311595
ph,577,2022,0.583333,1.550487,False,False,False,False,False,0.429123,0.524682,0.311595
ph,578,2022,0.5,0.768336,False,False,False,False,False,0.443298,0.524682,0.311595
ph,579,2022,0.416667,-0.013815,False,False,False,False,False,0.437972,0.524682,0.311595
ph,580,2022,0.416667,-0.013815,False,False,False,False,False,0.433711,0.524682,0.311595
ph,581,2022,0.416667,-0.013815,False,False,False,False,False,0.430302,0.524682,0.311595
ph,582,2022,0.416667,-0.013815,False,False,False,False,False,0.427575,0.524682,0.311595
ph,583,2022,0.416667,-0.013815,False,False,False,False,False,0.425393,0.524682,0.311595
ph,584,2022,0.333333,-0.795966,False,False,False,False,False,0.406981,0.524682,0.311595
ph,585,2022,0.5,0.768336,False,False,False,False,False,0.425585,0.524682,0.311595
ph,586,2022,0.5,0.768336,False,False,False,False,False,0.440468,0.524682,0.311595
ph,587,2022,0.333333,-0.795966,False,False,False,False,False,0.419041,0.524682,0.311595
ph,588,2022,0.5,0.768336,False,False,False,False,False,0.435233,0.524682,0.311595
ph,589,2022,0.666667,2.332638,False,False,False,False,False,0.48152,0.524682,0.311595
ph,590,2023,0.416667,-0.013815,False,False,False,False,False,0.468549,0.524682,0.311595
ph,591,2023,0.416667,-0.013815,False,False,False,False,False,0.458173,0.524682,0.311595
ph,592,2023,0.333333,-0.795966,False,False,False,False,False,0.433205,0.524682,0.311595
ph,593,2023,0.416667,-0.013815,False,False,False,False,False,0.429897,0.524682,0.311595
ph,594,2023,0.5,0.768336,False,False,False,False,False,0.443918,0.524682,0.311595
ph,595,2023,0.333333,-0.795966,False,False,False,False,False,0.421801,0.524682,0.311595
ph,596,2023,0.583333,1.550487,False,False,False,False,False,0.454107,0.524682,0.311595
ph,597,2023,0.416667,-0.013815,False,False,False,False,False,0.446619,0.524682,0.311595
ph,598,2023,0.416667,-0.013815,False,False,False,False,False,0.440629,0.524682,0.311595
ph,599,2023,0.5,0.768336,False,False,False,False,False,0.452503,0.524682,0.311595
ph,600,2023,0.333333,-0.795966,False,False,False,False,False,0.428669,0.524682,0.311595
ph,601,2024,0.25,-1.578117,False,False,False,False,False,0.392935,0.524682,0.311595
ph,602,2024,0.25,-1.578117,False,False,False,False,False,0.364348,0.524682,0.311595
ph,603,2024,0.416667,-0.013815,False,False,False,False,False,0.374812,0.524682,0.311595
ph,604,2024,0.25,-1.578117,False,False,False,False,False,0.349849,0.524682,0.311595
ph,605,2024,0.25,-1.578117,False,False,False,False,False,0.32988,0.524682,0.311595
ph,606,2024,0.333333,-0.795966,False,False,False,False,False,0.33057,0.524682,0.311595
ph,607,2024,0.5,0.768336,False,False,False,False,False,0.364456,0.524682,0.311595
ph,608,2024,0.416667,-0.013815,False,False,False,False,False,0.374898,0.524682,0.311595
ph,609,2024,0.416667,-0.013815,False,False,False,False,False,0.383252,0.524682,0.311595
ph,610,2024,0.5,0.768336,False,False,False,False,False,0.406602,0.524682,0.311595
ph,611,2024,0.5,0.768336,False,False,False,False,False,0.425281,0.524682,0.311595
ph,612,2024,0.333333,-0.795966,False,False,False,False,False,0.406892,0.524682,0.311595
ph,613,2024,0.5,0.768336,False,False,False,False,False,0.425513,0.524682,0.311595
ph,614,2024,0.416667,-0.013815,False,False,False,False,False,0.423744,0.524682,0.311595
ph,615,2024,0.5,0.768336,False,False,False,False,False,0.438995,0.524682,0.311595
ph,616,2024,0.416667,-0.013815,False,False,False,False,False,0.43453,0.524682,0.311595
ph,617,2024,0.333333,-0.795966,False,False,False,False,False,0.41429,0.524682,0.311595
ph,618,2024,0.333333,-0.795966,False,False,False,False,False,0.398099,0.524682,0.311595
ph,619,2024,0.416667,-0.013815,False,False,False,False,False,0.401812,0.524682,0.311595
ph,620,2024,0.583333,1.550487,False,False,False,False,False,0.438117,0.524682,0.311595
ph,621,2024,0.333333,-0.795966,False,False,False,False,False,0.41716,0.524682,0.311595
ph,622,2024,0.416667,-0.013815,False,False,False,False,False,0.417061,0.524682,0.311595
ph,623,2024,0.5,0.768336,False,False,False,False,False,0.433649,0.524682,0.311595
ph,624,2024,0.333333,-0.795966,False,False,False,False,False,0.413586,0.524682,0.311595
ph,625,2024,0.583333,1.550487,False,False,False,False,False,0.447535,0.524682,0.311595
ph,626,2024,0.5,0.768336,False,False,False,False,False,0.458028,0.524682,0.311595
ph,627,2024,0.416667,-0.013815,False,False,False,False,False,0.449756,0.524682,0.311595
ph,628,2024,0.416667,-0.013815,False,False,False,False,False,0.443138,0.524682,0.311595
ph,629,2024,0.416667,-0.013815,False,False,False,False,False,0.437844,0.524682,0.311595
ph,630,2024,0.416667,-0.013815,False,False,False,False,False,0.433608,0.524682,0.311595
ph,631,2024,0.5,0.768336,False,False,False,False,False,0.446887,0.524682,0.311595
ph,632,2024,0.583333,1.550487,False,False,False,False,False,0.474176,0.524682,0.311595
ph,633,2024,0.333333,-0.795966,False,False,False,False,False,0.446007,0.524682,0.311595
ph,634,2024,0.333333,-0.795966,False,False,False,False,False,0.423473,0.524682,0.311595
ph,635,2024,0.583333,1.550487,False,False,False,False,False,0.455445,0.524682,0.311595
ph,636,2024,0.666667,2.332638,False,False,False,False,False,0.497689,0.524682,0.311595
ph,637,2024,0.333333,-0.795966,False,False,False,False,False,0.464818,0.524682,0.311595
ph,638,2024,0.5,0.768336,False,False,False,False,False,0.471854,0.524682,0.311595
ph,639,2024,0.5,0.768336,False,False,False,False,False,0.477484,0.524682,0.311595
ph,640,2024,0.583333,1.550487,False,False,False,False,False,0.498653,0.524682,0.311595
ph,641,2024,0.666667,2.332638,False,False,False,False,True,0.532256,0.524682,0.311595
ph,642,2024,0.75,3.114789,True,False,False,True,True,0.575805,0.524682,0.311595
ph,643,2024,0.416667,-0.013815,False,False,False,True,True,0.543977,0.524682,0.311595
ph,644,2024,0.416667,-0.013815,False,False,False,False,False,0.518515,0.524682,0.311595
ph,645,2024,0.5,0.768336,False,False,False,False,False,0.514812,0.524682,0.311595
ph,646,2024,0.333333,-0.795966,False,False,False,False,False,0.478516,0.524682,0.311595
ph,647,2024,0.333333,-0.795966,False,False,False,False,False,0.44948,0.524682,0.311595
ph,648,2024,0.5,0.768336,False,False,False,False,False,0.459584,0.524682,0.311595
ph,649,2024,0.5,0.768336,False,False,False,False,False,0.467667,0.524682,0.311595
ph,650,2024,0.333333,-0.795966,False,False,False,False,False,0.4408,0.524682,0.311595
ph,651,2024,0.333333,-0.795966,False,False,False,False,False,0.419307,0.524682,0.311595
ph,652,2024,0.333333,-0.795966,False,False,False,False,False,0.402112,0.524682,0.311595
ph,653,2024,0.333333,-0.795966,False,False,False,False,False,0.388356,0.524682,0.311595
ph,654,2024,0.166667,-2.360268,False,False,False,False,False,0.344018,0.524682,0.311595
ph,655,2024,0.5,0.768336,False,False,False,False,False,0.375215,0.524682,0.311595
ph,656,2024,0.583333,1.550487,False,False,False,False,False,0.416838,0.524682,0.311595
ph,657,2024,0.416667,-0.013815,False,False,False,False,False,0.416804,0.524682,0.311595
ph,658,2024,0.333333,-0.795966,False,False,False,False,False,0.40011,0.524682,0.311595
ph,659,2024,0.333333,-0.795966,False,False,False,False,False,0.386755,0.524682,0.311595
ph,660,2024,0.416667,-0.013815,False,False,False,False,False,0.392737,0.524682,0.311595
ph,661,2024,0.416667,-0.013815,False,False,False,False,False,0.397523,0.524682,0.311595
ph,662,2024,0.333333,-0.795966,False,False,False,False,False,0.384685,0.524682,0.311595
ph,663,2024,0.416667,-0.013815,False,False,False,False,False,0.391081,0.524682,0.311595
ph,664,2024,0.5,0.768336,False,False,False,False,False,0.412865,0.524682,0.311595
ph,665,2024,0.416667,-0.013815,False,False,False,False,False,0.413625,0.524682,0.311595
ph,666,2024,0.333333,-0.795966,False,False,False,False,False,0.397567,0.524682,0.311595
ph,667,2024,0.333333,-0.795966,False,False,False,False,False,0.38472,0.524682,0.311595
ph,668,2024,0.333333,-0.795966,False,False,False,False,False,0.374443,0.524682,0.311595
ph,669,2024,0.666667,2.332638,False,False,False,False,False,0.432888,0.524682,0.311595
ph,670,2024,0.583333,1.550487,False,False,False,False,False,0.462977,0.524682,0.311595
ph,671,2024,0.5,0.768336,False,False,False,False,False,0.470381,0.524682,0.311595
ph,672,2024,0.416667,-0.013815,False,False,False,False,False,0.459638,0.524682,0.311595
ph,673,2024,0.5,0.768336,False,False,False,False,False,0.467711,0.524682,0.311595
ph,674,2024,0.583333,1.550487,False,False,False,False,False,0.490835,0.524682,0.311595
ph,675,2024,0.5,0.768336,False,False,False,False,False,0.492668,0.524682,0.311595
ph,676,2024,0.5,0.768336,False,False,False,False,False,0.494135,0.524682,0.311595
ph,677,2024,0.416667,-0.013815,False,False,False,False,False,0.478641,0.524682,0.311595
ph,678,2024,0.333333,-0.795966,False,False,False,False,False,0.449579,0.524682,0.311595
ph,679,2024,0.416667,-0.013815,False,False,False,False,False,0.442997,0.524682,0.311595
ph,680,2024,0.333333,-0.795966,False,False,False,False,False,0.421064,0.524682,0.311595
ph,681,2024,0.416667,-0.013815,False,False,False,False,False,0.420185,0.524682,0.311595
ph,682,2024,0.333333,-0.795966,False,False,False,False,False,0.402814,0.524682,0.311595
ph,683,2024,0.416667,-0.013815,False,False,False,False,False,0.405585,0.524682,0.311595
ph,684,2024,0.333333,-0.795966,False,False,False,False,False,0.391135,0.524682,0.311595
ph,685,2024,0.5,0.768336,False,False,False,False,False,0.412908,0.524682,0.311595
ph,686,2024,0.583333,1.550487,False,False,False,False,False,0.446993,0.524682,0.311595
ph,687,2024,0.333333,-0.795966,False,False,False,False,False,0.424261,0.524682,0.311595
ph,688,2024,0.416667,-0.013815,False,False,False,False,False,0.422742,0.524682,0.311595
ph,689,2024,0.583333,1.550487,False,False,False,False,False,0.45486,0.524682,0.311595
ph,690,2025,0.333333,-0.795966,False,False,False,False,False,0.430555,0.524682,0.311595
ph,691,2025,0.583333,1.550487,False,False,False,False,False,0.461111,0.524682,0.311595
ph,692,2025,0.5,0.768336,False,False,False,False,False,0.468888,0.524682,0.311595
ph,693,2025,0.416667,-0.013815,False,False,False,False,False,0.458444,0.524682,0.311595
ph,694,2025,0.5,0.768336,False,False,False,False,False,0.466755,0.524682,0.311595
ph,695,2025,0.416667,-0.013815,False,False,False,False,False,0.456738,0.524682,0.311595
ph,696,2025,0.333333,-0.795966,False,False,False,False,False,0.432057,0.524682,0.311595
ph,697,2025,0.5,0.768336,False,False,False,False,False,0.445645,0.524682,0.311595
ph,698,2025,0.333333,-0.795966,False,False,False,False,False,0.423183,0.524682,0.311595
ph,699,2025,0.583333,1.550487,False,False,False,False,False,0.455213,0.524682,0.311595
ph,700,2025,0.416667,-0.013815,False,False,False,False,False,0.447504,0.524682,0.311595
ph,701,2025,0.25,-1.578117,False,False,False,False,False,0.408003,0.524682,0.311595
ph,702,2025,0.416667,-0.013815,False,False,False,False,False,0.409736,0.524682,0.311595
ph,703,2025,0.333333,-0.795966,False,False,False,False,False,0.394455,0.524682,0.311595
ph,704,2025,0.333333,-0.795966,False,False,False,False,False,0.382231,0.524682,0.311595
ph,705,2025,0.25,-1.578117,False,False,False,False,False,0.355785,0.524682,0.311595
ph,706,2025,0.333333,-0.795966,False,False,False,False,False,0.351294,0.524682,0.311595
ph,707,2025,0.583333,1.550487,False,False,False,False,False,0.397702,0.524682,0.311595
ph,708,2025,0.333333,-0.795966,False,False,False,False,False,0.384828,0.524682,0.311595
ph,709,2025,0.5,0.768336,False,False,False,False,False,0.407863,0.524682,0.311595
ph,710,2025,0.5,0.768336,False,False,False,False,False,0.42629,0.524682,0.311595
ph,711,2025,0.416667,-0.013815,False,False,False,False,False,0.424365,0.524682,0.311595
ph,712,2025,0.333333,-0.795966,False,False,False,False,False,0.406159,0.524682,0.311595
ph,713,2025,0.416667,-0.013815,False,False,False,False,False,0.408261,0.524682,0.311595
ph,714,2025,0.416667,-0.013815,False,False,False,False,False,0.409942,0.524682,0.311595
ph,715,2025,0.416667,-0.013815,False,False,False,False,False,0.411287,0.524682,0.311595
ph,716,2025,0.333333,-0.795966,False,False,False,False,False,0.395696,0.524682,0.311595
ph,717,2025,0.333333,-0.795966,False,False,False,False,False,0.383224,0.524682,0.311595
ph,718,2025,0.25,-1.578117,False,False,False,False,False,0.356579,0.524682,0.311595
ph,719,2025,0.583333,1.550487,False,False,False,False,False,0.40193,0.524682,0.311595
ph,720,2025,0.416667,-0.013815,False,False,False,False,False,0.404877,0.524682,0.311595
ph,721,2025,0.416667,-0.013815,False,False,False,False,False,0.407235,0.524682,0.311595
ph,722,2025,0.416667,-0.013815,False,False,False,False,False,0.409121,0.524682,0.311595
ph,723,2025,0.666667,2.332638,False,False,False,False,False,0.46063,0.524682,0.311595
ph,724,2025,0.416667,-0.013815,False,False,False,False,False,0.451838,0.524682,0.311595
ph,725,2025,0.416667,-0.013815,False,False,False,False,False,0.444803,0.524682,0.311595
ph,726,2025,0.416667,-0.013815,False,False,False,False,False,0.439176,0.524682,0.311595
ph,727,2025,0.25,-1.578117,False,False,False,False,False,0.401341,0.524682,0.311595
ph,728,2025,0.583333,1.550487,False,False,False,False,False,0.437739,0.524682,0.311595
ph,729,2025,0.416667,-0.013815,False,False,False,False,False,0.433525,0.524682,0.311595
ph,730,2025,0.333333,-0.795966,False,False,False,False,False,0.413487,0.524682,0.311595
ph,731,2025,0.416667,-0.013815,False,False,False,False,False,0.414123,0.524682,0.311595
ph,732,2025,0.416667,-0.013815,False,False,False,False,False,0.414631,0.524682,0.311595
ph,733,2025,0.333333,-0.795966,False,False,False,False,False,0.398372,0.524682,0.311595
ph,734,2025,0.5,0.768336,False,False,False,False,False,0.418697,0.524682,0.311595
ph,735,2025,0.416667,-0.013815,False,False,False,False,False,0.418291,0.524682,0.311595
ph,736,2025,0.333333,-0.795966,False,False,False,False,False,0.4013,0.524682,0.311595
protein_conc,1,2011,0.633333,0.813454,False,False,False,False,False,0.524674,0.597692,0.397326
protein_conc,2,2011,0.3,-1.182886,False,False,False,False,False,0.479739,0.625806,0.369212
protein_conc,3,2011,0.383333,-0.683801,False,False,False,False,False,0.460458,0.640936,0.354082
protein_conc,4,2011,0.683333,1.112905,False,False,False,False,False,0.505033,0.649832,0.345186
protein_conc,5,2011,0.416667,-0.484167,False,False,False,False,False,0.48736,0.655263,0.339756
protein_conc,6,2011,0.533333,0.214552,False,False,False,False,False,0.496554,0.658642,0.336376
protein_conc,7,2011,0.583333,0.514003,False,False,False,False,False,0.51391,0.660768,0.33425
protein_conc,8,2011,0.616667,0.713637,False,False,False,False,False,0.534462,0.662115,0.332904
protein_conc,9,2011,0.483333,-0.084899,False,False,False,False,False,0.524236,0.66297,0.332048
protein_conc,10,2011,0.3,-1.182886,False,False,False,False,False,0.479389,0.663516,0.331502
protein_conc,11,2011,0.666667,1.013088,False,False,False,False,False,0.516844,0.663864,0.331154
protein_conc,12,2011,0.266667,-1.38252,False,False,False,False,False,0.466809,0.664087,0.330932
protein_conc,13,2011,0.45,-0.284533,False,False,False,False,False,0.463447,0.664229,0.330789
protein_conc,14,2011,0.116667,-2.280873,False,False,False,False,False,0.394091,0.66432,0.330698
protein_conc,15,2011,0.466667,-0.184716,False,False,False,False,False,0.408606,0.664378,0.33064
protein_conc,16,2011,0.533333,0.214552,False,False,False,False,False,0.433552,0.664415,0.330603
protein_conc,17,2011,0.533333,0.214552,False,False,False,False,False,0.453508,0.664439,0.330579
protein_conc,18,2011,0.466667,-0.184716,False,False,False,False,False,0.45614,0.664454,0.330564
protein_conc,19,2011,0.683333,1.112905,False,False,False,False,False,0.501578,0.664464,0.330554
protein_conc,20,2011,0.383333,-0.683801,False,False,False,False,False,0.477929,0.66447,0.330548
protein_conc,21,2011,0.233333,-1.582154,False,False,False,False,False,0.42901,0.664474,0.330544
protein_conc,22,2011,0.2,-1.781788,False,False,False,False,False,0.383208,0.664477,0.330541
protein_conc,23,2011,0.416667,-0.484167,False,False,False,False,False,0.3899,0.664478,0.33054
protein_conc,24,2011,0.666667,1.013088,False,False,False,False,False,0.445253,0.664479,0.330539
protein_conc,25,2011,0.35,-0.883435,False,False,False,False,False,0.426203,0.66448,0.330538
protein_conc,26,2011,0.55,0.314369,False,False,False,False,False,0.450962,0.664481,0.330538
protein_conc,27,2011,0.583333,0.514003,False,False,False,False,False,0.477436,0.664481,0.330537
protein_conc,28,2011,0.35,-0.883435,False,False,False,False,False,0.451949,0.664481,0.330537
protein_conc,29,2011,0.366667,-0.783618,False,False,False,False,False,0.434893,0.664481,0.330537
protein_conc,30,2011,0.633333,0.813454,False,False,False,False,False,0.474581,0.664481,0.330537
protein_conc,31,2011,0.433333,-0.38435,False,False,False,False,False,0.466331,0.664481,0.330537
protein_conc,32,2011,0.4,-0.583984,False,False,False,False,False,0.453065,0.664481,0.330537
protein_conc,33,2011,0.466667,-0.184716,False,False,False,False,False,0.455785,0.664481,0.330537
protein_conc,34,2011,0.8,1.811624,False,False,False,False,False,0.524628,0.664481,0.330537
protein_conc,35,2011,0.8,1.811624,False,False,False,False,False,0.579703,0.664481,0.330537
protein_conc,36,2011,0.433333,-0.38435,False,False,False,False,False,0.550429,0.664481,0.330537
protein_conc,37,2011,0.816667,1.911441,False,False,False,False,False,0.603676,0.664481,0.330537
protein_conc,38,2011,0.883333,2.310709,False,False,False,False,False,0.659608,0.664481,0.330537
protein_conc,39,2012,0.383333,-0.683801,False,False,False,False,False,0.604353,0.664481,0.330537
protein_conc,40,2012,0.5,0.014918,False,False,False,False,False,0.583482,0.664481,0.330537
protein_conc,41,2012,0.35,-0.883435,False,False,False,False,False,0.536786,0.664481,0.330537
protein_conc,42,2012,0.716667,1.312539,False,False,False,False,False,0.572762,0.664481,0.330537
protein_conc,43,2012,0.383333,-0.683801,False,False,False,False,False,0.534876,0.664481,0.330537
protein_conc,44,2012,0.55,0.314369,False,False,False,False,False,0.537901,0.664481,0.330537
protein_conc,45,2012,0.366667,-0.783618,False,False,False,False,False,0.503654,0.664481,0.330537
protein_conc,46,2012,0.416667,-0.484167,False,False,False,False,False,0.486257,0.664481,0.330537
protein_conc,47,2012,0.416667,-0.484167,False,False,False,False,False,0.472339,0.664481,0.330537
protein_conc,48,2012,0.483333,-0.084899,False,False,False,False,False,0.474538,0.664481,0.330537
protein_conc,49,2012,0.85,2.111075,False,False,False,False,False,0.54963,0.664481,0.330537
protein_conc,50,2012,0.55,0.314369,False,False,False,False,False,0.549704,0.664481,0.330537
protein_conc,51,2012,0.633333,0.813454,False,False,False,False,False,0.56643,0.664481,0.330537
protein_conc,52,2012,0.383333,-0.683801,False,False,False,False,False,0.529811,0.664481,0.330537
protein_conc,53,2012,0.666667,1.013088,False,False,False,False,False,0.557182,0.664481,0.330537
protein_conc,54,2012,0.516667,0.114735,False,False,False,False,False,0.549079,0.664481,0.330537
protein_conc,55,2012,0.35,-0.883435,False,False,False,False,False,0.509263,0.664481,0.330537
protein_conc,56,2012,0.716667,1.312539,False,False,False,False,False,0.550744,0.664481,0.330537
protein_conc,57,2012,0.566667,0.414186,False,False,False,False,False,0.553928,0.664481,0.330537
protein_conc,58,2012,0.233333,-1.582154,False,False,False,False,False,0.489809,0.664481,0.330537
protein_conc,59,2012,0.45,-0.284533,False,False,False,False,False,0.481847,0.664481,0.330537
protein_conc,60,2012,0.566667,0.414186,False,False,False,False,False,0.498811,0.664481,0.330537
protein_conc,61,2012,0.616667,0.713637,False,False,False,False,False,0.522382,0.664481,0.330537
protein_conc,62,2012,0.533333,0.214552,False,False,False,False,False,0.524573,0.664481,0.330537
protein_conc,63,2012,0.566667,0.414186,False,False,False,False,False,0.532991,0.664481,0.330537
protein_conc,64,2012,0.466667,-0.184716,False,False,False,False,False,0.519726,0.664481,0.330537
protein_conc,65,2012,0.55,0.314369,False,False,False,False,False,0.525781,0.664481,0.330537
protein_conc,66,2012,0.45,-0.284533,False,False,False,False,False,0.510625,0.664481,0.330537
protein_conc,67,2012,0.65,0.913271,False,False,False,False,False,0.5385,0.664481,0.330537
protein_conc,68,2012,0.466667,-0.184716,False,False,False,False,False,0.524133,0.664481,0.330537
protein_conc,69,2012,0.6,0.61382,False,False,False,False,False,0.539307,0.664481,0.330537
protein_conc,70,2012,0.516667,0.114735,False,False,False,False,False,0.534779,0.664481,0.330537
protein_conc,71,2012,0.65,0.913271,False,False,False,False,False,0.557823,0.664481,0.330537
protein_conc,72,2012,0.333333,-0.983252,False,False,False,False,False,0.512925,0.664481,0.330537
protein_conc,73,2012,0.466667,-0.184716,False,False,False,False,False,0.503673,0.664481,0.330537
protein_conc,74,2012,0.433333,-0.38435,False,False,False,False,False,0.489605,0.664481,0.330537
protein_conc,75,2012,0.566667,0.414186,False,False,False,False,False,0.505018,0.664481,0.330537
protein_conc,76,2012,0.466667,-0.184716,False,False,False,False,False,0.497347,0.664481,0.330537
protein_conc,77,2012,0.433333,-0.38435,False,False,False,False,False,0.484545,0.664481,0.330537
protein_conc,78,2012,0.466667,-0.184716,False,False,False,False,False,0.480969,0.664481,0.330537
protein_conc,79,2012,0.65,0.913271,False,False,False,False,False,0.514775,0.664481,0.330537
protein_conc,80,2012,0.066667,-2.580324,False,False,False,False,False,0.425153,0.664481,0.330537
protein_conc,81,2012,0.8,1.811624,False,False,False,False,False,0.500123,0.664481,0.330537
protein_conc,82,2012,0.233333,-1.582154,False,False,False,False,False,0.446765,0.664481,0.330537
protein_conc,83,2013,0.6,0.61382,False,False,False,False,False,0.477412,0.664481,0.330537
protein_conc,84,2013,0.383333,-0.683801,False,False,False,False,False,0.458596,0.664481,0.330537
protein_conc,85,2013,0.516667,0.114735,False,False,False,False,False,0.47021,0.664481,0.330537
protein_conc,86,2013,0.516667,0.114735,False,False,False,False,False,0.479502,0.664481,0.330537
protein_conc,87,2013,0.483333,-0.084899,False,False,False,False,False,0.480268,0.664481,0.330537
protein_conc,88,2013,0.633333,0.813454,False,False,False,False,False,0.510881,0.664481,0.330537
protein_conc,89,2013,0.65,0.913271,False,False,False,False,False,0.538705,0.664481,0.330537
protein_conc,90,2013,0.733333,1.412356,False,False,False,False,False,0.577631,0.664481,0.330537
protein_conc,91,2013,0.3,-1.182886,False,False,False,False,False,0.522104,0.664481,0.330537
protein_conc,92,2013,0.566667,0.414186,False,False,False,False,False,0.531017,0.664481,0.330537
protein_conc,93,2013,0.266667,-1.38252,False,False,False,False,False,0.478147,0.664481,0.330537
protein_conc,94,2013,0.5,0.014918,False,False,False,False,False,0.482517,0.664481,0.330537
protein_conc,95,2013,0.183333,-1.881605,False,False,False,False,False,0.422681,0.664481,0.330537
protein_conc,96,2013,0.333333,-0.983252,False,False,False,False,False,0.404811,0.664481,0.330537
protein_conc,97,2013,0.516667,0.114735,False,False,False,False,False,0.427182,0.664481,0.330537
protein_conc,98,2013,0.6,0.61382,False,False,False,False,False,0.461746,0.664481,0.330537
protein_conc,99,2013,0.383333,-0.683801,False,False,False,False,False,0.446063,0.664481,0.330537
protein_conc,100,2013,0.6,0.61382,False,False,False,False,False,0.476851,0.664481,0.330537
protein_conc,101,2013,0.333333,-0.983252,False,False,False,False,False,0.448147,0.664481,0.330537
protein_conc,102,2013,0.133333,-2.181056,False,False,False,False,False,0.385184,0.664481,0.330537
protein_conc,103,2013,0.716667,1.312539,False,False,False,False,False,0.451481,0.664481,0.330537
protein_conc,104,2013,0.25,-1.482337,False,False,False,False,False,0.411185,0.664481,0.330537
protein_conc,105,2013,0.366667,-0.783618,False,False,False,False,False,0.402281,0.664481,0.330537
protein_conc,106,2013,0.516667,0.114735,False,False,False,False,False,0.425158,0.664481,0.330537
protein_conc,107,2013,0.616667,0.713637,False,False,False,False,False,0.46346,0.664481,0.330537
protein_conc,108,2013,0.75,1.512173,False,False,False,False,False,0.520768,0.664481,0.330537
protein_conc,109,2013,0.416667,-0.484167,False,False,False,False,False,0.499948,0.664481,0.330537
protein_conc,110,2013,0.3,-1.182886,False,False,False,False,False,0.459958,0.664481,0.330537
protein_conc,111,2013,0.15,-2.081239,False,False,False,False,False,0.397967,0.664481,0.330537
protein_conc,112,2013,0.633333,0.813454,False,False,False,False,False,0.44504,0.664481,0.330537
protein_conc,113,2013,0.466667,-0.184716,False,False,False,False,False,0.449365,0.664481,0.330537
protein_conc,114,2013,0.383333,-0.683801,False,False,False,False,False,0.436159,0.664481,0.330537
protein_conc,115,2013,0.283333,-1.282703,False,False,False,False,False,0.405594,0.664481,0.330537
protein_conc,116,2013,0.633333,0.813454,False,False,False,False,False,0.451142,0.664481,0.330537
protein_conc,117,2013,0.316667,-1.083069,False,False,False,False,False,0.424247,0.664481,0.330537
protein_conc,118,2013,0.466667,-0.184716,False,False,False,False,False,0.432731,0.664481,0.330537
protein_conc,119,2013,0.233333,-1.582154,False,False,False,False,False,0.392851,0.664481,0.330537
protein_conc,120,2013,0.55,0.314369,False,False,False,False,False,0.424281,0.664481,0.330537
protein_conc,121,2013,0.6,0.61382,False,False,False,False,False,0.459425,0.664481,0.330537
protein_conc,122,2013,0.416667,-0.484167,False,False,False,False,False,0.450873,0.664481,0.330537
protein_conc,123,2013,0.45,-0.284533,False,False,False,False,False,0.450699,0.664481,0.330537
protein_conc,124,2013,0.4,-0.583984,False,False,False,False,False,0.440559,0.664481,0.330537
protein_conc,125,2013,0.55,0.314369,False,False,False,False,False,0.462447,0.664481,0.330537
protein_conc,126,2013,0.7,1.212722,False,False,False,False,False,0.509958,0.664481,0.330537
protein_conc,127,2013,0.6,0.61382,False,False,False,False,False,0.527966,0.664481,0.330537
protein_conc,128,2013,0.433333,-0.38435,False,False,False,False,False,0.50904,0.664481,0.330537
protein_conc,129,2013,0.683333,1.112905,False,False,False,False,False,0.543898,0.664481,0.330537
protein_conc,130,2013,0.333333,-0.983252,False,False,False,False,False,0.501785,0.664481,0.330537
protein_conc,131,2013,0.433333,-0.38435,False,False,False,False,False,0.488095,0.664481,0.330537
protein_conc,132,2013,0.383333,-0.683801,False,False,False,False,False,0.467143,0.664481,0.330537
protein_conc,133,2013,0.666667,1.013088,False,False,False,False,False,0.507047,0.664481,0.330537
protein_conc,134,2013,0.233333,-1.582154,False,False,False,False,False,0.452305,0.664481,0.330537
protein_conc,135,2014,0.483333,-0.084899,False,False,False,False,False,0.45851,0.664481,0.330537
protein_conc,136,2014,0.516667,0.114735,False,False,False,False,False,0.470142,0.664481,0.330537
protein_conc,137,2014,0.466667,-0.184716,False,False,False,False,False,0.469447,0.664481,0.330537
protein_conc,138,2014,0.266667,-1.38252,False,False,False,False,False,0.428891,0.664481,0.330537
protein_conc,139,2014,0.833333,2.011258,False,False,False,False,False,0.509779,0.664481,0.330537
protein_conc,140,2014,0.9,2.410526,False,False,False,True,False,0.587823,0.664481,0.330537
protein_conc,141,2014,0.533333,0.214552,False,False,False,True,False,0.576925,0.664481,0.330537
protein_conc,142,2014,0.233333,-1.582154,False,False,False,False,False,0.508207,0.664481,0.330537
protein_conc,143,2014,0.3,-1.182886,False,False,False,False,False,0.466566,0.664481,0.330537
protein_conc,144,2014,0.816667,1.911441,False,False,False,False,False,0.536586,0.664481,0.330537
protein_conc,145,2014,0.416667,-0.484167,False,False,False,False,False,0.512602,0.664481,0.330537
protein_conc,146,2014,0.6,0.61382,False,False,False,False,False,0.530082,0.664481,0.330537
protein_conc,147,2014,0.633333,0.813454,False,False,False,False,False,0.550732,0.664481,0.330537
protein_conc,148,2014,0.85,2.111075,False,False,False,False,False,0.610586,0.664481,0.330537
protein_conc,149,2014,0.483333,-0.084899,False,False,False,False,False,0.585135,0.664481,0.330537
protein_conc,150,2014,0.45,-0.284533,False,False,False,False,False,0.558108,0.664481,0.330537
protein_conc,151,2014,0.3,-1.182886,False,False,False,False,False,0.506486,0.664481,0.330537
protein_conc,152,2014,0.3,-1.182886,False,False,False,False,False,0.465189,0.664481,0.330537
protein_conc,153,2014,0.683333,1.112905,False,False,False,False,False,0.508818,0.664481,0.330537
protein_conc,154,2014,0.15,-2.081239,False,False,False,False,False,0.437054,0.664481,0.330537
protein_conc,155,2014,0.65,0.913271,False,False,False,False,False,0.479644,0.664481,0.330537
protein_conc,156,2014,0.416667,-0.484167,False,False,False,False,False,0.467048,0.664481,0.330537
protein_conc,157,2014,0.1,-2.38069,False,False,False,False,False,0.393639,0.664481,0.330537
protein_conc,158,2014,0.766667,1.61199,False,False,False,False,False,0.468244,0.664481,0.330537
protein_conc,159,2014,0.483333,-0.084899,False,False,False,False,False,0.471262,0.664481,0.330537
protein_conc,160,2014,0.416667,-0.484167,False,False,False,False,False,0.460343,0.664481,0.330537
protein_conc,161,2014,0.483333,-0.084899,False,False,False,False,False,0.464941,0.664481,0.330537
protein_conc,162,2014,0.633333,0.813454,False,False,False,False,False,0.498619,0.664481,0.330537
protein_conc,163,2014,0.15,-2.081239,False,False,False,False,False,0.428896,0.664481,0.330537
protein_conc,164,2014,0.483333,-0.084899,False,False,False,False,False,0.439783,0.664481,0.330537
protein_conc,165,2014,0.683333,1.112905,False,False,False,False,False,0.488493,0.664481,0.330537
protein_conc,166,2014,0.3,-1.182886,False,False,False,False,False,0.450795,0.664481,0.330537
protein_conc,167,2014,0.533333,0.214552,False,False,False,False,False,0.467302,0.664481,0.330537
protein_conc,168,2014,0.3,-1.182886,False,False,False,False,False,0.433842,0.664481,0.330537
protein_conc,169,2014,0.516667,0.114735,False,False,False,False,False,0.450407,0.664481,0.330537
protein_conc,170,2014,0.533333,0.214552,False,False,False,False,False,0.466992,0.664481,0.330537
protein_conc,171,2014,0.683333,1.112905,False,False,False,False,False,0.51026,0.664481,0.330537
protein_conc,172,2014,0.333333,-0.983252,False,False,False,False,False,0.474875,0.664481,0.330537
protein_conc,173,2014,0.45,-0.284533,False,False,False,False,False,0.4699,0.664481,0.330537
protein_conc,174,2014,0.433333,-0.38435,False,False,False,False,False,0.462587,0.664481,0.330537
protein_conc,175,2014,0.466667,-0.184716,False,False,False,False,False,0.463403,0.664481,0.330537
protein_conc,176,2014,0.516667,0.114735,False,False,False,False,False,0.474055,0.664481,0.330537
protein_conc,177,2014,0.383333,-0.683801,False,False,False,False,False,0.455911,0.664481,0.330537
protein_conc,178,2014,0.916667,2.510343,False,False,False,False,False,0.548062,0.664481,0.330537
protein_conc,179,2014,0.616667,0.713637,False,False,False,False,False,0.561783,0.664481,0.330537
protein_conc,180,2014,0.716667,1.312539,False,False,False,False,False,0.59276,0.664481,0.330537
protein_conc,181,2014,0.5,0.014918,False,False,False,False,False,0.574208,0.664481,0.330537
protein_conc,182,2014,0.25,-1.482337,False,False,False,False,False,0.509366,0.664481,0.330537
protein_conc,183,2014,0.616667,0.713637,False,False,False,False,False,0.530826,0.664481,0.330537
protein_conc,184,2015,0.6,0.61382,False,False,False,False,False,0.544661,0.664481,0.330537
protein_conc,185,2015,0.366667,-0.783618,False,False,False,False,False,0.509062,0.664481,0.330537
protein_conc,186,2015,0.4,-0.583984,False,False,False,False,False,0.48725,0.664481,0.330537
protein_conc,187,2015,0.4,-0.583984,False,False,False,False,False,0.4698,0.664481,0.330537
protein_conc,188,2015,0.516667,0.114735,False,False,False,False,False,0.479173,0.664481,0.330537
protein_conc,189,2015,0.366667,-0.783618,False,False,False,False,False,0.456672,0.664481,0.330537
protein_conc,190,2015,0.8,1.811624,False,False,False,False,False,0.525337,0.664481,0.330537
protein_conc,191,2015,0.516667,0.114735,False,False,False,False,False,0.523603,0.664481,0.330537
protein_conc,192,2015,0.883333,2.310709,False,False,False,False,False,0.595549,0.664481,0.330537
protein_conc,193,2015,0.6,0.61382,False,False,False,False,False,0.596439,0.664481,0.330537
protein_conc,194,2015,0.366667,-0.783618,False,False,False,False,False,0.550485,0.664481,0.330537
protein_conc,195,2015,0.65,0.913271,False,False,False,False,False,0.570388,0.664481,0.330537
protein_conc,196,2015,0.45,-0.284533,False,False,False,False,False,0.54631,0.664481,0.330537
protein_conc,197,2015,0.383333,-0.683801,False,False,False,False,False,0.513715,0.664481,0.330537
protein_conc,198,2015,0.55,0.314369,False,False,False,False,False,0.520972,0.664481,0.330537
protein_conc,199,2015,0.483333,-0.084899,False,False,False,False,False,0.513444,0.664481,0.330537
protein_conc,200,2015,0.666667,1.013088,False,False,False,False,False,0.544089,0.664481,0.330537
protein_conc,201,2015,0.35,-0.883435,False,False,False,False,False,0.505271,0.664481,0.330537
protein_conc,202,2015,0.416667,-0.484167,False,False,False,False,False,0.48755,0.664481,0.330537
protein_conc,203,2015,0.65,0.913271,False,False,False,False,False,0.52004,0.664481,0.330537
protein_conc,204,2015,0.383333,-0.683801,False,False,False,False,False,0.492699,0.664481,0.330537
protein_conc,205,2015,0.666667,1.013088,False,False,False,False,False,0.527492,0.664481,0.330537
protein_conc,206,2015,0.3,-1.182886,False,False,False,False,False,0.481994,0.664481,0.330537
protein_conc,207,2015,0.383333,-0.683801,False,False,False,False,False,0.462262,0.664481,0.330537
protein_conc,208,2015,0.666667,1.013088,False,False,False,False,False,0.503143,0.664481,0.330537
protein_conc,209,2015,0.05,-2.680141,False,False,False,False,False,0.412514,0.664481,0.330537
protein_conc,210,2015,0.383333,-0.683801,False,False,False,False,False,0.406678,0.664481,0.330537
protein_conc,211,2015,0.566667,0.414186,False,False,False,False,False,0.438676,0.664481,0.330537
protein_conc,212,2015,0.466667,-0.184716,False,False,False,False,False,0.444274,0.664481,0.330537
protein_conc,213,2015,0.433333,-0.38435,False,False,False,False,False,0.442086,0.664481,0.330537
protein_conc,214,2015,0.433333,-0.38435,False,False,False,False,False,0.440335,0.664481,0.330537
protein_conc,215,2015,0.416667,-0.484167,False,False,False,False,False,0.435602,0.664481,0.330537
protein_conc,216,2015,0.583333,0.514003,False,False,False,False,False,0.465148,0.664481,0.330537
protein_conc,217,2015,0.716667,1.312539,False,False,False,False,False,0.515452,0.664481,0.330537
protein_conc,218,2015,0.816667,1.911441,False,False,False,False,False,0.575695,0.664481,0.330537
protein_conc,219,2015,0.916667,2.510343,False,False,False,False,False,0.643889,0.664481,0.330537
protein_conc,220,2015,0.283333,-1.282703,False,False,False,False,False,0.571778,0.664481,0.330537
protein_conc,221,2015,0.316667,-1.083069,False,False,False,False,False,0.520756,0.664481,0.330537
protein_conc,222,2015,0.516667,0.114735,False,False,False,False,False,0.519938,0.664481,0.330537
protein_conc,223,2015,0.55,0.314369,False,False,False,False,False,0.52595,0.664481,0.330537
protein_conc,224,2015,0.366667,-0.783618,False,False,False,False,False,0.494094,0.664481,0.330537
protein_conc,225,2015,0.5,0.014918,False,False,False,False,False,0.495275,0.664481,0.330537
protein_conc,226,2015,0.483333,-0.084899,False,False,False,False,False,0.492887,0.664481,0.330537
protein_conc,227,2015,0.633333,0.813454,False,False,False,False,False,0.520976,0.664481,0.330537
protein_conc,228,2015,0.433333,-0.38435,False,False,False,False,False,0.503447,0.664481,0.330537
protein_conc,229,2015,0.6,0.61382,False,False,False,False,False,0.522758,0.664481,0.330537
protein_conc,230,2015,0.833333,2.011258,False,False,False,False,False,0.584873,0.664481,0.330537
protein_conc,231,2015,0.566667,0.414186,False,False,False,False,False,0.581232,0.664481,0.330537
protein_conc,232,2015,0.55,0.314369,False,False,False,False,False,0.574985,0.664481,0.330537
protein_conc,233,2015,0.516667,0.114735,False,False,False,False,False,0.563322,0.664481,0.330537
protein_conc,234,2015,0.616667,0.713637,False,False,False,False,False,0.573991,0.664481,0.330537
protein_conc,235,2015,0.6,0.61382,False,False,False,False,False,0.579193,0.664481,0.330537
protein_conc,236,2015,0.366667,-0.783618,False,False,False,False,False,0.536687,0.664481,0.330537
protein_conc,237,2015,0.55,0.314369,False,False,False,False,False,0.53935,0.664481,0.330537
protein_conc,238,2015,0.783333,1.711807,False,False,False,False,False,0.588147,0.664481,0.330537
protein_conc,239,2015,0.8,1.811624,False,False,False,False,False,0.630517,0.664481,0.330537
protein_conc,240,2015,0.483333,-0.084899,False,False,False,False,False,0.60108,0.664481,0.330537
protein_conc,241,2016,0.45,-0.284533,False,False,False,False,False,0.570864,0.664481,0.330537
protein_conc,242,2016,0.566667,0.414186,False,False,False,False,False,0.570025,0.664481,0.330537
protein_conc,243,2016,0.366667,-0.783618,False,False,False,False,False,0.529353,0.664481,0.330537
protein_conc,244,2016,0.416667,-0.484167,False,False,False,False,False,0.506816,0.664481,0.330537
protein_conc,245,2016,0.516667,0.114735,False,False,False,False,False,0.508786,0.664481,0.330537
protein_conc,246,2016,0.483333,-0.084899,False,False,False,False,False,0.503696,0.664481,0.330537
protein_conc,247,2016,0.566667,0.414186,False,False,False,False,False,0.51629,0.664481,0.330537
protein_conc,248,2016,0.75,1.512173,False,False,False,False,False,0.563032,0.664481,0.330537
protein_conc,249,2016,0.583333,0.514003,False,False,False,False,False,0.567092,0.664481,0.330537
protein_conc,250,2016,0.766667,1.61199,False,False,False,False,False,0.607007,0.664481,0.330537
protein_conc,251,2016,0.6,0.61382,False,False,False,False,False,0.605606,0.664481,0.330537
protein_conc,252,2016,0.483333,-0.084899,False,False,False,False,False,0.581151,0.664481,0.330537
protein_conc,253,2016,0.666667,1.013088,False,False,False,False,False,0.598254,0.664481,0.330537
protein_conc,254,2016,0.483333,-0.084899,False,False,False,False,False,0.57527,0.664481,0.330537
protein_conc,255,2016,0.416667,-0.484167,False,False,False,False,False,0.543549,0.664481,0.330537
protein_conc,256,2016,0.383333,-0.683801,False,False,False,False,False,0.511506,0.664481,0.330537
protein_conc,257,2016,0.283333,-1.282703,False,False,False,False,False,0.465872,0.664481,0.330537
protein_conc,258,2016,0.566667,0.414186,False,False,False,False,False,0.486031,0.664481,0.330537
protein_conc,259,2016,0.366667,-0.783618,False,False,False,False,False,0.462158,0.664481,0.330537
protein_conc,260,2016,0.666667,1.013088,False,False,False,False,False,0.50306,0.664481,0.330537
protein_conc,261,2016,0.383333,-0.683801,False,False,False,False,False,0.479114,0.664481,0.330537
protein_conc,262,2016,0.75,1.512173,False,False,False,False,False,0.533291,0.664481,0.330537
protein_conc,263,2016,0.4,-0.583984,False,False,False,False,False,0.506633,0.664481,0.330537
protein_conc,264,2016,0.383333,-0.683801,False,False,False,False,False,0.481973,0.664481,0.330537
protein_conc,265,2016,0.7,1.212722,False,False,False,False,False,0.525579,0.664481,0.330537
protein_conc,266,2016,0.2,-1.781788,False,False,False,False,False,0.460463,0.664481,0.330537
protein_conc,267,2016,0.65,0.913271,False,False,False,False,False,0.49837,0.664481,0.330537
protein_conc,268,2016,0.266667,-1.38252,False,False,False,False,False,0.45203,0.664481,0.330537
protein_conc,269,2016,0.533333,0.214552,False,False,False,False,False,0.46829,0.664481,0.330537
protein_conc,270,2016,0.283333,-1.282703,False,False,False,False,False,0.431299,0.664481,0.330537
protein_conc,271,2016,0.6,0.61382,False,False,False,False,False,0.465039,0.664481,0.330537
protein_conc,272,2016,0.616667,0.713637,False,False,False,False,False,0.495365,0.664481,0.330537
protein_conc,273,2016,0.533333,0.214552,False,False,False,False,False,0.502958,0.664481,0.330537
protein_conc,274,2016,0.683333,1.112905,False,False,False,False,False,0.539033,0.664481,0.330537
protein_conc,275,2016,0.166667,-1.981422,False,False,False,False,False,0.46456,0.664481,0.330537
protein_conc,276,2016,0.383333,-0.683801,False,False,False,False,False,0.448315,0.664481,0.330537
protein_conc,277,2016,0.75,1.512173,False,False,False,False,False,0.508652,0.664481,0.330537
protein_conc,278,2016,0.783333,1.711807,False,False,False,False,False,0.563588,0.664481,0.330537
protein_conc,279,2016,0.75,1.512173,False,False,False,False,False,0.60087,0.664481,0.330537
protein_conc,280,2016,0.533333,0.214552,False,False,False,False,False,0.587363,0.664481,0.330537
protein_conc,281,2016,0.383333,-0.683801,False,False,False,False,False,0.546557,0.664481,0.330537
protein_conc,282,2016,0.733333,1.412356,False,False,False,False,False,0.583912,0.664481,0.330537
protein_conc,283,2016,0.583333,0.514003,False,False,False,False,False,0.583797,0.664481,0.330537
protein_conc,284,2016,0.316667,-1.083069,False,False,False,False,False,0.530371,0.664481,0.330537
protein_conc,285,2016,0.516667,0.114735,False,False,False,False,False,0.52763,0.664481,0.330537
protein_conc,286,2016,0.616667,0.713637,False,False,False,False,False,0.545437,0.664481,0.330537
protein_conc,287,2016,0.533333,0.214552,False,False,False,False,False,0.543016,0.664481,0.330537
protein_conc,288,2016,0.466667,-0.184716,False,False,False,False,False,0.527746,0.664481,0.330537
protein_conc,289,2016,0.466667,-0.184716,False,False,False,False,False,0.51553,0.664481,0.330537
protein_conc,290,2016,0.3,-1.182886,False,False,False,False,False,0.472424,0.664481,0.330537
protein_conc,291,2016,0.45,-0.284533,False,False,False,False,False,0.46794,0.664481,0.330537
protein_conc,292,2016,0.516667,0.114735,False,False,False,False,False,0.477685,0.664481,0.330537
protein_conc,293,2016,0.483333,-0.084899,False,False,False,False,False,0.478815,0.664481,0.330537
protein_conc,294,2016,0.7,1.212722,False,False,False,False,False,0.523052,0.664481,0.330537
protein_conc,295,2016,0.4,-0.583984,False,False,False,False,False,0.498441,0.664481,0.330537
protein_conc,296,2016,0.55,0.314369,False,False,False,False,False,0.508753,0.664481,0.330537
protein_conc,297,2016,0.616667,0.713637,False,False,False,False,False,0.530336,0.664481,0.330537
protein_conc,298,2016,0.433333,-0.38435,False,False,False,False,False,0.510935,0.664481,0.330537
protein_conc,299,2016,0.65,0.913271,False,False,False,False,False,0.538748,0.664481,0.330537
protein_conc,300,2016,0.35,-0.883435,False,False,False,False,False,0.500999,0.664481,0.330537
protein_conc,301,2016,0.616667,0.713637,False,False,False,False,False,0.524132,0.664481,0.330537
protein_conc,302,2017,0.3,-1.182886,False,False,False,False,False,0.479306,0.664481,0.330537
protein_conc,303,2017,0.266667,-1.38252,False,False,False,False,False,0.436778,0.664481,0.330537
protein_conc,304,2017,0.416667,-0.484167,False,False,False,False,False,0.432756,0.664481,0.330537
protein_conc,305,2017,0.283333,-1.282703,False,False,False,False,False,0.402871,0.664481,0.330537
protein_conc,306,2017,0.483333,-0.084899,False,False,False,False,False,0.418964,0.664481,0.330537
protein_conc,307,2017,0.833333,2.011258,False,False,False,False,False,0.501838,0.664481,0.330537
protein_conc,308,2017,0.133333,-2.181056,False,False,False,False,False,0.428137,0.664481,0.330537
protein_conc,309,2017,0.283333,-1.282703,False,False,False,False,False,0.399176,0.664481,0.330537
protein_conc,310,2017,0.433333,-0.38435,False,False,False,False,False,0.406008,0.664481,0.330537
protein_conc,311,2017,0.3,-1.182886,False,False,False,False,False,0.384806,0.664481,0.330537
protein_conc,312,2017,0.65,0.913271,False,False,False,False,False,0.437845,0.664481,0.330537
protein_conc,313,2017,0.766667,1.61199,False,False,False,False,False,0.503609,0.664481,0.330537
protein_conc,314,2017,0.45,-0.284533,False,False,False,False,False,0.492887,0.664481,0.330537
protein_conc,315,2017,0.616667,0.713637,False,False,False,False,False,0.517643,0.664481,0.330537
protein_conc,316,2017,0.45,-0.284533,False,False,False,False,False,0.504115,0.664481,0.330537
protein_conc,317,2017,0.4,-0.583984,False,False,False,False,False,0.483292,0.664481,0.330537
protein_conc,318,2017,0.433333,-0.38435,False,False,False,False,False,0.4733,0.664481,0.330537
protein_conc,319,2017,0.733333,1.412356,False,False,False,False,False,0.525307,0.664481,0.330537
protein_conc,320,2017,0.466667,-0.184716,False,False,False,False,False,0.513579,0.664481,0.330537
protein_conc,321,2017,0.416667,-0.484167,False,False,False,False,False,0.494196,0.664481,0.330537
protein_conc,322,2017,0.25,-1.482337,False,False,False,False,False,0.445357,0.664481,0.330537
protein_conc,323,2017,0.483333,-0.084899,False,False,False,False,False,0.452952,0.664481,0.330537
protein_conc,324,2017,0.6,0.61382,False,False,False,False,False,0.482362,0.664481,0.330537
protein_conc,325,2017,0.4,-0.583984,False,False,False,False,False,0.465889,0.664481,0.330537
protein_conc,326,2017,0.466667,-0.184716,False,False,False,False,False,0.466045,0.664481,0.330537
protein_conc,327,2017,0.6,0.61382,False,False,False,False,False,0.492836,0.664481,0.330537
protein_conc,328,2017,0.633333,0.813454,False,False,False,False,False,0.520935,0.664481,0.330537
protein_conc,329,2017,0.75,1.512173,False,False,False,False,False,0.566748,0.664481,0.330537
protein_conc,330,2017,0.533333,0.214552,False,False,False,False,False,0.560065,0.664481,0.330537
protein_conc,331,2017,0.55,0.314369,False,False,False,False,False,0.558052,0.664481,0.330537
protein_conc,332,2017,0.55,0.314369,False,False,False,False,False,0.556442,0.664481,0.330537
protein_conc,333,2017,0.35,-0.883435,False,False,False,False,False,0.515153,0.664481,0.330537
protein_conc,334,2017,0.6,0.61382,False,False,False,False,False,0.532123,0.664481,0.330537
protein_conc,335,2017,0.433333,-0.38435,False,False,False,False,False,0.512365,0.664481,0.330537
protein_conc,336,2017,0.566667,0.414186,False,False,False,False,False,0.523225,0.664481,0.330537
protein_conc,337,2017,0.4,-0.583984,False,False,False,False,False,0.49858,0.664481,0.330537
protein_conc,338,2017,0.283333,-1.282703,False,False,False,False,False,0.455531,0.664481,0.330537
protein_conc,339,2017,0.45,-0.284533,False,False,False,False,False,0.454425,0.664481,0.330537
protein_conc,340,2017,0.35,-0.883435,False,False,False,False,False,0.43354,0.664481,0.330537
protein_conc,341,2017,0.833333,2.011258,False,False,False,False,False,0.513498,0.664481,0.330537
protein_conc,342,2017,0.766667,1.61199,False,False,False,False,False,0.564132,0.664481,0.330537
protein_conc,343,2017,0.3,-1.182886,False,False,False,False,False,0.511306,0.664481,0.330537
protein_conc,344,2017,0.85,2.111075,False,False,False,False,False,0.579045,0.664481,0.330537
protein_conc,345,2017,0.366667,-0.783618,False,False,False,False,False,0.536569,0.664481,0.330537
protein_conc,346,2017,0.8,1.811624,False,False,False,False,False,0.589255,0.664481,0.330537
protein_conc,347,2017,0.5,0.014918,False,False,False,False,False,0.571404,0.664481,0.330537
protein_conc,348,2017,0.416667,-0.484167,False,False,False,False,False,0.540457,0.664481,0.330537
protein_conc,349,2017,0.533333,0.214552,False,False,False,False,False,0.539032,0.664481,0.330537
protein_conc,350,2017,0.65,0.913271,False,False,False,False,False,0.561226,0.664481,0.330537
protein_conc,351,2017,0.183333,-1.881605,False,False,False,False,False,0.485647,0.664481,0.330537
protein_conc,352,2017,0.466667,-0.184716,False,False,False,False,False,0.481851,0.664481,0.330537
protein_conc,353,2017,0.266667,-1.38252,False,False,False,False,False,0.438814,0.664481,0.330537
protein_conc,354,2017,0.4,-0.583984,False,False,False,False,False,0.431051,0.664481,0.330537
protein_conc,355,2017,0.4,-0.583984,False,False,False,False,False,0.424841,0.664481,0.330537
protein_conc,356,2017,0.583333,0.514003,False,False,False,False,False,0.45654,0.664481,0.330537
protein_conc,357,2018,0.516667,0.114735,False,False,False,False,False,0.468565,0.664481,0.330537
protein_conc,358,2018,0.483333,-0.084899,False,False,False,False,False,0.471519,0.664481,0.330537
protein_conc,359,2018,0.3,-1.182886,False,False,False,False,False,0.437215,0.664481,0.330537
protein_conc,360,2018,0.533333,0.214552,False,False,False,False,False,0.456439,0.664481,0.330537
protein_conc,361,2018,0.483333,-0.084899,False,False,False,False,False,0.461818,0.664481,0.330537
protein_conc,362,2018,0.733333,1.412356,False,False,False,False,False,0.516121,0.664481,0.330537
protein_conc,363,2018,0.683333,1.112905,False,False,False,False,False,0.549563,0.664481,0.330537
protein_conc,364,2018,0.283333,-1.282703,False,False,False,False,False,0.496317,0.664481,0.330537
protein_conc,365,2018,0.416667,-0.484167,False,False,False,False,False,0.480387,0.664481,0.330537
protein_conc,366,2018,0.683333,1.112905,False,False,False,False,False,0.520976,0.664481,0.330537
protein_conc,367,2018,0.333333,-0.983252,False,False,False,False,False,0.483448,0.664481,0.330537
protein_conc,368,2018,0.366667,-0.783618,False,False,False,False,False,0.460092,0.664481,0.330537
protein_conc,369,2018,0.383333,-0.683801,False,False,False,False,False,0.44474,0.664481,0.330537
protein_conc,370,2018,0.383333,-0.683801,False,False,False,False,False,0.432459,0.664481,0.330537
protein_conc,371,2018,0.65,0.913271,False,False,False,False,False,0.475967,0.664481,0.330537
protein_conc,372,2018,0.5,0.014918,False,False,False,False,False,0.480773,0.664481,0.330537
protein_conc,373,2018,0.466667,-0.184716,False,False,False,False,False,0.477952,0.664481,0.330537
protein_conc,374,2018,0.683333,1.112905,False,False,False,False,False,0.519028,0.664481,0.330537
protein_conc,375,2018,0.45,-0.284533,False,False,False,False,False,0.505223,0.664481,0.330537
protein_conc,376,2018,0.75,1.512173,False,False,False,False,False,0.554178,0.664481,0.330537
protein_conc,377,2018,0.45,-0.284533,False,False,False,False,False,0.533343,0.664481,0.330537
protein_conc,378,2018,0.3,-1.182886,False,False,False,False,False,0.486674,0.664481,0.330537
protein_conc,379,2018,0.516667,0.114735,False,False,False,False,False,0.492673,0.664481,0.330537
protein_conc,380,2018,0.55,0.314369,False,False,False,False,False,0.504138,0.664481,0.330537
protein_conc,381,2018,0.483333,-0.084899,False,False,False,False,False,0.499977,0.664481,0.330537
protein_conc,382,2018,0.55,0.314369,False,False,False,False,False,0.509982,0.664481,0.330537
protein_conc,383,2018,0.166667,-1.981422,False,False,False,False,False,0.441319,0.664481,0.330537
protein_conc,384,2018,0.233333,-1.582154,False,False,False,False,False,0.399722,0.664481,0.330537
protein_conc,385,2018,0.6,0.61382,False,False,False,False,False,0.439777,0.664481,0.330537
protein_conc,386,2018,0.55,0.314369,False,False,False,False,False,0.461822,0.664481,0.330537
protein_conc,387,2018,0.0,-2.979592,False,False,False,False,False,0.369457,0.664481,0.330537
protein_conc,388,2018,0.7,1.212722,False,False,False,False,False,0.435566,0.664481,0.330537
protein_conc,389,2018,0.566667,0.414186,False,False,False,False,False,0.461786,0.664481,0.330537
protein_conc,390,2018,0.466667,-0.184716,False,False,False,False,False,0.462762,0.664481,0.330537
protein_conc,391,2018,0.466667,-0.184716,False,False,False,False,False,0.463543,0.664481,0.330537
protein_conc,392,2018,0.2,-1.781788,False,False,False,False,False,0.410834,0.664481,0.330537
protein_conc,393,2018,0.383333,-0.683801,False,False,False,False,False,0.405334,0.664481,0.330537
protein_conc,394,2018,0.316667,-1.083069,False,False,False,False,False,0.387601,0.664481,0.330537
protein_conc,395,2018,0.2,-1.781788,False,False,False,False,False,0.350081,0.664481,0.330537
protein_conc,396,2018,0.266667,-1.38252,False,False,False,False,False,0.333398,0.664481,0.330537
protein_conc,397,2018,0.666667,1.013088,False,False,False,False,False,0.400052,0.664481,0.330537
protein_conc,398,2018,0.5,0.014918,False,False,False,False,False,0.420041,0.664481,0.330537
protein_conc,399,2018,0.2,-1.781788,False,False,False,False,False,0.376033,0.664481,0.330537
protein_conc,400,2018,0.383333,-0.683801,False,False,False,False,False,0.377493,0.664481,0.330537
protein_conc,401,2018,0.516667,0.114735,False,False,False,False,False,0.405328,0.664481,0.330537
protein_conc,402,2018,0.433333,-0.38435,False,False,False,False,False,0.410929,0.664481,0.330537
protein_conc,403,2018,0.516667,0.114735,False,False,False,False,False,0.432076,0.664481,0.330537
protein_conc,404,2018,0.683333,1.112905,False,False,False,False,False,0.482328,0.664481,0.330537
protein_conc,405,2018,0.166667,-1.981422,False,False,False,False,False,0.419196,0.664481,0.330537
protein_conc,406,2018,0.366667,-0.783618,False,False,False,False,False,0.40869,0.664481,0.330537
protein_conc,407,2018,0.216667,-1.681971,False,False,False,False,False,0.370285,0.664481,0.330537
protein_conc,408,2018,0.733333,1.412356,False,False,False,False,False,0.442895,0.664481,0.330537
protein_conc,409,2018,0.3,-1.182886,False,False,False,False,False,0.414316,0.664481,0.330537
protein_conc,410,2018,0.683333,1.112905,False,False,False,False,False,0.468119,0.664481,0.330537
protein_conc,411,2018,0.183333,-1.881605,False,False,False,False,False,0.411162,0.664481,0.330537
protein_conc,412,2018,0.65,0.913271,False,False,False,False,False,0.45893,0.664481,0.330537
protein_conc,413,2018,0.7,1.212722,False,False,False,False,False,0.507144,0.664481,0.330537
protein_conc,414,2018,0.516667,0.114735,False,False,False,False,False,0.509048,0.664481,0.330537
protein_conc,415,2019,0.2,-1.781788,False,False,False,False,False,0.447239,0.664481,0.330537
protein_conc,416,2019,0.4,-0.583984,False,False,False,False,False,0.437791,0.664481,0.330537
protein_conc,417,2019,0.3,-1.182886,False,False,False,False,False,0.410233,0.664481,0.330537
protein_conc,418,2019,0.65,0.913271,False,False,False,False,False,0.458186,0.664481,0.330537
protein_conc,419,2019,0.6,0.61382,False,False,False,False,False,0.486549,0.664481,0.330537
protein_conc,420,2019,0.466667,-0.184716,False,False,False,False,False,0.482573,0.664481,0.330537
protein_conc,421,2019,0.65,0.913271,False,False,False,False,False,0.516058,0.664481,0.330537
protein_conc,422,2019,0.566667,0.414186,False,False,False,False,False,0.52618,0.664481,0.330537
protein_conc,423,2019,0.45,-0.284533,False,False,False,False,False,0.510944,0.664481,0.330537
protein_conc,424,2019,0.416667,-0.484167,False,False,False,False,False,0.492088,0.664481,0.330537
protein_conc,425,2019,0.366667,-0.783618,False,False,False,False,False,0.467004,0.664481,0.330537
protein_conc,426,2019,0.516667,0.114735,False,False,False,False,False,0.476937,0.664481,0.330537
protein_conc,427,2019,0.266667,-1.38252,False,False,False,False,False,0.434883,0.664481,0.330537
protein_conc,428,2019,0.533333,0.214552,False,False,False,False,False,0.454573,0.664481,0.330537
protein_conc,429,2019,0.583333,0.514003,False,False,False,False,False,0.480325,0.664481,0.330537
protein_conc,430,2019,0.633333,0.813454,False,False,False,False,False,0.510927,0.664481,0.330537
protein_conc,431,2019,0.466667,-0.184716,False,False,False,False,False,0.502075,0.664481,0.330537
protein_conc,432,2019,0.583333,0.514003,False,False,False,False,False,0.518326,0.664481,0.330537
protein_conc,433,2019,0.766667,1.61199,False,False,False,False,False,0.567994,0.664481,0.330537
protein_conc,434,2019,0.5,0.014918,False,False,False,False,False,0.554396,0.664481,0.330537
protein_conc,435,2019,0.6,0.61382,False,False,False,False,False,0.563516,0.664481,0.330537
protein_conc,436,2019,0.55,0.314369,False,False,False,False,False,0.560813,0.664481,0.330537
protein_conc,437,2019,0.666667,1.013088,False,False,False,False,False,0.581984,0.664481,0.330537
protein_conc,438,2019,0.666667,1.013088,False,False,False,False,False,0.59892,0.664481,0.330537
protein_conc,439,2019,0.45,-0.284533,False,False,False,False,False,0.569136,0.664481,0.330537
protein_conc,440,2019,0.516667,0.114735,False,False,False,False,False,0.558642,0.664481,0.330537
protein_conc,441,2019,0.433333,-0.38435,False,False,False,False,False,0.533581,0.664481,0.330537
protein_conc,442,2019,0.466667,-0.184716,False,False,False,False,False,0.520198,0.664481,0.330537
protein_conc,443,2019,0.266667,-1.38252,False,False,False,False,False,0.469492,0.664481,0.330537
protein_conc,444,2019,0.316667,-1.083069,False,False,False,False,False,0.438927,0.664481,0.330537
protein_conc,445,2019,0.816667,1.911441,False,False,False,False,False,0.514475,0.664481,0.330537
protein_conc,446,2019,0.483333,-0.084899,False,False,False,False,False,0.508246,0.664481,0.330537
protein_conc,447,2019,0.7,1.212722,False,False,False,False,False,0.546597,0.664481,0.330537
protein_conc,448,2019,0.816667,1.911441,False,False,False,False,False,0.600611,0.664481,0.330537
protein_conc,449,2019,0.5,0.014918,False,False,False,False,False,0.580489,0.664481,0.330537
protein_conc,450,2019,0.25,-1.482337,False,False,False,False,False,0.514391,0.664481,0.330537
protein_conc,451,2019,0.533333,0.214552,False,False,False,False,False,0.518179,0.664481,0.330537
protein_conc,452,2019,0.533333,0.214552,False,False,False,False,False,0.52121,0.664481,0.330537
protein_conc,453,2019,0.466667,-0.184716,False,False,False,False,False,0.510302,0.664481,0.330537
protein_conc,454,2019,0.3,-1.182886,False,False,False,False,False,0.468241,0.664481,0.330537
protein_conc,455,2019,0.45,-0.284533,False,False,False,False,False,0.464593,0.664481,0.330537
protein_conc,456,2019,0.333333,-0.983252,False,False,False,False,False,0.438341,0.664481,0.330537
protein_conc,457,2019,0.6,0.61382,False,False,False,False,False,0.470673,0.664481,0.330537
protein_conc,458,2019,0.466667,-0.184716,False,False,False,False,False,0.469872,0.664481,0.330537
protein_conc,459,2019,0.65,0.913271,False,False,False,False,False,0.505897,0.664481,0.330537
protein_conc,460,2019,0.683333,1.112905,False,False,False,False,False,0.541384,0.664481,0.330537
protein_conc,461,2019,0.366667,-0.783618,False,False,False,False,False,0.506441,0.664481,0.330537
protein_conc,462,2019,0.4,-0.583984,False,False,False,False,False,0.485153,0.664481,0.330537
protein_conc,463,2019,0.6,0.61382,False,False,False,False,False,0.508122,0.664481,0.330537
protein_conc,464,2019,0.383333,-0.683801,False,False,False,False,False,0.483164,0.664481,0.330537
protein_conc,465,2020,0.666667,1.013088,False,False,False,False,False,0.519865,0.664481,0.330537
protein_conc,466,2020,0.416667,-0.484167,False,False,False,False,False,0.499225,0.664481,0.330537
protein_conc,467,2020,0.533333,0.214552,False,False,False,False,False,0.506047,0.664481,0.330537
protein_conc,468,2020,0.516667,0.114735,False,False,False,False,False,0.508171,0.664481,0.330537
protein_conc,469,2020,0.733333,1.412356,False,False,False,False,False,0.553203,0.664481,0.330537
protein_conc,470,2020,0.4,-0.583984,False,False,False,False,False,0.522563,0.664481,0.330537
protein_conc,471,2020,0.633333,0.813454,False,False,False,False,False,0.544717,0.664481,0.330537
protein_conc,472,2020,0.55,0.314369,False,False,False,False,False,0.545773,0.664481,0.330537
protein_conc,473,2020,0.7,1.212722,False,False,False,False,False,0.576619,0.664481,0.330537
protein_conc,474,2020,0.616667,0.713637,False,False,False,False,False,0.584628,0.664481,0.330537
protein_conc,475,2020,0.633333,0.813454,False,False,False,False,False,0.594369,0.664481,0.330537
protein_conc,476,2020,0.516667,0.114735,False,False,False,False,False,0.578829,0.664481,0.330537
protein_conc,477,2020,0.433333,-0.38435,False,False,False,False,False,0.54973,0.664481,0.330537
protein_conc,478,2020,0.533333,0.214552,False,False,False,False,False,0.54645,0.664481,0.330537
protein_conc,479,2020,0.25,-1.482337,False,False,False,False,False,0.48716,0.664481,0.330537
protein_conc,480,2020,0.55,0.314369,False,False,False,False,False,0.499728,0.664481,0.330537
protein_conc,481,2020,0.316667,-1.083069,False,False,False,False,False,0.463116,0.664481,0.330537
protein_conc,482,2020,0.5,0.014918,False,False,False,False,False,0.470493,0.664481,0.330537
protein_conc,483,2020,0.466667,-0.184716,False,False,False,False,False,0.469728,0.664481,0.330537
protein_conc,484,2020,0.233333,-1.582154,False,False,False,False,False,0.422449,0.664481,0.330537
protein_conc,485,2020,0.633333,0.813454,False,False,False,False,False,0.464626,0.664481,0.330537
protein_conc,486,2020,0.733333,1.412356,False,False,False,False,False,0.518367,0.664481,0.330537
protein_conc,487,2020,0.45,-0.284533,False,False,False,False,False,0.504694,0.664481,0.330537
protein_conc,488,2020,0.466667,-0.184716,False,False,False,False,False,0.497088,0.664481,0.330537
protein_conc,489,2020,0.533333,0.214552,False,False,False,False,False,0.504337,0.664481,0.330537
protein_conc,490,2020,0.533333,0.214552,False,False,False,False,False,0.510137,0.664481,0.330537
protein_conc,491,2020,0.45,-0.284533,False,False,False,False,False,0.498109,0.664481,0.330537
protein_conc,492,2020,0.583333,0.514003,False,False,False,False,False,0.515154,0.664481,0.330537
protein_conc,493,2020,0.533333,0.214552,False,False,False,False,False,0.51879,0.664481,0.330537
protein_conc,494,2020,0.2,-1.781788,False,False,False,False,False,0.455032,0.664481,0.330537
protein_conc,495,2020,0.85,2.111075,False,False,False,False,False,0.534026,0.664481,0.330537
protein_conc,496,2020,0.533333,0.214552,False,False,False,False,False,0.533887,0.664481,0.330537
protein_conc,497,2020,0.816667,1.911441,False,False,False,False,False,0.590443,0.664481,0.330537
protein_conc,498,2020,0.6,0.61382,False,False,False,False,False,0.592354,0.664481,0.330537
protein_conc,499,2020,0.766667,1.61199,False,False,False,False,False,0.627217,0.664481,0.330537
protein_conc,500,2020,0.566667,0.414186,False,False,False,False,False,0.615107,0.664481,0.330537
protein_conc,501,2020,0.533333,0.214552,False,False,False,False,False,0.598752,0.664481,0.330537
protein_conc,502,2020,0.533333,0.214552,False,False,False,False,False,0.585668,0.664481,0.330537
protein_conc,503,2020,0.6,0.61382,False,True,False,False,False,0.588535,0.664481,0.330537
protein_conc,504,2020,0.333333,-0.983252,False,False,False,False,False,0.537494,0.664481,0.330537
protein_conc,505,2020,0.333333,-0.983252,False,False,False,False,False,0.496662,0.664481,0.330537
protein_conc,506,2020,0.65,0.913271,False,False,False,False,False,0.52733,0.664481,0.330537
protein_conc,507,2021,0.666667,1.013088,False,False,False,False,False,0.555197,0.664481,0.330537
protein_conc,508,2021,0.666667,1.013088,False,False,False,False,False,0.577491,0.664481,0.330537
protein_conc,509,2021,0.483333,-0.084899,False,False,False,False,False,0.55866,0.664481,0.330537
protein_conc,510,2021,0.433333,-0.38435,False,False,False,False,False,0.533594,0.664481,0.330537
protein_conc,511,2021,0.7,1.212722,False,False,False,False,False,0.566875,0.664481,0.330537
protein_conc,512,2021,0.583333,0.514003,False,False,False,False,False,0.570167,0.664481,0.330537
protein_conc,513,2021,0.233333,-1.582154,False,False,False,False,False,0.5028,0.664481,0.330537
protein_conc,514,2021,0.583333,0.514003,False,False,False,False,False,0.518907,0.664481,0.330537
protein_conc,515,2021,0.516667,0.114735,False,False,False,False,False,0.518459,0.664481,0.330537
protein_conc,516,2021,0.5,0.014918,False,False,False,False,False,0.514767,0.664481,0.330537
protein_conc,517,2021,0.816667,1.911441,False,False,False,False,False,0.575147,0.664481,0.330537
protein_conc,518,2021,0.333333,-0.983252,False,False,False,False,False,0.526784,0.664481,0.330537
protein_conc,519,2021,0.683333,1.112905,False,False,False,False,False,0.558094,0.664481,0.330537
protein_conc,520,2021,0.55,0.314369,False,False,False,False,False,0.556475,0.664481,0.330537
protein_conc,521,2021,0.45,-0.284533,False,False,False,False,False,0.53518,0.664481,0.330537
protein_conc,522,2021,0.65,0.913271,False,False,False,False,False,0.558144,0.664481,0.330537
protein_conc,523,2021,0.266667,-1.38252,False,False,False,False,False,0.499849,0.664481,0.330537
protein_conc,524,2021,0.533333,0.214552,False,False,False,False,False,0.506546,0.664481,0.330537
protein_conc,525,2021,0.516667,0.114735,False,False,False,False,False,0.50857,0.664481,0.330537
protein_conc,526,2021,0.766667,1.61199,False,False,False,False,False,0.560189,0.664481,0.330537
protein_conc,527,2021,0.516667,0.114735,False,False,False,False,False,0.551485,0.664481,0.330537
protein_conc,528,2021,0.416667,-0.484167,False,False,False,False,False,0.524521,0.664481,0.330537
protein_conc,529,2021,0.283333,-1.282703,False,False,False,False,False,0.476284,0.664481,0.330537
protein_conc,530,2021,0.533333,0.214552,False,False,False,False,False,0.487693,0.664481,0.330537
protein_conc,531,2021,0.266667,-1.38252,False,False,False,False,False,0.443488,0.664481,0.330537
protein_conc,532,2021,0.5,0.014918,False,False,False,False,False,0.45479,0.664481,0.330537
protein_conc,533,2021,0.3,-1.182886,False,False,False,False,False,0.423832,0.664481,0.330537
protein_conc,534,2021,0.5,0.014918,False,False,False,False,False,0.439066,0.664481,0.330537
protein_conc,535,2021,0.533333,0.214552,False,False,False,False,False,0.457919,0.664481,0.330537
protein_conc,536,2021,0.5,0.014918,False,False,False,False,False,0.466336,0.664481,0.330537
protein_conc,537,2021,0.733333,1.412356,False,False,False,False,False,0.519735,0.664481,0.330537
protein_conc,538,2021,0.7,1.212722,False,False,False,False,False,0.555788,0.664481,0.330537
protein_conc,539,2021,0.633333,0.813454,False,False,False,False,False,0.571297,0.664481,0.330537
protein_conc,540,2021,0.716667,1.312539,False,False,False,False,False,0.600371,0.664481,0.330537
protein_conc,541,2021,0.433333,-0.38435,False,False,False,False,False,0.566963,0.664481,0.330537
protein_conc,542,2021,0.466667,-0.184716,False,False,False,False,False,0.546904,0.664481,0.330537
protein_conc,543,2022,0.566667,0.414186,False,False,False,False,False,0.550857,0.664481,0.330537
protein_conc,544,2022,0.183333,-1.881605,False,False,False,False,False,0.477352,0.664481,0.330537
protein_conc,545,2022,0.25,-1.482337,False,False,False,False,False,0.431882,0.664481,0.330537
protein_conc,546,2022,0.816667,1.911441,False,False,False,False,False,0.508839,0.664481,0.330537
protein_conc,547,2022,0.6,0.61382,False,False,False,False,False,0.527071,0.664481,0.330537
protein_conc,548,2022,0.666667,1.013088,False,False,False,False,False,0.55499,0.664481,0.330537
protein_conc,549,2022,0.733333,1.412356,False,False,False,False,False,0.590659,0.664481,0.330537
protein_conc,550,2022,0.883333,2.310709,False,False,False,False,False,0.649194,0.664481,0.330537
protein_conc,551,2022,0.65,0.913271,False,False,False,False,False,0.649355,0.664481,0.330537
protein_conc,552,2022,0.25,-1.482337,False,False,False,False,False,0.569484,0.664481,0.330537
protein_conc,553,2022,0.25,-1.482337,False,False,False,False,False,0.505587,0.664481,0.330537
protein_conc,554,2022,0.183333,-1.881605,False,False,False,False,False,0.441136,0.664481,0.330537
protein_conc,555,2022,0.6,0.61382,False,False,False,False,False,0.472909,0.664481,0.330537
protein_conc,556,2022,0.133333,-2.181056,False,False,False,False,False,0.404994,0.664481,0.330537
protein_conc,557,2022,0.333333,-0.983252,False,False,False,False,False,0.390662,0.664481,0.330537
protein_conc,558,2022,0.55,0.314369,False,False,False,False,False,0.422529,0.664481,0.330537
protein_conc,559,2022,0.316667,-1.083069,False,False,False,False,False,0.401357,0.664481,0.330537
protein_conc,560,2022,0.316667,-1.083069,False,False,False,False,False,0.384419,0.664481,0.330537
protein_conc,561,2022,0.566667,0.414186,False,False,False,False,False,0.420868,0.664481,0.330537
protein_conc,562,2022,0.716667,1.312539,False,False,False,False,False,0.480028,0.664481,0.330537
protein_conc,563,2022,0.75,1.512173,False,False,False,False,False,0.534022,0.664481,0.330537
protein_conc,564,2022,0.516667,0.114735,False,False,False,False,False,0.530551,0.664481,0.330537
protein_conc,565,2022,0.333333,-0.983252,False,False,False,False,False,0.491108,0.664481,0.330537
protein_conc,566,2022,0.35,-0.883435,False,False,False,False,False,0.462886,0.664481,0.330537
protein_conc,567,2022,0.616667,0.713637,False,False,False,False,False,0.493642,0.664481,0.330537
protein_conc,568,2022,0.483333,-0.084899,False,False,False,False,False,0.49158,0.664481,0.330537
protein_conc,569,2022,0.716667,1.312539,False,False,False,False,False,0.536598,0.664481,0.330537
protein_conc,570,2022,0.5,0.014918,False,False,False,False,False,0.529278,0.664481,0.330537
protein_conc,571,2022,0.416667,-0.484167,False,False,False,False,False,0.506756,0.664481,0.330537
protein_conc,572,2022,0.7,1.212722,False,False,False,False,False,0.545405,0.664481,0.330537
protein_conc,573,2022,0.8,1.811624,False,False,False,False,False,0.596324,0.664481,0.330537
protein_conc,574,2022,0.366667,-0.783618,False,False,False,False,False,0.550392,0.664481,0.330537
protein_conc,575,2022,0.633333,0.813454,False,False,False,False,False,0.566981,0.664481,0.330537
protein_conc,576,2022,0.433333,-0.38435,False,False,False,False,False,0.540251,0.664481,0.330537
protein_conc,577,2022,0.7,1.212722,False,False,False,False,False,0.572201,0.664481,0.330537
protein_conc,578,2022,0.366667,-0.783618,False,False,False,False,False,0.531094,0.664481,0.330537
protein_conc,579,2022,0.4,-0.583984,False,False,False,False,False,0.504875,0.664481,0.330537
protein_conc,580,2022,0.25,-1.482337,False,False,False,False,False,0.4539,0.664481,0.330537
protein_conc,581,2022,0.116667,-2.280873,False,False,False,False,False,0.386453,0.664481,0.330537
protein_conc,582,2022,0.283333,-1.282703,False,False,False,False,False,0.365829,0.664481,0.330537
protein_conc,583,2022,0.65,0.913271,False,False,False,False,False,0.422664,0.664481,0.330537
protein_conc,584,2022,0.333333,-0.983252,False,False,False,False,False,0.404798,0.664481,0.330537
protein_conc,585,2022,0.65,0.913271,False,False,False,False,False,0.453838,0.664481,0.330537
protein_conc,586,2022,0.35,-0.883435,False,False,False,False,False,0.43307,0.664481,0.330537
protein_conc,587,2022,0.55,0.314369,False,False,False,False,False,0.456456,0.664481,0.330537
protein_conc,588,2022,0.4,-0.583984,False,False,False,False,False,0.445165,0.664481,0.330537
protein_conc,589,2022,0.25,-1.482337,False,False,False,False,False,0.406132,0.664481,0.330537
protein_conc,590,2023,0.716667,1.312539,False,False,False,False,False,0.468239,0.664481,0.330537
protein_conc,591,2023,0.433333,-0.38435,False,False,False,False,False,0.461258,0.664481,0.330537
protein_conc,592,2023,0.416667,-0.484167,False,False,False,False,False,0.45234,0.664481,0.330537
protein_conc,593,2023,0.333333,-0.983252,False,False,False,False,False,0.428538,0.664481,0.330537
protein_conc,594,2023,0.55,0.314369,False,False,False,False,False,0.452831,0.664481,0.330537
protein_conc,595,2023,0.65,0.913271,False,False,False,False,False,0.492265,0.664481,0.330537
protein_conc,596,2023,0.65,0.913271,False,False,False,False,False,0.523812,0.664481,0.330537
protein_conc,597,2023,0.783333,1.711807,False,False,False,False,False,0.575716,0.664481,0.330537
protein_conc,598,2023,0.466667,-0.184716,False,False,False,False,False,0.553906,0.664481,0.330537
protein_conc,599,2023,0.416667,-0.484167,False,False,False,False,False,0.526458,0.664481,0.330537
protein_conc,600,2023,0.35,-0.883435,False,False,False,False,False,0.491167,0.664481,0.330537
protein_conc,601,2024,0.683333,1.112905,False,False,False,False,False,0.5296,0.664481,0.330537
protein_conc,602,2024,0.5,0.014918,False,False,False,False,False,0.52368,0.664481,0.330537
protein_conc,603,2024,0.466667,-0.184716,False,False,False,False,False,0.512277,0.664481,0.330537
protein_conc,604,2024,0.066667,-2.580324,False,False,False,False,False,0.423155,0.664481,0.330537
protein_conc,605,2024,0.25,-1.482337,False,False,False,False,False,0.388524,0.664481,0.330537
protein_conc,606,2024,0.5,0.014918,False,False,False,False,False,0.410819,0.664481,0.330537
protein_conc,607,2024,0.683333,1.112905,False,False,False,False,False,0.465322,0.664481,0.330537
protein_conc,608,2024,0.483333,-0.084899,False,False,False,False,False,0.468924,0.664481,0.330537
protein_conc,609,2024,0.45,-0.284533,False,False,False,False,False,0.465139,0.664481,0.330537
protein_conc,610,2024,0.55,0.314369,False,False,False,False,False,0.482112,0.664481,0.330537
protein_conc,611,2024,0.55,0.314369,False,False,False,False,False,0.495689,0.664481,0.330537
protein_conc,612,2024,0.366667,-0.783618,False,False,False,False,False,0.469885,0.664481,0.330537
protein_conc,613,2024,0.233333,-1.582154,False,False,False,False,False,0.422574,0.664481,0.330537
protein_conc,614,2024,0.666667,1.013088,False,False,False,False,False,0.471393,0.664481,0.330537
protein_conc,615,2024,0.383333,-0.683801,False,False,False,False,False,0.453781,0.664481,0.330537
protein_conc,616,2024,0.483333,-0.084899,False,False,False,False,False,0.459691,0.664481,0.330537
protein_conc,617,2024,0.4,-0.583984,False,False,False,False,False,0.447753,0.664481,0.330537
protein_conc,618,2024,0.45,-0.284533,False,False,False,False,False,0.448203,0.664481,0.330537
protein_conc,619,2024,0.5,0.014918,False,False,False,False,False,0.458562,0.664481,0.330537
protein_conc,620,2024,0.516667,0.114735,False,False,False,False,False,0.470183,0.664481,0.330537
protein_conc,621,2024,0.883333,2.310709,False,False,False,False,False,0.552813,0.664481,0.330537
protein_conc,622,2024,0.4,-0.583984,False,False,False,False,False,0.52225,0.664481,0.330537
protein_conc,623,2024,0.8,1.811624,False,False,False,False,False,0.5778,0.664481,0.330537
protein_conc,624,2024,0.783333,1.711807,False,False,False,False,False,0.618907,0.664481,0.330537
protein_conc,625,2024,0.716667,1.312539,False,False,False,False,False,0.638459,0.664481,0.330537
protein_conc,626,2024,0.566667,0.414186,False,False,False,False,False,0.6241,0.664481,0.330537
protein_conc,627,2024,0.7,1.212722,False,False,False,False,False,0.63928,0.664481,0.330537
protein_conc,628,2024,0.533333,0.214552,False,False,False,False,False,0.618091,0.664481,0.330537
protein_conc,629,2024,0.233333,-1.582154,False,False,False,False,False,0.541139,0.664481,0.330537
protein_conc,630,2024,0.516667,0.114735,False,False,False,False,False,0.536245,0.664481,0.330537
protein_conc,631,2024,0.2,-1.781788,False,False,False,False,False,0.468996,0.664481,0.330537
protein_conc,632,2024,0.7,1.212722,False,False,False,False,False,0.515197,0.664481,0.330537
protein_conc,633,2024,0.0,-2.979592,False,False,False,False,False,0.412157,0.664481,0.330537
protein_conc,634,2024,0.5,0.014918,False,False,False,False,False,0.429726,0.664481,0.330537
protein_conc,635,2024,0.5,0.014918,False,False,False,False,False,0.443781,0.664481,0.330537
protein_conc,636,2024,0.6,0.61382,False,False,False,False,False,0.475025,0.664481,0.330537
protein_conc,637,2024,0.616667,0.713637,False,False,False,False,False,0.503353,0.664481,0.330537
protein_conc,638,2024,0.566667,0.414186,False,False,False,False,False,0.516016,0.664481,0.330537
protein_conc,639,2024,0.433333,-0.38435,False,False,False,False,False,0.499479,0.664481,0.330537
protein_conc,640,2024,0.45,-0.284533,False,False,False,False,False,0.489583,0.664481,0.330537
protein_conc,641,2024,0.45,-0.284533,False,False,False,False,False,0.481667,0.664481,0.330537
protein_conc,642,2024,0.483333,-0.084899,False,False,False,False,False,0.482,0.664481,0.330537
protein_conc,643,2024,0.483333,-0.084899,False,False,False,False,False,0.482267,0.664481,0.330537
protein_conc,644,2024,0.45,-0.284533,False,False,False,False,False,0.475813,0.664481,0.330537
protein_conc,645,2024,0.283333,-1.282703,False,False,False,False,False,0.437317,0.664481,0.330537
protein_conc,646,2024,0.583333,0.514003,False,False,False,False,False,0.466521,0.664481,0.330537
protein_conc,647,2024,0.166667,-1.981422,False,False,False,False,False,0.40655,0.664481,0.330537
protein_conc,648,2024,0.8,1.811624,False,False,False,False,False,0.48524,0.664481,0.330537
protein_conc,649,2024,0.483333,-0.084899,False,False,False,False,False,0.484859,0.664481,0.330537
protein_conc,650,2024,0.516667,0.114735,False,False,False,False,False,0.49122,0.664481,0.330537
protein_conc,651,2024,0.483333,-0.084899,False,False,False,False,False,0.489643,0.664481,0.330537
protein_conc,652,2024,0.25,-1.482337,False,False,False,False,False,0.441714,0.664481,0.330537
protein_conc,653,2024,0.633333,0.813454,False,False,False,False,False,0.480038,0.664481,0.330537
protein_conc,654,2024,0.616667,0.713637,False,False,False,False,False,0.507364,0.664481,0.330537
protein_conc,655,2024,0.483333,-0.084899,False,False,False,False,False,0.502558,0.664481,0.330537
protein_conc,656,2024,0.616667,0.713637,False,False,False,False,False,0.525379,0.664481,0.330537
protein_conc,657,2024,0.45,-0.284533,False,False,False,False,False,0.510304,0.664481,0.330537
protein_conc,658,2024,0.466667,-0.184716,False,False,False,False,False,0.501576,0.664481,0.330537
protein_conc,659,2024,0.65,0.913271,False,False,False,False,False,0.531261,0.664481,0.330537
protein_conc,660,2024,0.633333,0.813454,False,False,False,False,False,0.551675,0.664481,0.330537
protein_conc,661,2024,0.766667,1.61199,False,False,False,False,False,0.594674,0.664481,0.330537
protein_conc,662,2024,0.6,0.61382,False,False,False,False,False,0.595739,0.664481,0.330537
protein_conc,663,2024,0.533333,0.214552,False,False,False,False,False,0.583258,0.664481,0.330537
protein_conc,664,2024,0.45,-0.284533,False,False,False,False,False,0.556606,0.664481,0.330537
protein_conc,665,2024,0.35,-0.883435,False,False,False,False,False,0.515285,0.664481,0.330537
protein_conc,666,2024,0.416667,-0.484167,False,False,False,False,False,0.495561,0.664481,0.330537
protein_conc,667,2024,0.533333,0.214552,False,False,False,False,False,0.503116,0.664481,0.330537
protein_conc,668,2024,0.583333,0.514003,False,False,False,False,False,0.519159,0.664481,0.330537
protein_conc,669,2024,0.633333,0.813454,False,False,False,False,False,0.541994,0.664481,0.330537
protein_conc,670,2024,0.416667,-0.484167,False,False,False,False,False,0.516929,0.664481,0.330537
protein_conc,671,2024,0.466667,-0.184716,False,False,False,False,False,0.506876,0.664481,0.330537
protein_conc,672,2024,0.35,-0.883435,False,False,False,False,False,0.475501,0.664481,0.330537
protein_conc,673,2024,0.533333,0.214552,False,False,False,False,False,0.487067,0.664481,0.330537
protein_conc,674,2024,0.716667,1.312539,False,False,False,False,False,0.532987,0.664481,0.330537
protein_conc,675,2024,0.483333,-0.084899,False,False,False,False,False,0.523056,0.664481,0.330537
protein_conc,676,2024,0.333333,-0.983252,False,False,False,False,False,0.485112,0.664481,0.330537
protein_conc,677,2024,0.15,-2.081239,False,False,False,False,False,0.418089,0.664481,0.330537
protein_conc,678,2024,0.683333,1.112905,False,False,False,False,False,0.471138,0.664481,0.330537
protein_conc,679,2024,0.716667,1.312539,False,False,False,False,False,0.520244,0.664481,0.330537
protein_conc,680,2024,0.666667,1.013088,False,False,False,False,False,0.549528,0.664481,0.330537
protein_conc,681,2024,0.516667,0.114735,False,False,False,False,False,0.542956,0.664481,0.330537
protein_conc,682,2024,0.333333,-0.983252,False,False,False,False,False,0.501032,0.664481,0.330537
protein_conc,683,2024,0.283333,-1.282703,False,False,False,False,False,0.457492,0.664481,0.330537
protein_conc,684,2024,0.45,-0.284533,False,False,False,False,False,0.455994,0.664481,0.330537
protein_conc,685,2024,0.683333,1.112905,False,False,False,False,False,0.501461,0.664481,0.330537
protein_conc,686,2024,0.516667,0.114735,False,False,False,False,False,0.504503,0.664481,0.330537
protein_conc,687,2024,0.633333,0.813454,False,False,False,False,False,0.530269,0.664481,0.330537
protein_conc,688,2024,0.4,-0.583984,False,False,False,False,False,0.504215,0.664481,0.330537
protein_conc,689,2024,0.366667,-0.783618,False,False,False,False,False,0.476705,0.664481,0.330537
protein_conc,690,2025,0.633333,0.813454,False,False,False,False,False,0.508031,0.664481,0.330537
protein_conc,691,2025,0.333333,-0.983252,False,False,False,False,False,0.473091,0.664481,0.330537
protein_conc,692,2025,0.45,-0.284533,False,False,False,False,False,0.468473,0.664481,0.330537
protein_conc,693,2025,0.333333,-0.983252,False,False,False,False,False,0.441445,0.664481,0.330537
protein_conc,694,2025,0.516667,0.114735,False,False,False,False,False,0.456489,0.664481,0.330537
protein_conc,695,2025,0.383333,-0.683801,False,False,False,False,False,0.441858,0.664481,0.330537
protein_conc,696,2025,0.466667,-0.184716,False,False,False,False,False,0.44682,0.664481,0.330537
protein_conc,697,2025,0.533333,0.214552,False,False,False,False,False,0.464123,0.664481,0.330537
protein_conc,698,2025,0.383333,-0.683801,False,False,False,False,False,0.447965,0.664481,0.330537
protein_conc,699,2025,0.566667,0.414186,False,False,False,False,False,0.471705,0.664481,0.330537
protein_conc,700,2025,0.416667,-0.484167,False,False,False,False,False,0.460697,0.664481,0.330537
protein_conc,701,2025,0.433333,-0.38435,False,False,False,False,False,0.455225,0.664481,0.330537
protein_conc,702,2025,0.416667,-0.484167,False,False,False,False,False,0.447513,0.664481,0.330537
protein_conc,703,2025,0.75,1.512173,False,False,False,False,False,0.50801,0.664481,0.330537
protein_conc,704,2025,0.366667,-0.783618,False,False,False,False,False,0.479742,0.664481,0.330537
protein_conc,705,2025,0.683333,1.112905,False,False,False,False,False,0.52046,0.664481,0.330537
protein_conc,706,2025,0.516667,0.114735,False,False,False,False,False,0.519701,0.664481,0.330537
protein_conc,707,2025,0.666667,1.013088,False,False,False,False,False,0.549094,0.664481,0.330537
protein_conc,708,2025,0.5,0.014918,False,False,False,False,False,0.539276,0.664481,0.330537
protein_conc,709,2025,0.516667,0.114735,False,False,False,False,False,0.534754,0.664481,0.330537
protein_conc,710,2025,0.133333,-2.181056,False,False,False,False,False,0.45447,0.664481,0.330537
protein_conc,711,2025,0.383333,-0.683801,False,False,False,False,False,0.440242,0.664481,0.330537
protein_conc,712,2025,0.533333,0.214552,False,False,False,False,False,0.458861,0.664481,0.330537
protein_conc,713,2025,0.483333,-0.084899,False,False,False,False,False,0.463755,0.664481,0.330537
protein_conc,714,2025,0.466667,-0.184716,False,False,False,False,False,0.464337,0.664481,0.330537
protein_conc,715,2025,0.45,-0.284533,False,False,False,False,False,0.46147,0.664481,0.330537
protein_conc,716,2025,0.466667,-0.184716,False,False,False,False,False,0.462509,0.664481,0.330537
protein_conc,717,2025,0.433333,-0.38435,False,False,False,False,False,0.456674,0.664481,0.330537
protein_conc,718,2025,0.55,0.314369,False,False,False,False,False,0.475339,0.664481,0.330537
protein_conc,719,2025,0.483333,-0.084899,False,False,False,False,False,0.476938,0.664481,0.330537
protein_conc,720,2025,0.433333,-0.38435,False,False,False,False,False,0.468217,0.664481,0.330537
protein_conc,721,2025,0.35,-0.883435,False,False,False,False,False,0.444574,0.664481,0.330537
protein_conc,722,2025,0.416667,-0.484167,False,False,False,False,False,0.438992,0.664481,0.330537
protein_conc,723,2025,0.483333,-0.084899,False,False,False,False,False,0.447861,0.664481,0.330537
protein_conc,724,2025,0.6,0.61382,False,False,False,False,False,0.478288,0.664481,0.330537
protein_conc,725,2025,0.2,-1.781788,False,False,False,False,False,0.422631,0.664481,0.330537
protein_conc,726,2025,0.633333,0.813454,False,False,False,False,False,0.464771,0.664481,0.330537
protein_conc,727,2025,0.766667,1.61199,False,False,False,False,False,0.52515,0.664481,0.330537
protein_conc,728,2025,0.416667,-0.484167,False,False,False,False,False,0.503454,0.664481,0.330537
protein_conc,729,2025,0.516667,0.114735,False,False,False,False,False,0.506096,0.664481,0.330537
protein_conc,730,2025,0.45,-0.284533,False,False,False,False,False,0.494877,0.664481,0.330537
protein_conc,731,2025,0.5,0.014918,False,False,False,False,False,0.495902,0.664481,0.330537
protein_conc,732,2025,0.616667,0.713637,False,False,False,False,False,0.520055,0.664481,0.330537
protein_conc,733,2025,0.416667,-0.484167,False,False,False,False,False,0.499377,0.664481,0.330537
protein_conc,734,2025,0.5,0.014918,False,False,False,False,False,0.499502,0.664481,0.330537
protein_conc,735,2025,0.4,-0.583984,False,False,False,False,False,0.479601,0.664481,0.330537
protein_conc,736,2025,0.8,1.811624,False,False,False,False,False,0.543681,0.664481,0.330537
protein_adsorption,1,2011,0.6,0.301518,False,False,False,False,False,0.556359,0.654002,0.436894
protein_adsorption,2,2011,0.55,0.025158,False,False,False,False,False,0.555087,0.684465,0.406431
protein_adsorption,3,2011,0.6,0.301518,False,False,False,False,False,0.56407,0.700859,0.390038
protein_adsorption,4,2011,0.55,0.025158,False,False,False,False,False,0.561256,0.710499,0.380398
protein_adsorption,5,2011,0.5,-0.251202,False,False,False,False,False,0.549005,0.716383,0.374514
protein_adsorption,6,2011,0.65,0.577878,False,False,False,False,False,0.569204,0.720045,0.370852
protein_adsorption,7,2011,0.35,-1.080282,False,False,False,False,False,0.525363,0.722349,0.368548
protein_adsorption,8,2011,0.55,0.025158,False,False,False,False,False,0.53029,0.723807,0.367089
protein_adsorption,9,2011,0.35,-1.080282,False,False,False,False,False,0.494232,0.724735,0.366162
protein_adsorption,10,2011,0.65,0.577878,False,False,False,False,False,0.525386,0.725326,0.365571
protein_adsorption,11,2011,0.3,-1.356642,False,False,False,False,False,0.480309,0.725703,0.365194
protein_adsorption,12,2011,0.4,-0.803922,False,False,False,False,False,0.464247,0.725944,0.364953
protein_adsorption,13,2011,0.4,-0.803922,False,False,False,False,False,0.451398,0.726098,0.364799
protein_adsorption,14,2011,0.6,0.301518,False,False,False,False,False,0.481118,0.726197,0.3647
protein_adsorption,15,2011,0.3,-1.356642,False,False,False,False,False,0.444894,0.72626,0.364637
protein_adsorption,16,2011,0.3,-1.356642,False,False,False,False,False,0.415916,0.7263,0.364597
protein_adsorption,17,2011,0.5,-0.251202,False,False,False,False,False,0.432732,0.726326,0.364571
protein_adsorption,18,2011,0.55,0.025158,False,False,False,False,False,0.456186,0.726342,0.364554
protein_adsorption,19,2011,0.95,2.236038,False,False,False,False,False,0.554949,0.726353,0.364544
protein_adsorption,20,2011,0.3,-1.356642,False,False,False,False,False,0.503959,0.72636,0.364537
protein_adsorption,21,2011,0.3,-1.356642,False,False,False,False,False,0.463167,0.726364,0.364533
protein_adsorption,22,2011,0.4,-0.803922,False,False,False,False,False,0.450534,0.726367,0.36453
protein_adsorption,23,2011,0.45,-0.527562,False,False,False,False,False,0.450427,0.726369,0.364528
protein_adsorption,24,2011,0.7,0.854238,False,False,False,False,False,0.500342,0.72637,0.364527
protein_adsorption,25,2011,0.5,-0.251202,False,False,False,False,False,0.500273,0.726371,0.364526
protein_adsorption,26,2011,0.7,0.854238,False,False,False,False,False,0.540219,0.726371,0.364526
protein_adsorption,27,2011,0.45,-0.527562,False,False,False,False,False,0.522175,0.726371,0.364525
protein_adsorption,28,2011,0.5,-0.251202,False,False,False,False,False,0.51774,0.726371,0.364525
protein_adsorption,29,2011,0.35,-1.080282,False,False,False,False,False,0.484192,0.726372,0.364525
protein_adsorption,30,2011,0.45,-0.527562,False,False,False,False,False,0.477354,0.726372,0.364525
protein_adsorption,31,2011,0.35,-1.080282,False,False,False,False,False,0.451883,0.726372,0.364525
protein_adsorption,32,2011,0.05,-2.738442,False,False,False,False,False,0.371506,0.726372,0.364525
protein_adsorption,33,2011,0.65,0.577878,False,False,False,False,False,0.427205,0.726372,0.364525
protein_adsorption,34,2011,0.3,-1.356642,False,False,False,False,False,0.401764,0.726372,0.364525
protein_adsorption,35,2011,0.45,-0.527562,False,False,False,False,False,0.411411,0.726372,0.364525
protein_adsorption,36,2011,0.45,-0.527562,False,False,False,False,False,0.419129,0.726372,0.364525
protein_adsorption,37,2011,0.8,1.406958,False,False,False,False,False,0.495303,0.726372,0.364525
protein_adsorption,38,2011,0.1,-2.462082,False,False,False,False,False,0.416243,0.726372,0.364525
protein_adsorption,39,2012,0.65,0.577878,False,False,False,False,False,0.462994,0.726372,0.364525
protein_adsorption,40,2012,0.25,-1.633002,False,False,False,False,False,0.420395,0.726372,0.364525
protein_adsorption,41,2012,0.5,-0.251202,False,False,False,False,False,0.436316,0.726372,0.364525
protein_adsorption,42,2012,0.7,0.854238,False,False,False,False,False,0.489053,0.726372,0.364525
protein_adsorption,43,2012,0.45,-0.527562,False,False,False,False,False,0.481242,0.726372,0.364525
protein_adsorption,44,2012,0.55,0.025158,False,False,False,False,False,0.494994,0.726372,0.364525
protein_adsorption,45,2012,0.6,0.301518,False,False,False,False,False,0.515995,0.726372,0.364525
protein_adsorption,46,2012,0.6,0.301518,False,False,False,False,False,0.532796,0.726372,0.364525
protein_adsorption,47,2012,0.7,0.854238,False,False,False,False,False,0.566237,0.726372,0.364525
protein_adsorption,48,2012,0.6,0.301518,False,False,False,False,False,0.572989,0.726372,0.364525
protein_adsorption,49,2012,0.65,0.577878,False,False,False,False,False,0.588392,0.726372,0.364525
protein_adsorption,50,2012,0.2,-1.909362,False,False,False,False,False,0.510713,0.726372,0.364525
protein_adsorption,51,2012,0.85,1.683318,False,False,False,False,False,0.578571,0.726372,0.364525
protein_adsorption,52,2012,0.45,-0.527562,False,False,False,False,False,0.552856,0.726372,0.364525
protein_adsorption,53,2012,0.55,0.025158,False,False,False,False,False,0.552285,0.726372,0.364525
protein_adsorption,54,2012,0.65,0.577878,False,False,False,False,False,0.571828,0.726372,0.364525
protein_adsorption,55,2012,0.4,-0.803922,False,False,False,False,False,0.537463,0.726372,0.364525
protein_adsorption,56,2012,0.85,1.683318,False,False,False,False,False,0.59997,0.726372,0.364525
protein_adsorption,57,2012,0.6,0.301518,False,False,False,False,False,0.599976,0.726372,0.364525
protein_adsorption,58,2012,0.65,0.577878,False,False,False,False,False,0.609981,0.726372,0.364525
protein_adsorption,59,2012,0.7,0.854238,False,False,False,False,False,0.627985,0.726372,0.364525
protein_adsorption,60,2012,0.35,-1.080282,False,False,False,False,False,0.572388,0.726372,0.364525
protein_adsorption,61,2012,0.35,-1.080282,False,False,False,False,False,0.52791,0.726372,0.364525
protein_adsorption,62,2012,0.5,-0.251202,False,False,False,False,False,0.522328,0.726372,0.364525
protein_adsorption,63,2012,0.45,-0.527562,False,False,False,False,False,0.507863,0.726372,0.364525
protein_adsorption,64,2012,0.7,0.854238,False,False,False,False,False,0.54629,0.726372,0.364525
protein_adsorption,65,2012,0.55,0.025158,False,False,False,False,False,0.547032,0.726372,0.364525
protein_adsorption,66,2012,0.45,-0.527562,False,False,False,False,False,0.527626,0.726372,0.364525
protein_adsorption,67,2012,0.25,-1.633002,False,False,False,False,False,0.4721,0.726372,0.364525
protein_adsorption,68,2012,0.35,-1.080282,False,False,False,False,False,0.44768,0.726372,0.364525
protein_adsorption,69,2012,0.4,-0.803922,False,False,False,False,False,0.438144,0.726372,0.364525
protein_adsorption,70,2012,0.45,-0.527562,False,False,False,False,False,0.440515,0.726372,0.364525
protein_adsorption,71,2012,0.25,-1.633002,False,False,False,False,False,0.402412,0.726372,0.364525
protein_adsorption,72,2012,0.3,-1.356642,False,False,False,False,False,0.38193,0.726372,0.364525
protein_adsorption,73,2012,0.65,0.577878,False,False,False,False,False,0.435544,0.726372,0.364525
protein_adsorption,74,2012,0.3,-1.356642,False,False,False,False,False,0.408435,0.726372,0.364525
protein_adsorption,75,2012,0.5,-0.251202,False,False,False,False,False,0.426748,0.726372,0.364525
protein_adsorption,76,2012,0.25,-1.633002,False,False,False,False,False,0.391398,0.726372,0.364525
protein_adsorption,77,2012,0.65,0.577878,False,False,False,False,False,0.443119,0.726372,0.364525
protein_adsorption,78,2012,0.4,-0.803922,False,False,False,False,False,0.434495,0.726372,0.364525
protein_adsorption,79,2012,0.75,1.130598,False,False,False,False,False,0.497596,0.726372,0.364525
protein_adsorption,80,2012,0.8,1.406958,False,False,False,False,False,0.558077,0.726372,0.364525
protein_adsorption,81,2012,0.5,-0.251202,False,False,False,False,False,0.546461,0.726372,0.364525
protein_adsorption,82,2012,0.65,0.577878,False,False,False,False,False,0.567169,0.726372,0.364525
protein_adsorption,83,2013,0.7,0.854238,False,False,False,False,False,0.593735,0.726372,0.364525
protein_adsorption,84,2013,0.55,0.025158,False,False,False,False,False,0.584988,0.726372,0.364525
protein_adsorption,85,2013,0.45,-0.527562,False,False,False,False,False,0.557991,0.726372,0.364525
protein_adsorption,86,2013,0.4,-0.803922,False,False,False,False,False,0.526392,0.726372,0.364525
protein_adsorption,87,2013,0.7,0.854238,False,False,False,False,False,0.561114,0.726372,0.364525
protein_adsorption,88,2013,0.9,1.959678,False,False,False,False,False,0.628891,0.726372,0.364525
protein_adsorption,89,2013,0.45,-0.527562,False,False,False,False,False,0.593113,0.726372,0.364525
protein_adsorption,90,2013,0.55,0.025158,False,False,False,False,False,0.58449,0.726372,0.364525
protein_adsorption,91,2013,0.15,-2.185722,False,False,False,False,False,0.497592,0.726372,0.364525
protein_adsorption,92,2013,0.25,-1.633002,False,False,False,False,False,0.448074,0.726372,0.364525
protein_adsorption,93,2013,0.6,0.301518,False,False,False,False,False,0.478459,0.726372,0.364525
protein_adsorption,94,2013,0.75,1.130598,False,False,False,False,False,0.532767,0.726372,0.364525
protein_adsorption,95,2013,0.6,0.301518,False,False,False,False,False,0.546214,0.726372,0.364525
protein_adsorption,96,2013,0.35,-1.080282,False,False,False,False,False,0.506971,0.726372,0.364525
protein_adsorption,97,2013,0.4,-0.803922,False,False,False,False,False,0.485577,0.726372,0.364525
protein_adsorption,98,2013,0.6,0.301518,False,False,False,False,False,0.508461,0.726372,0.364525
protein_adsorption,99,2013,0.3,-1.356642,False,False,False,False,False,0.466769,0.726372,0.364525
protein_adsorption,100,2013,0.45,-0.527562,False,False,False,False,False,0.463415,0.726372,0.364525
protein_adsorption,101,2013,0.85,1.683318,False,False,False,False,False,0.540732,0.726372,0.364525
protein_adsorption,102,2013,0.25,-1.633002,False,False,False,False,False,0.482586,0.726372,0.364525
protein_adsorption,103,2013,0.5,-0.251202,False,False,False,False,False,0.486069,0.726372,0.364525
protein_adsorption,104,2013,0.55,0.025158,False,False,False,False,False,0.498855,0.726372,0.364525
protein_adsorption,105,2013,0.5,-0.251202,False,False,False,False,False,0.499084,0.726372,0.364525
protein_adsorption,106,2013,0.1,-2.462082,False,False,False,False,False,0.419267,0.726372,0.364525
protein_adsorption,107,2013,0.6,0.301518,False,False,False,False,False,0.455414,0.726372,0.364525
protein_adsorption,108,2013,0.65,0.577878,False,False,False,False,False,0.494331,0.726372,0.364525
protein_adsorption,109,2013,0.6,0.301518,False,False,False,False,False,0.515465,0.726372,0.364525
protein_adsorption,110,2013,0.35,-1.080282,False,False,False,False,False,0.482372,0.726372,0.364525
protein_adsorption,111,2013,0.6,0.301518,False,False,False,False,False,0.505897,0.726372,0.364525
protein_adsorption,112,2013,0.55,0.025158,False,False,False,False,False,0.514718,0.726372,0.364525
protein_adsorption,113,2013,0.2,-1.909362,False,False,False,False,False,0.451774,0.726372,0.364525
protein_adsorption,114,2013,0.5,-0.251202,False,False,False,False,False,0.461419,0.726372,0.364525
protein_adsorption,115,2013,0.75,1.130598,False,False,False,False,False,0.519136,0.726372,0.364525
protein_adsorption,116,2013,0.45,-0.527562,False,False,False,False,False,0.505308,0.726372,0.364525
protein_adsorption,117,2013,0.4,-0.803922,False,False,False,False,False,0.484247,0.726372,0.364525
protein_adsorption,118,2013,0.8,1.406958,False,False,False,False,False,0.547397,0.726372,0.364525
protein_adsorption,119,2013,0.25,-1.633002,False,False,False,False,False,0.487918,0.726372,0.364525
protein_adsorption,120,2013,0.75,1.130598,False,False,False,False,False,0.540334,0.726372,0.364525
protein_adsorption,121,2013,0.65,0.577878,False,False,False,False,False,0.562267,0.726372,0.364525
protein_adsorption,122,2013,0.35,-1.080282,False,False,False,False,False,0.519814,0.726372,0.364525
protein_adsorption,123,2013,0.65,0.577878,False,False,False,False,False,0.545851,0.726372,0.364525
protein_adsorption,124,2013,0.5,-0.251202,False,False,False,False,False,0.536681,0.726372,0.364525
protein_adsorption,125,2013,0.3,-1.356642,False,False,False,False,False,0.489345,0.726372,0.364525
protein_adsorption,126,2013,0.45,-0.527562,False,False,False,False,False,0.481476,0.726372,0.364525
protein_adsorption,127,2013,0.65,0.577878,False,False,False,False,False,0.515181,0.726372,0.364525
protein_adsorption,128,2013,0.4,-0.803922,False,False,False,False,False,0.492145,0.726372,0.364525
protein_adsorption,129,2013,0.75,1.130598,False,False,False,False,False,0.543716,0.726372,0.364525
protein_adsorption,130,2013,0.4,-0.803922,False,False,False,False,False,0.514972,0.726372,0.364525
protein_adsorption,131,2013,0.7,0.854238,False,False,False,False,False,0.551978,0.726372,0.364525
protein_adsorption,132,2013,0.4,-0.803922,False,False,False,False,False,0.521582,0.726372,0.364525
protein_adsorption,133,2013,0.25,-1.633002,False,False,False,False,False,0.467266,0.726372,0.364525
protein_adsorption,134,2013,0.55,0.025158,False,False,False,False,False,0.483813,0.726372,0.364525
protein_adsorption,135,2014,0.3,-1.356642,False,False,False,False,False,0.44705,0.726372,0.364525
protein_adsorption,136,2014,0.35,-1.080282,False,False,False,False,False,0.42764,0.726372,0.364525
protein_adsorption,137,2014,0.55,0.025158,False,False,False,False,False,0.452112,0.726372,0.364525
protein_adsorption,138,2014,0.2,-1.909362,False,False,False,False,False,0.40169,0.726372,0.364525
protein_adsorption,139,2014,0.85,1.683318,False,False,False,False,False,0.491352,0.726372,0.364525
protein_adsorption,140,2014,0.75,1.130598,False,False,False,False,False,0.543081,0.726372,0.364525
protein_adsorption,141,2014,0.55,0.025158,False,False,False,False,False,0.544465,0.726372,0.364525
protein_adsorption,142,2014,0.65,0.577878,False,False,False,False,False,0.565572,0.726372,0.364525
protein_adsorption,143,2014,0.15,-2.185722,False,False,False,False,False,0.482458,0.726372,0.364525
protein_adsorption,144,2014,0.8,1.406958,False,False,False,False,False,0.545966,0.726372,0.364525
protein_adsorption,145,2014,0.5,-0.251202,False,False,False,False,False,0.536773,0.726372,0.364525
protein_adsorption,146,2014,0.8,1.406958,False,False,False,False,False,0.589418,0.726372,0.364525
protein_adsorption,147,2014,0.8,1.406958,False,False,False,False,False,0.631535,0.726372,0.364525
protein_adsorption,148,2014,0.6,0.301518,False,False,False,False,False,0.625228,0.726372,0.364525
protein_adsorption,149,2014,0.7,0.854238,False,False,False,False,False,0.640182,0.726372,0.364525
protein_adsorption,150,2014,0.65,0.577878,False,False,False,False,False,0.642146,0.726372,0.364525
protein_adsorption,151,2014,0.5,-0.251202,False,False,False,False,False,0.613717,0.726372,0.364525
protein_adsorption,152,2014,0.45,-0.527562,False,False,False,False,False,0.580973,0.726372,0.364525
protein_adsorption,153,2014,0.25,-1.633002,False,False,False,False,False,0.514779,0.726372,0.364525
protein_adsorption,154,2014,0.2,-1.909362,False,False,True,False,False,0.451823,0.726372,0.364525
protein_adsorption,155,2014,0.75,1.130598,False,False,False,False,False,0.511458,0.726372,0.364525
protein_adsorption,156,2014,0.9,1.959678,False,False,False,False,False,0.589167,0.726372,0.364525
protein_adsorption,157,2014,0.3,-1.356642,False,False,False,False,False,0.531333,0.726372,0.364525
protein_adsorption,158,2014,0.75,1.130598,False,False,False,False,False,0.575067,0.726372,0.364525
protein_adsorption,159,2014,0.45,-0.527562,False,False,False,False,False,0.550053,0.726372,0.364525
protein_adsorption,160,2014,0.7,0.854238,False,False,False,False,False,0.580043,0.726372,0.364525
protein_adsorption,161,2014,0.35,-1.080282,False,False,False,False,False,0.534034,0.726372,0.364525
protein_adsorption,162,2014,0.5,-0.251202,False,False,False,False,False,0.527227,0.726372,0.364525
protein_adsorption,163,2014,0.35,-1.080282,False,False,False,False,False,0.491782,0.726372,0.364525
protein_adsorption,164,2014,0.3,-1.356642,False,False,False,False,False,0.453425,0.726372,0.364525
protein_adsorption,165,2014,0.5,-0.251202,False,False,False,False,False,0.46274,0.726372,0.364525
protein_adsorption,166,2014,0.45,-0.527562,False,False,False,False,False,0.460192,0.726372,0.364525
protein_adsorption,167,2014,0.7,0.854238,False,False,False,False,False,0.508154,0.726372,0.364525
protein_adsorption,168,2014,0.8,1.406958,False,False,False,False,False,0.566523,0.726372,0.364525
protein_adsorption,169,2014,0.45,-0.527562,False,False,False,False,False,0.543218,0.726372,0.364525
protein_adsorption,170,2014,0.85,1.683318,False,False,False,False,False,0.604575,0.726372,0.364525
protein_adsorption,171,2014,0.6,0.301518,False,False,False,False,False,0.60366,0.726372,0.364525
protein_adsorption,172,2014,0.6,0.301518,False,False,False,False,False,0.602928,0.726372,0.364525
protein_adsorption,173,2014,0.65,0.577878,False,False,False,False,False,0.612342,0.726372,0.364525
protein_adsorption,174,2014,0.55,0.025158,False,False,False,False,False,0.599874,0.726372,0.364525
protein_adsorption,175,2014,0.55,0.025158,False,False,False,False,False,0.589899,0.726372,0.364525
protein_adsorption,176,2014,0.6,0.301518,False,False,False,False,False,0.591919,0.726372,0.364525
protein_adsorption,177,2014,0.55,0.025158,False,False,False,False,False,0.583535,0.726372,0.364525
protein_adsorption,178,2014,0.6,0.301518,False,True,False,False,False,0.586828,0.726372,0.364525
protein_adsorption,179,2014,0.75,1.130598,False,True,False,False,False,0.619463,0.726372,0.364525
protein_adsorption,180,2014,0.45,-0.527562,False,False,False,False,False,0.58557,0.726372,0.364525
protein_adsorption,181,2014,0.25,-1.633002,False,False,False,False,False,0.518456,0.726372,0.364525
protein_adsorption,182,2014,0.65,0.577878,False,False,False,False,False,0.544765,0.726372,0.364525
protein_adsorption,183,2014,0.25,-1.633002,False,False,False,False,False,0.485812,0.726372,0.364525
protein_adsorption,184,2015,0.7,0.854238,False,False,False,False,False,0.52865,0.726372,0.364525
protein_adsorption,185,2015,0.5,-0.251202,False,False,False,False,False,0.52292,0.726372,0.364525
protein_adsorption,186,2015,0.25,-1.633002,False,False,False,False,False,0.468336,0.726372,0.364525
protein_adsorption,187,2015,0.55,0.025158,False,False,False,False,False,0.484669,0.726372,0.364525
protein_adsorption,188,2015,0.85,1.683318,False,False,False,False,False,0.557735,0.726372,0.364525
protein_adsorption,189,2015,0.4,-0.803922,False,False,False,False,False,0.526188,0.726372,0.364525
protein_adsorption,190,2015,0.7,0.854238,False,False,False,False,False,0.56095,0.726372,0.364525
protein_adsorption,191,2015,0.65,0.577878,False,False,False,False,False,0.57876,0.726372,0.364525
protein_adsorption,192,2015,0.85,1.683318,False,False,False,False,False,0.633008,0.726372,0.364525
protein_adsorption,193,2015,0.55,0.025158,False,False,False,False,False,0.616407,0.726372,0.364525
protein_adsorption,194,2015,0.3,-1.356642,False,False,False,False,False,0.553125,0.726372,0.364525
protein_adsorption,195,2015,0.6,0.301518,False,False,False,False,False,0.5625,0.726372,0.364525
protein_adsorption,196,2015,0.5,-0.251202,False,False,False,False,False,0.55,0.726372,0.364525
protein_adsorption,197,2015,0.5,-0.251202,False,False,False,False,False,0.54,0.726372,0.364525
protein_adsorption,198,2015,0.4,-0.803922,False,False,False,False,False,0.512,0.726372,0.364525
protein_adsorption,199,2015,0.6,0.301518,False,False,False,False,False,0.5296,0.726372,0.364525
protein_adsorption,200,2015,0.55,0.025158,False,False,False,False,False,0.53368,0.726372,0.364525
protein_adsorption,201,2015,0.15,-2.185722,False,False,False,False,False,0.456944,0.726372,0.364525
protein_adsorption,202,2015,0.7,0.854238,False,False,False,False,False,0.505555,0.726372,0.364525
protein_adsorption,203,2015,0.45,-0.527562,False,False,False,False,False,0.494444,0.726372,0.364525
protein_adsorption,204,2015,0.3,-1.356642,False,False,False,False,False,0.455555,0.726372,0.364525
protein_adsorption,205,2015,0.4,-0.803922,False,False,False,False,False,0.444444,0.726372,0.364525
protein_adsorption,206,2015,0.3,-1.356642,False,False,False,False,False,0.415555,0.726372,0.364525
protein_adsorption,207,2015,0.65,0.577878,False,False,False,False,False,0.462444,0.726372,0.364525
protein_adsorption,208,2015,0.65,0.577878,False,False,False,False,False,0.499955,0.726372,0.364525
protein_adsorption,209,2015,0.45,-0.527562,False,False,False,False,False,0.489964,0.726372,0.364525
protein_adsorption,210,2015,0.6,0.301518,False,False,False,False,False,0.511972,0.726372,0.364525
protein_adsorption,211,2015,0.5,-0.251202,False,False,False,False,False,0.509577,0.726372,0.364525
protein_adsorption,212,2015,0.5,-0.251202,False,False,False,False,False,0.507662,0.726372,0.364525
protein_adsorption,213,2015,0.5,-0.251202,False,False,False,False,False,0.506129,0.726372,0.364525
protein_adsorption,214,2015,0.4,-0.803922,False,False,False,False,False,0.484904,0.726372,0.364525
protein_adsorption,215,2015,0.3,-1.356642,False,False,False,False,False,0.447923,0.726372,0.364525
protein_adsorption,216,2015,0.6,0.301518,False,False,False,False,False,0.478338,0.726372,0.364525
protein_adsorption,217,2015,0.35,-1.080282,False,False,False,False,False,0.452671,0.726372,0.364525
protein_adsorption,218,2015,0.75,1.130598,False,False,False,False,False,0.512136,0.726372,0.364525
protein_adsorption,219,2015,0.5,-0.251202,False,False,False,False,False,0.509709,0.726372,0.364525
protein_adsorption,220,2015,0.45,-0.527562,False,False,False,False,False,0.497767,0.726372,0.364525
protein_adsorption,221,2015,0.55,0.025158,False,False,False,False,False,0.508214,0.726372,0.364525
protein_adsorption,222,2015,0.4,-0.803922,False,False,False,False,False,0.486571,0.726372,0.364525
protein_adsorption,223,2015,0.7,0.854238,False,False,False,False,False,0.529257,0.726372,0.364525
protein_adsorption,224,2015,0.15,-2.185722,False,False,False,False,False,0.453406,0.726372,0.364525
protein_adsorption,225,2015,0.4,-0.803922,False,False,False,False,False,0.442724,0.726372,0.364525
protein_adsorption,226,2015,0.75,1.130598,False,False,False,False,False,0.50418,0.726372,0.364525
protein_adsorption,227,2015,0.45,-0.527562,False,False,False,False,False,0.493344,0.726372,0.364525
protein_adsorption,228,2015,0.4,-0.803922,False,False,False,False,False,0.474675,0.726372,0.364525
protein_adsorption,229,2015,0.3,-1.356642,False,False,False,False,False,0.43974,0.726372,0.364525
protein_adsorption,230,2015,0.2,-1.909362,False,False,False,False,False,0.391792,0.726372,0.364525
protein_adsorption,231,2015,0.35,-1.080282,False,False,False,False,False,0.383434,0.726372,0.364525
protein_adsorption,232,2015,0.65,0.577878,False,False,False,False,False,0.436747,0.726372,0.364525
protein_adsorption,233,2015,0.45,-0.527562,False,False,False,False,False,0.439397,0.726372,0.364525
protein_adsorption,234,2015,0.5,-0.251202,False,False,False,False,False,0.451518,0.726372,0.364525
protein_adsorption,235,2015,0.55,0.025158,False,False,False,False,False,0.471214,0.726372,0.364525
protein_adsorption,236,2015,0.45,-0.527562,False,False,False,False,False,0.466972,0.726372,0.364525
protein_adsorption,237,2015,0.35,-1.080282,False,False,False,False,False,0.443577,0.726372,0.364525
protein_adsorption,238,2015,0.3,-1.356642,False,False,False,False,False,0.414862,0.726372,0.364525
protein_adsorption,239,2015,0.85,1.683318,False,False,False,False,False,0.501889,0.726372,0.364525
protein_adsorption,240,2015,0.45,-0.527562,False,False,False,False,False,0.491512,0.726372,0.364525
protein_adsorption,241,2016,0.1,-2.462082,False,False,False,False,False,0.413209,0.726372,0.364525
protein_adsorption,242,2016,0.25,-1.633002,False,False,False,False,False,0.380567,0.726372,0.364525
protein_adsorption,243,2016,0.6,0.301518,False,False,False,False,False,0.424454,0.726372,0.364525
protein_adsorption,244,2016,0.1,-2.462082,False,False,False,False,True,0.359563,0.726372,0.364525
protein_adsorption,245,2016,0.5,-0.251202,False,False,False,False,False,0.38765,0.726372,0.364525
protein_adsorption,246,2016,0.4,-0.803922,False,False,False,False,False,0.39012,0.726372,0.364525
protein_adsorption,247,2016,0.55,0.025158,False,False,False,False,False,0.422096,0.726372,0.364525
protein_adsorption,248,2016,0.5,-0.251202,False,False,False,False,False,0.437677,0.726372,0.364525
protein_adsorption,249,2016,0.7,0.854238,False,False,False,False,False,0.490142,0.726372,0.364525
protein_adsorption,250,2016,0.3,-1.356642,False,False,False,False,False,0.452113,0.726372,0.364525
protein_adsorption,251,2016,0.5,-0.251202,False,False,False,False,False,0.461691,0.726372,0.364525
protein_adsorption,252,2016,0.55,0.025158,False,False,False,False,False,0.479353,0.726372,0.364525
protein_adsorption,253,2016,0.3,-1.356642,False,False,False,False,False,0.443482,0.726372,0.364525
protein_adsorption,254,2016,0.05,-2.738442,False,False,False,False,False,0.364786,0.726372,0.364525
protein_adsorption,255,2016,0.55,0.025158,False,False,False,False,False,0.401828,0.726372,0.364525
protein_adsorption,256,2016,0.35,-1.080282,False,False,False,False,False,0.391463,0.726372,0.364525
protein_adsorption,257,2016,0.35,-1.080282,False,False,False,False,False,0.38317,0.726372,0.364525
protein_adsorption,258,2016,0.3,-1.356642,False,False,False,False,False,0.366536,0.726372,0.364525
protein_adsorption,259,2016,0.6,0.301518,False,False,False,False,False,0.413229,0.726372,0.364525
protein_adsorption,260,2016,0.6,0.301518,False,False,False,False,False,0.450583,0.726372,0.364525
protein_adsorption,261,2016,0.35,-1.080282,False,False,False,False,False,0.430467,0.726372,0.364525
protein_adsorption,262,2016,0.4,-0.803922,False,False,False,False,False,0.424373,0.726372,0.364525
protein_adsorption,263,2016,0.4,-0.803922,False,False,False,False,False,0.419499,0.726372,0.364525
protein_adsorption,264,2016,0.2,-1.909362,False,False,False,False,False,0.375599,0.726372,0.364525
protein_adsorption,265,2016,0.55,0.025158,False,False,False,False,False,0.410479,0.726372,0.364525
protein_adsorption,266,2016,0.45,-0.527562,False,False,False,False,False,0.418383,0.726372,0.364525
protein_adsorption,267,2016,0.2,-1.909362,False,False,False,False,False,0.374707,0.726372,0.364525
protein_adsorption,268,2016,0.65,0.577878,False,False,False,False,False,0.429765,0.726372,0.364525
protein_adsorption,269,2016,0.55,0.025158,False,False,False,False,False,0.453812,0.726372,0.364525
protein_adsorption,270,2016,0.75,1.130598,False,False,False,False,False,0.51305,0.726372,0.364525
protein_adsorption,271,2016,0.3,-1.356642,False,False,False,False,False,0.47044,0.726372,0.364525
protein_adsorption,272,2016,0.55,0.025158,False,False,False,False,False,0.486352,0.726372,0.364525
protein_adsorption,273,2016,0.3,-1.356642,False,False,False,False,False,0.449081,0.726372,0.364525
protein_adsorption,274,2016,0.3,-1.356642,False,False,False,False,False,0.419265,0.726372,0.364525
protein_adsorption,275,2016,0.45,-0.527562,False,False,False,False,False,0.425412,0.726372,0.364525
protein_adsorption,276,2016,0.3,-1.356642,False,False,False,False,False,0.40033,0.726372,0.364525
protein_adsorption,277,2016,0.6,0.301518,False,False,False,False,False,0.440264,0.726372,0.364525
protein_adsorption,278,2016,0.85,1.683318,False,False,False,False,False,0.522211,0.726372,0.364525
protein_adsorption,279,2016,0.65,0.577878,False,False,False,False,False,0.547769,0.726372,0.364525
protein_adsorption,280,2016,0.5,-0.251202,False,False,False,False,False,0.538215,0.726372,0.364525
protein_adsorption,281,2016,0.4,-0.803922,False,False,False,False,False,0.510572,0.726372,0.364525
protein_adsorption,282,2016,0.6,0.301518,False,False,False,False,False,0.528458,0.726372,0.364525
protein_adsorption,283,2016,0.45,-0.527562,False,False,False,False,False,0.512766,0.726372,0.364525
protein_adsorption,284,2016,0.65,0.577878,False,False,False,False,False,0.540213,0.726372,0.364525
protein_adsorption,285,2016,0.55,0.025158,False,False,False,False,False,0.54217,0.726372,0.364525
protein_adsorption,286,2016,0.8,1.406958,False,False,False,False,False,0.593736,0.726372,0.364525
protein_adsorption,287,2016,0.45,-0.527562,False,False,False,False,False,0.564989,0.726372,0.364525
protein_adsorption,288,2016,0.4,-0.803922,False,False,False,False,False,0.531991,0.726372,0.364525
protein_adsorption,289,2016,0.6,0.301518,False,False,False,False,False,0.545593,0.726372,0.364525
protein_adsorption,290,2016,0.3,-1.356642,False,False,False,False,False,0.496474,0.726372,0.364525
protein_adsorption,291,2016,0.45,-0.527562,False,False,False,False,False,0.487179,0.726372,0.364525
protein_adsorption,292,2016,0.3,-1.356642,False,False,False,False,False,0.449744,0.726372,0.364525
protein_adsorption,293,2016,0.5,-0.251202,False,False,False,False,False,0.459795,0.726372,0.364525
protein_adsorption,294,2016,0.1,-2.462082,False,False,False,False,False,0.387836,0.726372,0.364525
protein_adsorption,295,2016,0.35,-1.080282,False,False,False,False,False,0.380269,0.726372,0.364525
protein_adsorption,296,2016,0.65,0.577878,False,False,False,False,False,0.434215,0.726372,0.364525
protein_adsorption,297,2016,0.8,1.406958,False,False,False,False,False,0.507372,0.726372,0.364525
protein_adsorption,298,2016,0.25,-1.633002,False,False,False,False,False,0.455898,0.726372,0.364525
protein_adsorption,299,2016,0.45,-0.527562,False,False,False,False,False,0.454718,0.726372,0.364525
protein_adsorption,300,2016,0.05,-2.738442,False,False,False,False,False,0.373774,0.726372,0.364525
protein_adsorption,301,2016,0.6,0.301518,False,False,False,False,False,0.41902,0.726372,0.364525
protein_adsorption,302,2017,0.25,-1.633002,False,False,False,False,False,0.385216,0.726372,0.364525
protein_adsorption,303,2017,0.3,-1.356642,False,False,False,False,False,0.368173,0.726372,0.364525
protein_adsorption,304,2017,0.5,-0.251202,False,False,False,False,False,0.394538,0.726372,0.364525
protein_adsorption,305,2017,0.45,-0.527562,False,False,False,False,False,0.40563,0.726372,0.364525
protein_adsorption,306,2017,0.5,-0.251202,False,False,False,False,False,0.424504,0.726372,0.364525
protein_adsorption,307,2017,0.65,0.577878,False,False,False,False,False,0.469603,0.726372,0.364525
protein_adsorption,308,2017,0.5,-0.251202,False,False,False,False,False,0.475683,0.726372,0.364525
protein_adsorption,309,2017,0.3,-1.356642,False,False,False,False,False,0.440546,0.726372,0.364525
protein_adsorption,310,2017,0.25,-1.633002,False,False,False,False,False,0.402437,0.726372,0.364525
protein_adsorption,311,2017,0.45,-0.527562,False,False,False,False,False,0.41195,0.726372,0.364525
protein_adsorption,312,2017,0.25,-1.633002,False,False,False,False,False,0.37956,0.726372,0.364525
protein_adsorption,313,2017,0.65,0.577878,False,False,False,False,False,0.433648,0.726372,0.364525
protein_adsorption,314,2017,0.35,-1.080282,False,False,False,False,False,0.416918,0.726372,0.364525
protein_adsorption,315,2017,0.55,0.025158,False,False,False,False,False,0.443535,0.726372,0.364525
protein_adsorption,316,2017,0.45,-0.527562,False,False,False,False,False,0.444828,0.726372,0.364525
protein_adsorption,317,2017,0.65,0.577878,False,False,False,False,False,0.485862,0.726372,0.364525
protein_adsorption,318,2017,0.1,-2.462082,False,False,False,False,False,0.40869,0.726372,0.364525
protein_adsorption,319,2017,0.3,-1.356642,False,False,False,False,False,0.386952,0.726372,0.364525
protein_adsorption,320,2017,0.6,0.301518,False,False,False,False,False,0.429561,0.726372,0.364525
protein_adsorption,321,2017,0.35,-1.080282,False,False,False,False,False,0.413649,0.726372,0.364525
protein_adsorption,322,2017,0.35,-1.080282,False,False,False,False,False,0.400919,0.726372,0.364525
protein_adsorption,323,2017,0.45,-0.527562,False,False,False,False,False,0.410735,0.726372,0.364525
protein_adsorption,324,2017,0.55,0.025158,False,False,False,False,False,0.438588,0.726372,0.364525
protein_adsorption,325,2017,0.3,-1.356642,False,False,False,False,False,0.410871,0.726372,0.364525
protein_adsorption,326,2017,0.45,-0.527562,False,False,False,False,False,0.418697,0.726372,0.364525
protein_adsorption,327,2017,0.55,0.025158,False,False,False,False,False,0.444957,0.726372,0.364525
protein_adsorption,328,2017,0.6,0.301518,False,False,False,False,False,0.475966,0.726372,0.364525
protein_adsorption,329,2017,0.3,-1.356642,False,False,False,False,False,0.440773,0.726372,0.364525
protein_adsorption,330,2017,0.7,0.854238,False,False,False,False,False,0.492618,0.726372,0.364525
protein_adsorption,331,2017,0.55,0.025158,False,False,False,False,False,0.504094,0.726372,0.364525
protein_adsorption,332,2017,0.4,-0.803922,False,False,False,False,False,0.483276,0.726372,0.364525
protein_adsorption,333,2017,0.05,-2.738442,False,False,False,False,False,0.39662,0.726372,0.364525
protein_adsorption,334,2017,0.6,0.301518,False,False,False,False,False,0.437296,0.726372,0.364525
protein_adsorption,335,2017,0.7,0.854238,False,False,False,False,False,0.489837,0.726372,0.364525
protein_adsorption,336,2017,0.5,-0.251202,False,False,False,False,False,0.49187,0.726372,0.364525
protein_adsorption,337,2017,0.65,0.577878,False,False,False,False,False,0.523496,0.726372,0.364525
protein_adsorption,338,2017,0.1,-2.462082,False,False,False,False,False,0.438797,0.726372,0.364525
protein_adsorption,339,2017,0.75,1.130598,False,False,False,False,False,0.501037,0.726372,0.364525
protein_adsorption,340,2017,0.6,0.301518,False,False,False,False,False,0.52083,0.726372,0.364525
protein_adsorption,341,2017,0.65,0.577878,False,False,False,False,False,0.546664,0.726372,0.364525
protein_adsorption,342,2017,0.55,0.025158,False,False,False,False,False,0.547331,0.726372,0.364525
protein_adsorption,343,2017,0.55,0.025158,False,False,False,False,False,0.547865,0.726372,0.364525
protein_adsorption,344,2017,0.7,0.854238,False,False,False,False,False,0.578292,0.726372,0.364525
protein_adsorption,345,2017,0.7,0.854238,False,False,False,False,False,0.602634,0.726372,0.364525
protein_adsorption,346,2017,0.6,0.301518,False,False,False,False,False,0.602107,0.726372,0.364525
protein_adsorption,347,2017,0.55,0.025158,False,True,False,False,False,0.591685,0.726372,0.364525
protein_adsorption,348,2017,0.9,1.959678,False,True,False,False,False,0.653348,0.726372,0.364525
protein_adsorption,349,2017,0.2,-1.909362,False,False,False,False,False,0.562679,0.726372,0.364525
protein_adsorption,350,2017,0.8,1.406958,False,False,False,False,False,0.610143,0.726372,0.364525
protein_adsorption,351,2017,0.55,0.025158,False,False,False,False,False,0.598114,0.726372,0.364525
protein_adsorption,352,2017,0.75,1.130598,False,False,False,False,False,0.628491,0.726372,0.364525
protein_adsorption,353,2017,0.0,-3.014802,True,False,False,False,False,0.502793,0.726372,0.364525
protein_adsorption,354,2017,0.2,-1.909362,False,False,False,False,False,0.442235,0.726372,0.364525
protein_adsorption,355,2017,0.65,0.577878,False,False,False,False,False,0.483788,0.726372,0.364525
protein_adsorption,356,2017,0.45,-0.527562,False,False,False,False,False,0.47703,0.726372,0.364525
protein_adsorption,357,2018,0.5,-0.251202,False,False,False,False,False,0.481624,0.726372,0.364525
protein_adsorption,358,2018,0.75,1.130598,False,False,False,False,False,0.535299,0.726372,0.364525
protein_adsorption,359,2018,0.6,0.301518,False,False,False,False,False,0.548239,0.726372,0.364525
protein_adsorption,360,2018,0.55,0.025158,False,False,False,False,False,0.548592,0.726372,0.364525
protein_adsorption,361,2018,0.7,0.854238,False,False,False,False,False,0.578873,0.726372,0.364525
protein_adsorption,362,2018,0.45,-0.527562,False,False,False,False,False,0.553099,0.726372,0.364525
protein_adsorption,363,2018,0.7,0.854238,False,False,False,False,False,0.582479,0.726372,0.364525
protein_adsorption,364,2018,0.55,0.025158,False,False,False,False,False,0.575983,0.726372,0.364525
protein_adsorption,365,2018,0.4,-0.803922,False,False,False,False,False,0.540786,0.726372,0.364525
protein_adsorption,366,2018,0.85,1.683318,False,False,False,False,False,0.602629,0.726372,0.364525
protein_adsorption,367,2018,0.45,-0.527562,False,False,False,False,False,0.572103,0.726372,0.364525
protein_adsorption,368,2018,0.5,-0.251202,False,False,False,False,False,0.557683,0.726372,0.364525
protein_adsorption,369,2018,0.35,-1.080282,False,False,False,False,False,0.516146,0.726372,0.364525
protein_adsorption,370,2018,0.3,-1.356642,False,False,False,False,False,0.472917,0.726372,0.364525
protein_adsorption,371,2018,0.65,0.577878,False,False,False,False,False,0.508334,0.726372,0.364525
protein_adsorption,372,2018,0.7,0.854238,False,False,False,False,False,0.546667,0.726372,0.364525
protein_adsorption,373,2018,0.6,0.301518,False,False,False,False,False,0.557333,0.726372,0.364525
protein_adsorption,374,2018,0.45,-0.527562,False,False,False,False,False,0.535867,0.726372,0.364525
protein_adsorption,375,2018,0.35,-1.080282,False,False,False,False,False,0.498693,0.726372,0.364525
protein_adsorption,376,2018,0.5,-0.251202,False,False,False,False,False,0.498955,0.726372,0.364525
protein_adsorption,377,2018,0.55,0.025158,False,False,False,False,False,0.509164,0.726372,0.364525
protein_adsorption,378,2018,0.3,-1.356642,False,False,False,False,False,0.467331,0.726372,0.364525
protein_adsorption,379,2018,0.55,0.025158,False,False,False,False,False,0.483865,0.726372,0.364525
protein_adsorption,380,2018,0.6,0.301518,False,False,False,False,False,0.507092,0.726372,0.364525
protein_adsorption,381,2018,0.75,1.130598,False,False,False,False,False,0.555673,0.726372,0.364525
protein_adsorption,382,2018,0.45,-0.527562,False,False,False,False,False,0.534539,0.726372,0.364525
protein_adsorption,383,2018,0.7,0.854238,False,False,False,False,False,0.567631,0.726372,0.364525
protein_adsorption,384,2018,0.6,0.301518,False,False,False,False,False,0.574105,0.726372,0.364525
protein_adsorption,385,2018,0.65,0.577878,False,False,False,False,False,0.589284,0.726372,0.364525
protein_adsorption,386,2018,0.5,-0.251202,False,False,False,False,False,0.571427,0.726372,0.364525
protein_adsorption,387,2018,0.6,0.301518,False,False,False,False,False,0.577142,0.726372,0.364525
protein_adsorption,388,2018,0.65,0.577878,False,False,False,False,False,0.591713,0.726372,0.364525
protein_adsorption,389,2018,0.85,1.683318,False,False,False,False,False,0.643371,0.726372,0.364525
protein_adsorption,390,2018,0.65,0.577878,False,False,False,False,False,0.644697,0.726372,0.364525
protein_adsorption,391,2018,0.95,2.236038,False,False,False,False,False,0.705757,0.726372,0.364525
protein_adsorption,392,2018,0.75,1.130598,False,False,False,False,False,0.714606,0.726372,0.364525
protein_adsorption,393,2018,0.5,-0.251202,False,False,False,False,False,0.671685,0.726372,0.364525
protein_adsorption,394,2018,0.5,-0.251202,False,False,False,False,False,0.637348,0.726372,0.364525
protein_adsorption,395,2018,0.35,-1.080282,False,False,False,False,False,0.579878,0.726372,0.364525
protein_adsorption,396,2018,0.7,0.854238,False,False,False,False,False,0.603903,0.726372,0.364525
protein_adsorption,397,2018,0.45,-0.527562,False,False,False,False,False,0.573122,0.726372,0.364525
protein_adsorption,398,2018,0.65,0.577878,False,False,False,False,False,0.588498,0.726372,0.364525
protein_adsorption,399,2018,0.15,-2.185722,False,False,False,False,False,0.500798,0.726372,0.364525
protein_adsorption,400,2018,0.5,-0.251202,False,False,False,False,False,0.500638,0.726372,0.364525
protein_adsorption,401,2018,0.4,-0.803922,False,False,False,False,False,0.480511,0.726372,0.364525
protein_adsorption,402,2018,0.55,0.025158,False,False,False,False,False,0.494409,0.726372,0.364525
protein_adsorption,403,2018,0.7,0.854238,False,False,False,False,False,0.535527,0.726372,0.364525
protein_adsorption,404,2018,0.4,-0.803922,False,False,False,False,False,0.508422,0.726372,0.364525
protein_adsorption,405,2018,0.3,-1.356642,False,False,False,False,False,0.466737,0.726372,0.364525
protein_adsorption,406,2018,0.75,1.130598,False,False,False,False,False,0.52339,0.726372,0.364525
protein_adsorption,407,2018,0.55,0.025158,False,False,False,False,False,0.528712,0.726372,0.364525
protein_adsorption,408,2018,0.85,1.683318,False,False,False,False,False,0.592969,0.726372,0.364525
protein_adsorption,409,2018,0.45,-0.527562,False,False,False,False,False,0.564376,0.726372,0.364525
protein_adsorption,410,2018,0.65,0.577878,False,False,False,False,False,0.5815,0.726372,0.364525
protein_adsorption,411,2018,0.2,-1.909362,False,False,False,False,False,0.5052,0.726372,0.364525
protein_adsorption,412,2018,0.95,2.236038,False,False,False,False,False,0.59416,0.726372,0.364525
protein_adsorption,413,2018,0.35,-1.080282,False,False,False,False,False,0.545328,0.726372,0.364525
protein_adsorption,414,2018,0.45,-0.527562,False,False,False,False,False,0.526263,0.726372,0.364525
protein_adsorption,415,2019,0.5,-0.251202,False,False,False,False,False,0.52101,0.726372,0.364525
protein_adsorption,416,2019,0.3,-1.356642,False,False,False,False,False,0.476808,0.726372,0.364525
protein_adsorption,417,2019,0.55,0.025158,False,False,False,False,False,0.491446,0.726372,0.364525
protein_adsorption,418,2019,0.75,1.130598,False,False,False,False,False,0.543157,0.726372,0.364525
protein_adsorption,419,2019,0.55,0.025158,False,False,False,False,False,0.544526,0.726372,0.364525
protein_adsorption,420,2019,0.6,0.301518,False,False,False,False,False,0.555621,0.726372,0.364525
protein_adsorption,421,2019,0.6,0.301518,False,False,False,False,False,0.564496,0.726372,0.364525
protein_adsorption,422,2019,0.45,-0.527562,False,False,False,False,False,0.541597,0.726372,0.364525
protein_adsorption,423,2019,0.6,0.301518,False,False,False,False,False,0.553278,0.726372,0.364525
protein_adsorption,424,2019,0.7,0.854238,False,False,False,False,False,0.582622,0.726372,0.364525
protein_adsorption,425,2019,0.85,1.683318,False,False,False,False,False,0.636098,0.726372,0.364525
protein_adsorption,426,2019,0.5,-0.251202,False,False,False,False,False,0.608878,0.726372,0.364525
protein_adsorption,427,2019,0.6,0.301518,False,False,False,False,False,0.607103,0.726372,0.364525
protein_adsorption,428,2019,0.35,-1.080282,False,False,False,False,False,0.555682,0.726372,0.364525
protein_adsorption,429,2019,0.7,0.854238,False,False,False,False,False,0.584546,0.726372,0.364525
protein_adsorption,430,2019,0.4,-0.803922,False,False,False,False,False,0.547637,0.726372,0.364525
protein_adsorption,431,2019,0.6,0.301518,False,False,False,False,False,0.558109,0.726372,0.364525
protein_adsorption,432,2019,0.5,-0.251202,False,False,False,False,False,0.546487,0.726372,0.364525
protein_adsorption,433,2019,0.5,-0.251202,False,False,False,False,False,0.53719,0.726372,0.364525
protein_adsorption,434,2019,0.7,0.854238,False,False,False,False,False,0.569752,0.726372,0.364525
protein_adsorption,435,2019,0.55,0.025158,False,False,False,False,False,0.565802,0.726372,0.364525
protein_adsorption,436,2019,0.75,1.130598,False,False,False,False,False,0.602641,0.726372,0.364525
protein_adsorption,437,2019,0.55,0.025158,False,False,False,False,False,0.592113,0.726372,0.364525
protein_adsorption,438,2019,0.7,0.854238,False,False,False,False,False,0.61369,0.726372,0.364525
protein_adsorption,439,2019,0.8,1.406958,False,False,False,False,False,0.650952,0.726372,0.364525
protein_adsorption,440,2019,0.65,0.577878,False,False,False,False,False,0.650762,0.726372,0.364525
protein_adsorption,441,2019,0.6,0.301518,False,False,False,False,False,0.640609,0.726372,0.364525
protein_adsorption,442,2019,0.55,0.025158,False,True,False,False,False,0.622488,0.726372,0.364525
protein_adsorption,443,2019,0.65,0.577878,False,True,False,False,False,0.62799,0.726372,0.364525
protein_adsorption,444,2019,0.4,-0.803922,False,False,False,False,False,0.582392,0.726372,0.364525
protein_adsorption,445,2019,0.65,0.577878,False,False,False,False,False,0.595914,0.726372,0.364525
protein_adsorption,446,2019,0.5,-0.251202,False,False,False,False,False,0.576731,0.726372,0.364525
protein_adsorption,447,2019,0.8,1.406958,False,False,False,False,False,0.621385,0.726372,0.364525
protein_adsorption,448,2019,0.8,1.406958,False,False,False,False,False,0.657108,0.726372,0.364525
protein_adsorption,449,2019,0.85,1.683318,False,False,False,False,False,0.695686,0.726372,0.364525
protein_adsorption,450,2019,0.6,0.301518,False,False,False,False,False,0.676549,0.726372,0.364525
protein_adsorption,451,2019,0.6,0.301518,False,False,False,False,False,0.661239,0.726372,0.364525
protein_adsorption,452,2019,0.7,0.854238,False,False,False,False,False,0.668991,0.726372,0.364525
protein_adsorption,453,2019,0.6,0.301518,False,False,False,False,False,0.655193,0.726372,0.364525
protein_adsorption,454,2019,0.65,0.577878,False,False,False,False,False,0.654154,0.726372,0.364525
protein_adsorption,455,2019,0.6,0.301518,False,True,False,False,False,0.643324,0.726372,0.364525
protein_adsorption,456,2019,0.6,0.301518,False,True,False,False,False,0.634659,0.726372,0.364525
protein_adsorption,457,2019,0.5,-0.251202,False,False,False,False,False,0.607727,0.726372,0.364525
protein_adsorption,458,2019,0.6,0.301518,False,False,False,False,False,0.606182,0.726372,0.364525
protein_adsorption,459,2019,0.6,0.301518,False,False,False,False,False,0.604945,0.726372,0.364525
protein_adsorption,460,2019,0.5,-0.251202,False,False,False,False,False,0.583956,0.726372,0.364525
protein_adsorption,461,2019,0.85,1.683318,False,False,False,False,False,0.637165,0.726372,0.364525
protein_adsorption,462,2019,0.7,0.854238,False,False,False,False,False,0.649732,0.726372,0.364525
protein_adsorption,463,2019,0.6,0.301518,False,False,False,False,False,0.639786,0.726372,0.364525
protein_adsorption,464,2019,0.85,1.683318,False,False,False,False,False,0.681828,0.726372,0.364525
protein_adsorption,465,2020,0.4,-0.803922,False,False,False,False,False,0.625463,0.726372,0.364525
protein_adsorption,466,2020,0.45,-0.527562,False,False,False,False,False,0.59037,0.726372,0.364525
protein_adsorption,467,2020,0.5,-0.251202,False,False,False,False,False,0.572296,0.726372,0.364525
protein_adsorption,468,2020,0.7,0.854238,False,False,False,False,False,0.597837,0.726372,0.364525
protein_adsorption,469,2020,0.75,1.130598,False,False,False,False,False,0.62827,0.726372,0.364525
protein_adsorption,470,2020,0.5,-0.251202,False,False,False,False,False,0.602616,0.726372,0.364525
protein_adsorption,471,2020,0.35,-1.080282,False,False,False,False,False,0.552093,0.726372,0.364525
protein_adsorption,472,2020,0.55,0.025158,False,False,False,False,False,0.551674,0.726372,0.364525
protein_adsorption,473,2020,0.45,-0.527562,False,False,False,False,False,0.531339,0.726372,0.364525
protein_adsorption,474,2020,0.45,-0.527562,False,False,False,False,False,0.515071,0.726372,0.364525
protein_adsorption,475,2020,0.55,0.025158,False,False,False,False,False,0.522057,0.726372,0.364525
protein_adsorption,476,2020,0.75,1.130598,False,False,False,False,False,0.567646,0.726372,0.364525
protein_adsorption,477,2020,0.6,0.301518,False,False,False,False,False,0.574117,0.726372,0.364525
protein_adsorption,478,2020,0.5,-0.251202,False,False,False,False,False,0.559293,0.726372,0.364525
protein_adsorption,479,2020,0.3,-1.356642,False,False,False,False,False,0.507435,0.726372,0.364525
protein_adsorption,480,2020,0.35,-1.080282,False,False,False,False,False,0.475948,0.726372,0.364525
protein_adsorption,481,2020,0.85,1.683318,False,False,False,False,False,0.550758,0.726372,0.364525
protein_adsorption,482,2020,0.45,-0.527562,False,False,False,False,False,0.530607,0.726372,0.364525
protein_adsorption,483,2020,0.8,1.406958,False,False,False,False,False,0.584485,0.726372,0.364525
protein_adsorption,484,2020,0.45,-0.527562,False,False,False,False,False,0.557588,0.726372,0.364525
protein_adsorption,485,2020,0.5,-0.251202,False,False,False,False,False,0.546071,0.726372,0.364525
protein_adsorption,486,2020,0.45,-0.527562,False,False,False,False,False,0.526856,0.726372,0.364525
protein_adsorption,487,2020,0.75,1.130598,False,False,False,False,False,0.571485,0.726372,0.364525
protein_adsorption,488,2020,0.7,0.854238,False,False,False,False,False,0.597188,0.726372,0.364525
protein_adsorption,489,2020,0.45,-0.527562,False,False,False,False,False,0.56775,0.726372,0.364525
protein_adsorption,490,2020,0.2,-1.909362,False,False,False,False,False,0.4942,0.726372,0.364525
protein_adsorption,491,2020,0.5,-0.251202,False,False,False,False,False,0.49536,0.726372,0.364525
protein_adsorption,492,2020,0.7,0.854238,False,False,False,False,False,0.536288,0.726372,0.364525
protein_adsorption,493,2020,0.8,1.406958,False,False,False,False,False,0.589031,0.726372,0.364525
protein_adsorption,494,2020,0.5,-0.251202,False,False,False,False,False,0.571224,0.726372,0.364525
protein_adsorption,495,2020,0.7,0.854238,False,False,False,False,False,0.59698,0.726372,0.364525
protein_adsorption,496,2020,0.7,0.854238,False,False,False,False,False,0.617584,0.726372,0.364525
protein_adsorption,497,2020,0.6,0.301518,False,False,False,False,False,0.614067,0.726372,0.364525
protein_adsorption,498,2020,0.45,-0.527562,False,False,False,False,False,0.581254,0.726372,0.364525
protein_adsorption,499,2020,0.65,0.577878,False,False,False,False,False,0.595003,0.726372,0.364525
protein_adsorption,500,2020,0.9,1.959678,False,False,False,False,False,0.656002,0.726372,0.364525
protein_adsorption,501,2020,0.7,0.854238,False,False,False,False,False,0.664802,0.726372,0.364525
protein_adsorption,502,2020,0.6,0.301518,False,False,False,False,False,0.651841,0.726372,0.364525
protein_adsorption,503,2020,0.6,0.301518,False,False,False,False,False,0.641473,0.726372,0.364525
protein_adsorption,504,2020,0.8,1.406958,False,False,False,False,False,0.673179,0.726372,0.364525
protein_adsorption,505,2020,0.5,-0.251202,False,False,False,False,False,0.638543,0.726372,0.364525
protein_adsorption,506,2020,0.65,0.577878,False,False,False,False,False,0.640834,0.726372,0.364525
protein_adsorption,507,2021,0.75,1.130598,False,False,False,False,False,0.662667,0.726372,0.364525
protein_adsorption,508,2021,0.95,2.236038,False,False,False,False,False,0.720134,0.726372,0.364525
protein_adsorption,509,2021,0.7,0.854238,False,False,False,False,False,0.716107,0.726372,0.364525
protein_adsorption,510,2021,0.9,1.959678,False,False,False,False,True,0.752886,0.726372,0.364525
protein_adsorption,511,2021,0.65,0.577878,False,False,False,False,True,0.732309,0.726372,0.364525
protein_adsorption,512,2021,0.95,2.236038,False,False,False,False,True,0.775847,0.726372,0.364525
protein_adsorption,513,2021,0.4,-0.803922,False,False,False,False,False,0.700677,0.726372,0.364525
protein_adsorption,514,2021,0.55,0.025158,False,False,False,False,False,0.670542,0.726372,0.364525
protein_adsorption,515,2021,0.6,0.301518,False,False,False,False,False,0.656434,0.726372,0.364525
protein_adsorption,516,2021,0.45,-0.527562,False,False,False,False,False,0.615147,0.726372,0.364525
protein_adsorption,517,2021,0.65,0.577878,False,False,False,False,False,0.622117,0.726372,0.364525
protein_adsorption,518,2021,0.5,-0.251202,False,False,False,False,False,0.597694,0.726372,0.364525
protein_adsorption,519,2021,0.8,1.406958,False,False,False,False,False,0.638155,0.726372,0.364525
protein_adsorption,520,2021,0.6,0.301518,False,False,False,False,False,0.630524,0.726372,0.364525
protein_adsorption,521,2021,0.65,0.577878,False,False,False,False,False,0.634419,0.726372,0.364525
protein_adsorption,522,2021,0.95,2.236038,False,False,False,False,False,0.697535,0.726372,0.364525
protein_adsorption,523,2021,0.2,-1.909362,False,False,False,False,False,0.598028,0.726372,0.364525
protein_adsorption,524,2021,0.85,1.683318,False,False,False,False,False,0.648423,0.726372,0.364525
protein_adsorption,525,2021,0.55,0.025158,False,False,False,False,False,0.628738,0.726372,0.364525
protein_adsorption,526,2021,0.75,1.130598,False,False,False,False,False,0.652991,0.726372,0.364525
protein_adsorption,527,2021,0.8,1.406958,False,False,False,False,False,0.682392,0.726372,0.364525
protein_adsorption,528,2021,0.45,-0.527562,False,False,False,False,False,0.635914,0.726372,0.364525
protein_adsorption,529,2021,0.6,0.301518,False,False,False,False,False,0.628731,0.726372,0.364525
protein_adsorption,530,2021,0.5,-0.251202,False,False,False,False,False,0.602985,0.726372,0.364525
protein_adsorption,531,2021,0.8,1.406958,False,False,False,False,False,0.642388,0.726372,0.364525
protein_adsorption,532,2021,0.25,-1.633002,False,False,False,False,False,0.56391,0.726372,0.364525
protein_adsorption,533,2021,0.5,-0.251202,False,False,False,False,False,0.551128,0.726372,0.364525
protein_adsorption,534,2021,0.65,0.577878,False,False,False,False,False,0.570903,0.726372,0.364525
protein_adsorption,535,2021,0.55,0.025158,False,False,False,False,False,0.566722,0.726372,0.364525
protein_adsorption,536,2021,0.45,-0.527562,False,False,False,False,False,0.543378,0.726372,0.364525
protein_adsorption,537,2021,0.5,-0.251202,False,False,False,False,False,0.534702,0.726372,0.364525
protein_adsorption,538,2021,0.55,0.025158,False,False,False,False,False,0.537762,0.726372,0.364525
protein_adsorption,539,2021,0.55,0.025158,False,False,False,False,False,0.540209,0.726372,0.364525
protein_adsorption,540,2021,0.75,1.130598,False,False,False,False,False,0.582167,0.726372,0.364525
protein_adsorption,541,2021,0.6,0.301518,False,False,False,False,False,0.585734,0.726372,0.364525
protein_adsorption,542,2021,0.65,0.577878,False,False,False,False,False,0.598587,0.726372,0.364525
protein_adsorption,543,2022,0.5,-0.251202,False,False,False,False,False,0.57887,0.726372,0.364525
protein_adsorption,544,2022,0.5,-0.251202,False,False,False,False,False,0.563096,0.726372,0.364525
protein_adsorption,545,2022,0.75,1.130598,False,False,False,False,False,0.600477,0.726372,0.364525
protein_adsorption,546,2022,0.45,-0.527562,False,False,False,False,False,0.570381,0.726372,0.364525
protein_adsorption,547,2022,0.35,-1.080282,False,False,False,False,False,0.526305,0.726372,0.364525
protein_adsorption,548,2022,0.55,0.025158,False,False,False,False,False,0.531044,0.726372,0.364525
protein_adsorption,549,2022,0.7,0.854238,False,False,False,False,False,0.564835,0.726372,0.364525
protein_adsorption,550,2022,0.8,1.406958,False,False,False,False,False,0.611868,0.726372,0.364525
protein_adsorption,551,2022,0.55,0.025158,False,False,False,False,False,0.599495,0.726372,0.364525
protein_adsorption,552,2022,0.55,0.025158,False,False,False,False,False,0.589596,0.726372,0.364525
protein_adsorption,553,2022,0.7,0.854238,False,False,False,False,False,0.611677,0.726372,0.364525
protein_adsorption,554,2022,0.5,-0.251202,False,False,False,False,False,0.589341,0.726372,0.364525
protein_adsorption,555,2022,0.8,1.406958,False,False,False,False,False,0.631473,0.726372,0.364525
protein_adsorption,556,2022,0.6,0.301518,False,False,False,False,False,0.625178,0.726372,0.364525
protein_adsorption,557,2022,0.35,-1.080282,False,False,False,False,False,0.570143,0.726372,0.364525
protein_adsorption,558,2022,0.45,-0.527562,False,False,False,False,False,0.546114,0.726372,0.364525
protein_adsorption,559,2022,0.45,-0.527562,False,False,False,False,False,0.526891,0.726372,0.364525
protein_adsorption,560,2022,0.95,2.236038,False,False,False,False,False,0.611513,0.726372,0.364525
protein_adsorption,561,2022,0.7,0.854238,False,False,False,False,False,0.62921,0.726372,0.364525
protein_adsorption,562,2022,0.85,1.683318,False,False,False,False,False,0.673368,0.726372,0.364525
protein_adsorption,563,2022,0.7,0.854238,False,False,False,False,False,0.678695,0.726372,0.364525
protein_adsorption,564,2022,0.55,0.025158,False,False,False,False,False,0.652956,0.726372,0.364525
protein_adsorption,565,2022,0.45,-0.527562,False,False,False,False,False,0.612365,0.726372,0.364525
protein_adsorption,566,2022,0.55,0.025158,False,False,False,False,False,0.599892,0.726372,0.364525
protein_adsorption,567,2022,0.55,0.025158,False,False,False,False,False,0.589913,0.726372,0.364525
protein_adsorption,568,2022,0.55,0.025158,False,False,False,False,False,0.581931,0.726372,0.364525
protein_adsorption,569,2022,0.65,0.577878,False,False,False,False,False,0.595545,0.726372,0.364525
protein_adsorption,570,2022,0.6,0.301518,False,False,False,False,False,0.596436,0.726372,0.364525
protein_adsorption,571,2022,0.75,1.130598,False,False,False,False,False,0.627149,0.726372,0.364525
protein_adsorption,572,2022,0.6,0.301518,False,False,False,False,False,0.621719,0.726372,0.364525
protein_adsorption,573,2022,0.65,0.577878,False,False,False,False,False,0.627375,0.726372,0.364525
protein_adsorption,574,2022,0.55,0.025158,False,True,False,False,False,0.6119,0.726372,0.364525
protein_adsorption,575,2022,0.65,0.577878,False,True,False,False,False,0.61952,0.726372,0.364525
protein_adsorption,576,2022,0.95,2.236038,False,True,False,False,False,0.685616,0.726372,0.364525
protein_adsorption,577,2022,0.85,1.683318,False,True,False,False,False,0.718493,0.726372,0.364525
protein_adsorption,578,2022,0.65,0.577878,False,True,False,False,False,0.704794,0.726372,0.364525
protein_adsorption,579,2022,0.35,-1.080282,False,False,False,False,False,0.633835,0.726372,0.364525
protein_adsorption,580,2022,0.5,-0.251202,False,False,False,False,False,0.607068,0.726372,0.364525
protein_adsorption,581,2022,0.4,-0.803922,False,False,False,False,False,0.565655,0.726372,0.364525
protein_adsorption,582,2022,0.55,0.025158,False,False,False,False,False,0.562524,0.726372,0.364525
protein_adsorption,583,2022,0.3,-1.356642,False,False,False,False,False,0.510019,0.726372,0.364525
protein_adsorption,584,2022,0.35,-1.080282,False,False,False,False,False,0.478015,0.726372,0.364525
protein_adsorption,585,2022,0.5,-0.251202,False,False,False,False,False,0.482412,0.726372,0.364525
protein_adsorption,586,2022,0.85,1.683318,False,False,False,False,False,0.55593,0.726372,0.364525
protein_adsorption,587,2022,0.35,-1.080282,False,False,False,False,False,0.514744,0.726372,0.364525
protein_adsorption,588,2022,0.6,0.301518,False,False,False,False,False,0.531795,0.726372,0.364525
protein_adsorption,589,2022,0.5,-0.251202,False,False,False,False,False,0.525436,0.726372,0.364525
protein_adsorption,590,2023,0.35,-1.080282,False,False,False,False,False,0.490349,0.726372,0.364525
protein_adsorption,591,2023,0.8,1.406958,False,False,False,False,False,0.552279,0.726372,0.364525
protein_adsorption,592,2023,0.85,1.683318,False,False,False,False,False,0.611823,0.726372,0.364525
protein_adsorption,593,2023,0.15,-2.185722,False,False,False,False,False,0.519459,0.726372,0.364525
protein_adsorption,594,2023,0.45,-0.527562,False,False,False,False,False,0.505567,0.726372,0.364525
protein_adsorption,595,2023,0.55,0.025158,False,False,False,False,False,0.514453,0.726372,0.364525
protein_adsorption,596,2023,0.55,0.025158,False,False,False,False,False,0.521563,0.726372,0.364525
protein_adsorption,597,2023,0.75,1.130598,False,False,False,False,False,0.56725,0.726372,0.364525
protein_adsorption,598,2023,0.85,1.683318,False,False,False,False,False,0.6238,0.726372,0.364525
protein_adsorption,599,2023,0.6,0.301518,False,False,False,False,False,0.61904,0.726372,0.364525
protein_adsorption,600,2023,0.65,0.577878,False,False,False,False,False,0.625232,0.726372,0.364525
protein_adsorption,601,2024,0.35,-1.080282,False,False,False,False,False,0.570186,0.726372,0.364525
protein_adsorption,602,2024,0.6,0.301518,False,False,False,False,False,0.576149,0.726372,0.364525
protein_adsorption,603,2024,0.85,1.683318,False,False,False,False,False,0.630919,0.726372,0.364525
protein_adsorption,604,2024,0.2,-1.909362,False,False,False,False,False,0.544735,0.726372,0.364525
protein_adsorption,605,2024,0.4,-0.803922,False,False,False,False,False,0.515788,0.726372,0.364525
protein_adsorption,606,2024,0.7,0.854238,False,False,False,False,False,0.55263,0.726372,0.364525
protein_adsorption,607,2024,0.85,1.683318,False,False,False,False,False,0.612104,0.726372,0.364525
protein_adsorption,608,2024,0.6,0.301518,False,False,False,False,False,0.609683,0.726372,0.364525
protein_adsorption,609,2024,0.6,0.301518,False,False,False,False,False,0.607747,0.726372,0.364525
protein_adsorption,610,2024,0.7,0.854238,False,False,False,False,False,0.626197,0.726372,0.364525
protein_adsorption,611,2024,0.95,2.236038,False,False,False,False,False,0.690958,0.726372,0.364525
protein_adsorption,612,2024,0.55,0.025158,False,False,False,False,False,0.662766,0.726372,0.364525
protein_adsorption,613,2024,0.65,0.577878,False,False,False,False,False,0.660213,0.726372,0.364525
protein_adsorption,614,2024,0.55,0.025158,False,True,False,False,False,0.63817,0.726372,0.364525
protein_adsorption,615,2024,0.9,1.959678,False,True,False,False,False,0.690536,0.726372,0.364525
protein_adsorption,616,2024,0.35,-1.080282,False,False,False,False,False,0.622429,0.726372,0.364525
protein_adsorption,617,2024,0.85,1.683318,False,False,False,False,False,0.667943,0.726372,0.364525
protein_adsorption,618,2024,0.55,0.025158,False,False,False,False,False,0.644355,0.726372,0.364525
protein_adsorption,619,2024,0.65,0.577878,False,False,False,False,False,0.645484,0.726372,0.364525
protein_adsorption,620,2024,0.7,0.854238,False,False,False,False,False,0.656387,0.726372,0.364525
protein_adsorption,621,2024,0.8,1.406958,False,False,False,False,False,0.68511,0.726372,0.364525
protein_adsorption,622,2024,0.55,0.025158,False,False,False,False,False,0.658088,0.726372,0.364525
protein_adsorption,623,2024,0.8,1.406958,False,False,False,False,False,0.68647,0.726372,0.364525
protein_adsorption,624,2024,0.5,-0.251202,False,False,False,False,False,0.649176,0.726372,0.364525
protein_adsorption,625,2024,0.7,0.854238,False,False,False,False,False,0.659341,0.726372,0.364525
protein_adsorption,626,2024,0.75,1.130598,False,False,False,False,False,0.677473,0.726372,0.364525
protein_adsorption,627,2024,0.7,0.854238,False,False,False,False,False,0.681978,0.726372,0.364525
protein_adsorption,628,2024,0.55,0.025158,False,False,False,False,False,0.655583,0.726372,0.364525
protein_adsorption,629,2024,0.45,-0.527562,False,False,False,False,False,0.614466,0.726372,0.364525
protein_adsorption,630,2024,0.4,-0.803922,False,False,False,False,False,0.571573,0.726372,0.364525
protein_adsorption,631,2024,0.75,1.130598,False,False,False,False,False,0.607258,0.726372,0.364525
protein_adsorption,632,2024,0.45,-0.527562,False,False,False,False,False,0.575807,0.726372,0.364525
protein_adsorption,633,2024,0.65,0.577878,False,False,False,False,False,0.590645,0.726372,0.364525
protein_adsorption,634,2024,0.65,0.577878,False,False,False,False,False,0.602516,0.726372,0.364525
protein_adsorption,635,2024,0.35,-1.080282,False,False,False,False,False,0.552013,0.726372,0.364525
protein_adsorption,636,2024,0.8,1.406958,False,False,False,False,False,0.60161,0.726372,0.364525
protein_adsorption,637,2024,0.75,1.130598,False,False,False,False,False,0.631288,0.726372,0.364525
protein_adsorption,638,2024,0.1,-2.462082,False,False,False,False,False,0.525031,0.726372,0.364525
protein_adsorption,639,2024,0.75,1.130598,False,False,False,False,False,0.570025,0.726372,0.364525
protein_adsorption,640,2024,0.7,0.854238,False,False,False,False,False,0.59602,0.726372,0.364525
protein_adsorption,641,2024,0.4,-0.803922,False,False,False,False,False,0.556816,0.726372,0.364525
protein_adsorption,642,2024,0.2,-1.909362,False,False,False,False,False,0.485453,0.726372,0.364525
protein_adsorption,643,2024,0.7,0.854238,False,False,False,False,False,0.528362,0.726372,0.364525
protein_adsorption,644,2024,0.45,-0.527562,False,False,False,False,False,0.51269,0.726372,0.364525
protein_adsorption,645,2024,0.35,-1.080282,False,False,False,False,False,0.480152,0.726372,0.364525
protein_adsorption,646,2024,0.5,-0.251202,False,False,False,False,False,0.484121,0.726372,0.364525
protein_adsorption,647,2024,0.6,0.301518,False,False,False,False,False,0.507297,0.726372,0.364525
protein_adsorption,648,2024,0.85,1.683318,False,False,False,False,False,0.575838,0.726372,0.364525
protein_adsorption,649,2024,0.3,-1.356642,False,False,False,False,False,0.52067,0.726372,0.364525
protein_adsorption,650,2024,0.8,1.406958,False,False,False,False,False,0.576536,0.726372,0.364525
protein_adsorption,651,2024,0.5,-0.251202,False,False,False,False,False,0.561229,0.726372,0.364525
protein_adsorption,652,2024,0.45,-0.527562,False,False,False,False,False,0.538983,0.726372,0.364525
protein_adsorption,653,2024,0.5,-0.251202,False,False,False,False,False,0.531186,0.726372,0.364525
protein_adsorption,654,2024,0.75,1.130598,False,False,False,False,False,0.574949,0.726372,0.364525
protein_adsorption,655,2024,0.45,-0.527562,False,False,False,False,False,0.549959,0.726372,0.364525
protein_adsorption,656,2024,0.85,1.683318,False,False,False,False,False,0.609967,0.726372,0.364525
protein_adsorption,657,2024,0.45,-0.527562,False,False,False,False,False,0.577974,0.726372,0.364525
protein_adsorption,658,2024,0.85,1.683318,False,False,False,False,False,0.632379,0.726372,0.364525
protein_adsorption,659,2024,0.6,0.301518,False,False,False,False,False,0.625903,0.726372,0.364525
protein_adsorption,660,2024,0.65,0.577878,False,False,False,False,False,0.630723,0.726372,0.364525
protein_adsorption,661,2024,0.65,0.577878,False,False,False,False,False,0.634578,0.726372,0.364525
protein_adsorption,662,2024,0.7,0.854238,False,False,False,False,False,0.647663,0.726372,0.364525
protein_adsorption,663,2024,0.9,1.959678,False,False,False,False,False,0.69813,0.726372,0.364525
protein_adsorption,664,2024,0.85,1.683318,False,False,False,False,True,0.728504,0.726372,0.364525
protein_adsorption,665,2024,0.7,0.854238,False,False,False,False,False,0.722803,0.726372,0.364525
protein_adsorption,666,2024,0.4,-0.803922,False,False,False,False,False,0.658243,0.726372,0.364525
protein_adsorption,667,2024,0.5,-0.251202,False,False,False,False,False,0.626594,0.726372,0.364525
protein_adsorption,668,2024,0.8,1.406958,False,False,False,False,False,0.661275,0.726372,0.364525
protein_adsorption,669,2024,0.5,-0.251202,False,False,False,False,False,0.62902,0.726372,0.364525
protein_adsorption,670,2024,0.45,-0.527562,False,False,False,False,False,0.593216,0.726372,0.364525
protein_adsorption,671,2024,0.4,-0.803922,False,False,False,False,False,0.554573,0.726372,0.364525
protein_adsorption,672,2024,0.55,0.025158,False,False,False,False,False,0.553658,0.726372,0.364525
protein_adsorption,673,2024,0.6,0.301518,False,False,False,False,False,0.562927,0.726372,0.364525
protein_adsorption,674,2024,0.6,0.301518,False,False,False,False,False,0.570341,0.726372,0.364525
protein_adsorption,675,2024,0.55,0.025158,False,False,False,False,False,0.566273,0.726372,0.364525
protein_adsorption,676,2024,0.55,0.025158,False,False,False,False,False,0.563018,0.726372,0.364525
protein_adsorption,677,2024,0.7,0.854238,False,False,False,False,False,0.590415,0.726372,0.364525
protein_adsorption,678,2024,0.5,-0.251202,False,False,False,False,False,0.572332,0.726372,0.364525
protein_adsorption,679,2024,0.95,2.236038,False,False,False,False,False,0.647865,0.726372,0.364525
protein_adsorption,680,2024,0.6,0.301518,False,False,False,False,False,0.638292,0.726372,0.364525
protein_adsorption,681,2024,0.5,-0.251202,False,False,False,False,False,0.610634,0.726372,0.364525
protein_adsorption,682,2024,0.7,0.854238,False,False,False,False,False,0.628507,0.726372,0.364525
protein_adsorption,683,2024,0.4,-0.803922,False,False,False,False,False,0.582806,0.726372,0.364525
protein_adsorption,684,2024,0.4,-0.803922,False,False,False,False,False,0.546245,0.726372,0.364525
protein_adsorption,685,2024,0.45,-0.527562,False,False,False,False,False,0.526996,0.726372,0.364525
protein_adsorption,686,2024,0.4,-0.803922,False,False,False,False,False,0.501597,0.726372,0.364525
protein_adsorption,687,2024,0.65,0.577878,False,False,False,False,False,0.531277,0.726372,0.364525
protein_adsorption,688,2024,0.4,-0.803922,False,False,False,False,False,0.505022,0.726372,0.364525
protein_adsorption,689,2024,0.5,-0.251202,False,False,False,False,False,0.504017,0.726372,0.364525
protein_adsorption,690,2025,0.7,0.854238,False,False,False,False,False,0.543214,0.726372,0.364525
protein_adsorption,691,2025,0.95,2.236038,False,False,False,False,False,0.624571,0.726372,0.364525
protein_adsorption,692,2025,0.7,0.854238,False,False,False,False,False,0.639657,0.726372,0.364525
protein_adsorption,693,2025,0.65,0.577878,False,False,False,False,False,0.641726,0.726372,0.364525
protein_adsorption,694,2025,0.7,0.854238,False,False,False,False,False,0.65338,0.726372,0.364525
protein_adsorption,695,2025,0.7,0.854238,False,False,False,False,False,0.662704,0.726372,0.364525
protein_adsorption,696,2025,0.6,0.301518,False,False,False,False,False,0.650163,0.726372,0.364525
protein_adsorption,697,2025,0.65,0.577878,False,False,False,False,False,0.650131,0.726372,0.364525
protein_adsorption,698,2025,0.35,-1.080282,False,False,False,False,False,0.590105,0.726372,0.364525
protein_adsorption,699,2025,0.55,0.025158,False,False,False,False,False,0.582084,0.726372,0.364525
protein_adsorption,700,2025,0.45,-0.527562,False,False,False,False,False,0.555667,0.726372,0.364525
protein_adsorption,701,2025,0.6,0.301518,False,False,False,False,False,0.564534,0.726372,0.364525
protein_adsorption,702,2025,0.8,1.406958,False,False,False,False,False,0.611627,0.726372,0.364525
protein_adsorption,703,2025,0.55,0.025158,False,False,False,False,False,0.599301,0.726372,0.364525
protein_adsorption,704,2025,0.75,1.130598,False,False,False,False,False,0.629441,0.726372,0.364525
protein_adsorption,705,2025,0.55,0.025158,False,False,False,False,False,0.613553,0.726372,0.364525
protein_adsorption,706,2025,0.5,-0.251202,False,False,False,False,False,0.590842,0.726372,0.364525
protein_adsorption,707,2025,0.6,0.301518,False,False,False,False,False,0.592674,0.726372,0.364525
protein_adsorption,708,2025,0.55,0.025158,False,False,False,False,False,0.584139,0.726372,0.364525
protein_adsorption,709,2025,0.55,0.025158,False,False,False,False,False,0.577311,0.726372,0.364525
protein_adsorption,710,2025,0.7,0.854238,False,False,False,False,False,0.601849,0.726372,0.364525
protein_adsorption,711,2025,0.45,-0.527562,False,False,False,False,False,0.571479,0.726372,0.364525
protein_adsorption,712,2025,0.6,0.301518,False,False,False,False,False,0.577183,0.726372,0.364525
protein_adsorption,713,2025,0.65,0.577878,False,False,False,False,False,0.591747,0.726372,0.364525
protein_adsorption,714,2025,0.7,0.854238,False,False,False,False,False,0.613397,0.726372,0.364525
protein_adsorption,715,2025,0.2,-1.909362,False,False,False,False,False,0.530718,0.726372,0.364525
protein_adsorption,716,2025,0.65,0.577878,False,False,False,False,False,0.554574,0.726372,0.364525
protein_adsorption,717,2025,0.7,0.854238,False,False,False,False,False,0.583659,0.726372,0.364525
protein_adsorption,718,2025,0.6,0.301518,False,False,False,False,False,0.586928,0.726372,0.364525
protein_adsorption,719,2025,0.6,0.301518,False,False,False,False,False,0.589542,0.726372,0.364525
protein_adsorption,720,2025,0.9,1.959678,False,False,False,False,False,0.651634,0.726372,0.364525
protein_adsorption,721,2025,0.5,-0.251202,False,False,False,False,False,0.621307,0.726372,0.364525
protein_adsorption,722,2025,0.8,1.406958,False,False,False,False,False,0.657046,0.726372,0.364525
protein_adsorption,723,2025,0.9,1.959678,False,False,False,False,False,0.705636,0.726372,0.364525
protein_adsorption,724,2025,0.75,1.130598,False,False,False,False,False,0.714509,0.726372,0.364525
protein_adsorption,725,2025,0.7,0.854238,False,False,False,False,False,0.711607,0.726372,0.364525
protein_adsorption,726,2025,0.65,0.577878,False,False,False,False,False,0.699286,0.726372,0.364525
protein_adsorption,727,2025,0.65,0.577878,False,False,False,False,False,0.689429,0.726372,0.364525
protein_adsorption,728,2025,0.65,0.577878,False,False,False,False,False,0.681543,0.726372,0.364525
protein_adsorption,729,2025,0.65,0.577878,False,False,False,False,False,0.675234,0.726372,0.364525
protein_adsorption,730,2025,0.2,-1.909362,False,False,False,False,False,0.580187,0.726372,0.364525
protein_adsorption,731,2025,0.55,0.025158,False,False,False,False,False,0.57415,0.726372,0.364525
protein_adsorption,732,2025,0.6,0.301518,False,False,False,False,False,0.57932,0.726372,0.364525
protein_adsorption,733,2025,0.8,1.406958,False,False,False,False,False,0.623456,0.726372,0.364525
protein_adsorption,734,2025,0.65,0.577878,False,False,False,False,False,0.628765,0.726372,0.364525
protein_adsorption,735,2025,0.5,-0.251202,False,False,False,False,False,0.603012,0.726372,0.364525
protein_adsorption,736,2025,0.6,0.301518,False,False,False,False,False,0.602409,0.726372,0.364525
ps_conc,1,2011,0.583333,0.831197,False,False,False,False,False,0.490417,0.551027,0.383348
ps_conc,2,2011,0.7,1.666122,False,False,False,False,False,0.532333,0.574555,0.35982
ps_conc,3,2011,0.3,-1.196477,False,False,False,False,False,0.485867,0.587216,0.347159
ps_conc,4,2011,0.266667,-1.435026,False,False,False,False,False,0.442027,0.594661,0.339714
ps_conc,5,2011,0.166667,-2.150676,False,False,False,False,False,0.386955,0.599206,0.335169
ps_conc,6,2011,0.7,1.666122,False,False,False,False,False,0.449564,0.602034,0.332341
ps_conc,7,2011,0.4,-0.480827,False,False,False,False,False,0.439651,0.603813,0.330562
ps_conc,8,2011,0.95,3.455245,True,False,False,False,False,0.541721,0.60494,0.329435
ps_conc,9,2011,0.233333,-1.673576,False,False,False,False,False,0.480043,0.605656,0.328719
ps_conc,10,2011,0.5,0.234823,False,False,False,False,False,0.484035,0.606113,0.328262
ps_conc,11,2011,0.333333,-0.957927,False,False,False,False,False,0.453894,0.606404,0.327971
ps_conc,12,2011,0.616667,1.069747,False,False,False,False,False,0.486449,0.60659,0.327785
ps_conc,13,2011,0.4,-0.480827,False,False,False,False,False,0.469159,0.606709,0.327666
ps_conc,14,2011,0.516667,0.354097,False,False,False,False,False,0.478661,0.606785,0.32759
ps_conc,15,2011,0.466667,-0.003727,False,False,False,False,False,0.476262,0.606834,0.327541
ps_conc,16,2011,0.433333,-0.242277,False,False,False,False,False,0.467676,0.606865,0.32751
ps_conc,17,2011,0.533333,0.473372,False,False,False,False,False,0.480808,0.606885,0.32749
ps_conc,18,2011,0.466667,-0.003727,False,False,False,False,False,0.477979,0.606898,0.327477
ps_conc,19,2011,0.433333,-0.242277,False,False,False,False,False,0.46905,0.606906,0.327469
ps_conc,20,2011,0.5,0.234823,False,False,False,False,False,0.47524,0.606911,0.327464
ps_conc,21,2011,0.466667,-0.003727,False,False,False,False,False,0.473525,0.606915,0.32746
ps_conc,22,2011,0.383333,-0.600102,False,False,False,False,False,0.455487,0.606917,0.327458
ps_conc,23,2011,0.3,-1.196477,False,False,False,False,False,0.42439,0.606918,0.327457
ps_conc,24,2011,0.216667,-1.792851,False,False,False,False,False,0.382845,0.606919,0.327456
ps_conc,25,2011,0.616667,1.069747,False,False,False,False,False,0.429609,0.60692,0.327455
ps_conc,26,2011,0.35,-0.838652,False,False,False,False,False,0.413687,0.60692,0.327455
ps_conc,27,2011,0.416667,-0.361552,False,False,False,False,False,0.414283,0.60692,0.327455
ps_conc,28,2011,0.316667,-1.077202,False,False,False,False,False,0.39476,0.60692,0.327455
ps_conc,29,2011,0.366667,-0.719377,False,False,False,False,False,0.389141,0.606921,0.327454
ps_conc,30,2011,0.433333,-0.242277,False,False,False,False,False,0.39798,0.606921,0.327454
ps_conc,31,2011,0.583333,0.831197,False,False,False,False,False,0.43505,0.606921,0.327454
ps_conc,32,2011,0.4,-0.480827,False,False,False,False,False,0.42804,0.606921,0.327454
ps_conc,33,2011,0.333333,-0.957927,False,False,False,False,False,0.409099,0.606921,0.327454
ps_conc,34,2011,0.65,1.308297,False,False,False,False,False,0.457279,0.606921,0.327454
ps_conc,35,2011,0.333333,-0.957927,False,False,False,False,False,0.43249,0.606921,0.327454
ps_conc,36,2011,0.6,0.950472,False,False,False,False,False,0.465992,0.606921,0.327454
ps_conc,37,2011,0.783333,2.262496,False,False,False,False,False,0.52946,0.606921,0.327454
ps_conc,38,2011,0.766667,2.143221,False,False,False,True,False,0.576902,0.606921,0.327454
ps_conc,39,2012,0.516667,0.354097,False,False,False,True,False,0.564855,0.606921,0.327454
ps_conc,40,2012,0.466667,-0.003727,False,False,False,False,False,0.545217,0.606921,0.327454
ps_conc,41,2012,0.616667,1.069747,False,False,False,False,False,0.559507,0.606921,0.327454
ps_conc,42,2012,0.35,-0.838652,False,False,False,False,False,0.517606,0.606921,0.327454
ps_conc,43,2012,0.383333,-0.600102,False,False,False,False,False,0.490751,0.606921,0.327454
ps_conc,44,2012,0.433333,-0.242277,False,False,False,False,False,0.479268,0.606921,0.327454
ps_conc,45,2012,0.4,-0.480827,False,False,False,False,False,0.463414,0.606921,0.327454
ps_conc,46,2012,0.566667,0.711922,False,False,False,False,False,0.484065,0.606921,0.327454
ps_conc,47,2012,0.383333,-0.600102,False,False,False,False,False,0.463918,0.606921,0.327454
ps_conc,48,2012,0.366667,-0.719377,False,False,False,False,False,0.444468,0.606921,0.327454
ps_conc,49,2012,0.55,0.592647,False,False,False,False,False,0.465574,0.606921,0.327454
ps_conc,50,2012,0.45,-0.123002,False,False,False,False,False,0.46246,0.606921,0.327454
ps_conc,51,2012,0.5,0.234823,False,False,False,False,False,0.469968,0.606921,0.327454
ps_conc,52,2012,0.333333,-0.957927,False,False,False,False,False,0.442641,0.606921,0.327454
ps_conc,53,2012,0.633333,1.189022,False,False,False,False,False,0.480779,0.606921,0.327454
ps_conc,54,2012,0.366667,-0.719377,False,False,False,False,False,0.457957,0.606921,0.327454
ps_conc,55,2012,0.683333,1.546847,False,False,False,False,False,0.503032,0.606921,0.327454
ps_conc,56,2012,0.383333,-0.600102,False,False,False,False,False,0.479092,0.606921,0.327454
ps_conc,57,2012,0.466667,-0.003727,False,False,False,False,False,0.476607,0.606921,0.327454
ps_conc,58,2012,0.7,1.666122,False,False,False,False,False,0.521286,0.606921,0.327454
ps_conc,59,2012,0.466667,-0.003727,False,False,False,False,False,0.510362,0.606921,0.327454
ps_conc,60,2012,0.35,-0.838652,False,False,False,False,False,0.47829,0.606921,0.327454
ps_conc,61,2012,0.683333,1.546847,False,False,False,False,False,0.519298,0.606921,0.327454
ps_conc,62,2012,0.6,0.950472,False,False,False,False,False,0.535439,0.606921,0.327454
ps_conc,63,2012,0.6,0.950472,False,False,False,False,False,0.548351,0.606921,0.327454
ps_conc,64,2012,0.65,1.308297,False,False,False,False,False,0.568681,0.606921,0.327454
ps_conc,65,2012,0.316667,-1.077202,False,False,False,False,False,0.518278,0.606921,0.327454
ps_conc,66,2012,0.2,-1.912126,False,False,False,False,False,0.454622,0.606921,0.327454
ps_conc,67,2012,0.633333,1.189022,False,False,False,False,False,0.490365,0.606921,0.327454
ps_conc,68,2012,0.55,0.592647,False,False,False,False,False,0.502292,0.606921,0.327454
ps_conc,69,2012,0.633333,1.189022,False,False,False,False,False,0.5285,0.606921,0.327454
ps_conc,70,2012,0.75,2.023946,False,False,False,False,False,0.5728,0.606921,0.327454
ps_conc,71,2012,0.45,-0.123002,False,False,False,False,False,0.54824,0.606921,0.327454
ps_conc,72,2012,0.4,-0.480827,False,False,False,False,False,0.518592,0.606921,0.327454
ps_conc,73,2012,0.783333,2.262496,False,False,False,False,False,0.57154,0.606921,0.327454
ps_conc,74,2012,0.466667,-0.003727,False,False,False,False,False,0.550566,0.606921,0.327454
ps_conc,75,2012,0.45,-0.123002,False,False,False,False,False,0.530452,0.606921,0.327454
ps_conc,76,2012,0.333333,-0.957927,False,False,False,False,False,0.491029,0.606921,0.327454
ps_conc,77,2012,0.533333,0.473372,False,False,False,False,False,0.49949,0.606921,0.327454
ps_conc,78,2012,0.333333,-0.957927,False,False,False,False,False,0.466258,0.606921,0.327454
ps_conc,79,2012,0.333333,-0.957927,False,False,False,False,False,0.439673,0.606921,0.327454
ps_conc,80,2012,0.466667,-0.003727,False,False,False,False,False,0.445072,0.606921,0.327454
ps_conc,81,2012,0.55,0.592647,False,False,False,False,False,0.466058,0.606921,0.327454
ps_conc,82,2012,0.3,-1.196477,False,False,False,False,False,0.432846,0.606921,0.327454
ps_conc,83,2013,0.3,-1.196477,False,False,False,False,False,0.406277,0.606921,0.327454
ps_conc,84,2013,0.683333,1.546847,False,False,False,False,False,0.461688,0.606921,0.327454
ps_conc,85,2013,0.383333,-0.600102,False,False,False,False,False,0.446017,0.606921,0.327454
ps_conc,86,2013,0.3,-1.196477,False,False,False,False,False,0.416814,0.606921,0.327454
ps_conc,87,2013,0.533333,0.473372,False,False,False,False,False,0.440118,0.606921,0.327454
ps_conc,88,2013,0.516667,0.354097,False,False,False,False,False,0.455427,0.606921,0.327454
ps_conc,89,2013,0.583333,0.831197,False,False,False,False,False,0.481009,0.606921,0.327454
ps_conc,90,2013,0.45,-0.123002,False,False,False,False,False,0.474807,0.606921,0.327454
ps_conc,91,2013,0.516667,0.354097,False,False,False,False,False,0.483179,0.606921,0.327454
ps_conc,92,2013,0.416667,-0.361552,False,False,False,False,False,0.469876,0.606921,0.327454
ps_conc,93,2013,0.55,0.592647,False,False,False,False,False,0.485901,0.606921,0.327454
ps_conc,94,2013,0.366667,-0.719377,False,False,False,False,False,0.462054,0.606921,0.327454
ps_conc,95,2013,0.583333,0.831197,False,False,False,False,False,0.48631,0.606921,0.327454
ps_conc,96,2013,0.433333,-0.242277,False,False,False,False,False,0.475715,0.606921,0.327454
ps_conc,97,2013,0.6,0.950472,False,False,False,False,False,0.500572,0.606921,0.327454
ps_conc,98,2013,0.533333,0.473372,False,False,False,False,False,0.507124,0.606921,0.327454
ps_conc,99,2013,0.433333,-0.242277,False,False,False,False,False,0.492366,0.606921,0.327454
ps_conc,100,2013,0.4,-0.480827,False,False,False,False,False,0.473893,0.606921,0.327454
ps_conc,101,2013,0.616667,1.069747,False,False,False,False,False,0.502448,0.606921,0.327454
ps_conc,102,2013,0.466667,-0.003727,False,False,False,False,False,0.495291,0.606921,0.327454
ps_conc,103,2013,0.466667,-0.003727,False,False,False,False,False,0.489566,0.606921,0.327454
ps_conc,104,2013,0.333333,-0.957927,False,False,False,False,False,0.45832,0.606921,0.327454
ps_conc,105,2013,0.4,-0.480827,False,False,False,False,False,0.446656,0.606921,0.327454
ps_conc,106,2013,0.433333,-0.242277,False,False,False,False,False,0.443991,0.606921,0.327454
ps_conc,107,2013,0.283333,-1.315752,False,False,False,False,False,0.41186,0.606921,0.327454
ps_conc,108,2013,0.666667,1.427572,False,False,False,False,False,0.462821,0.606921,0.327454
ps_conc,109,2013,0.516667,0.354097,False,False,False,False,False,0.47359,0.606921,0.327454
ps_conc,110,2013,0.683333,1.546847,False,False,False,False,False,0.515539,0.606921,0.327454
ps_conc,111,2013,0.366667,-0.719377,False,False,False,False,False,0.485764,0.606921,0.327454
ps_conc,112,2013,0.666667,1.427572,False,False,False,False,False,0.521945,0.606921,0.327454
ps_conc,113,2013,0.3,-1.196477,False,False,False,False,False,0.477556,0.606921,0.327454
ps_conc,114,2013,0.583333,0.831197,False,False,False,False,False,0.498711,0.606921,0.327454
ps_conc,115,2013,0.316667,-1.077202,False,False,False,False,False,0.462302,0.606921,0.327454
ps_conc,116,2013,0.583333,0.831197,False,False,False,False,False,0.486509,0.606921,0.327454
ps_conc,117,2013,0.633333,1.189022,False,False,False,False,False,0.515874,0.606921,0.327454
ps_conc,118,2013,0.6,0.950472,False,False,False,False,False,0.532699,0.606921,0.327454
ps_conc,119,2013,0.583333,0.831197,False,False,False,False,False,0.542826,0.606921,0.327454
ps_conc,120,2013,0.533333,0.473372,False,False,False,False,False,0.540927,0.606921,0.327454
ps_conc,121,2013,0.633333,1.189022,False,False,False,False,False,0.559408,0.606921,0.327454
ps_conc,122,2013,0.483333,0.115548,False,False,False,False,False,0.544193,0.606921,0.327454
ps_conc,123,2013,0.566667,0.711922,False,False,False,False,False,0.548688,0.606921,0.327454
ps_conc,124,2013,0.583333,0.831197,False,True,False,False,False,0.555617,0.606921,0.327454
ps_conc,125,2013,0.616667,1.069747,False,True,False,False,False,0.567827,0.606921,0.327454
ps_conc,126,2013,0.416667,-0.361552,False,False,False,False,False,0.537595,0.606921,0.327454
ps_conc,127,2013,0.466667,-0.003727,False,False,False,False,False,0.523409,0.606921,0.327454
ps_conc,128,2013,0.2,-1.912126,False,False,False,False,False,0.458727,0.606921,0.327454
ps_conc,129,2013,0.383333,-0.600102,False,False,False,False,False,0.443649,0.606921,0.327454
ps_conc,130,2013,0.183333,-2.031401,False,False,False,False,False,0.391586,0.606921,0.327454
ps_conc,131,2013,0.433333,-0.242277,False,False,False,False,False,0.399935,0.606921,0.327454
ps_conc,132,2013,0.333333,-0.957927,False,False,False,False,False,0.386615,0.606921,0.327454
ps_conc,133,2013,0.566667,0.711922,False,False,False,False,False,0.422625,0.606921,0.327454
ps_conc,134,2013,0.6,0.950472,False,False,False,False,False,0.4581,0.606921,0.327454
ps_conc,135,2014,0.616667,1.069747,False,False,False,False,False,0.489813,0.606921,0.327454
ps_conc,136,2014,0.3,-1.196477,False,False,False,False,False,0.451851,0.606921,0.327454
ps_conc,137,2014,0.35,-0.838652,False,False,False,False,False,0.431481,0.606921,0.327454
ps_conc,138,2014,0.65,1.308297,False,False,False,False,False,0.475184,0.606921,0.327454
ps_conc,139,2014,0.333333,-0.957927,False,False,False,False,False,0.446814,0.606921,0.327454
ps_conc,140,2014,0.5,0.234823,False,False,False,False,False,0.457451,0.606921,0.327454
ps_conc,141,2014,0.233333,-1.673576,False,False,False,False,False,0.412628,0.606921,0.327454
ps_conc,142,2014,0.666667,1.427572,False,False,False,False,False,0.463436,0.606921,0.327454
ps_conc,143,2014,0.433333,-0.242277,False,False,False,False,False,0.457415,0.606921,0.327454
ps_conc,144,2014,0.366667,-0.719377,False,False,False,False,False,0.439265,0.606921,0.327454
ps_conc,145,2014,0.316667,-1.077202,False,False,False,False,False,0.414746,0.606921,0.327454
ps_conc,146,2014,0.316667,-1.077202,False,False,False,False,False,0.39513,0.606921,0.327454
ps_conc,147,2014,0.4,-0.480827,False,False,False,False,False,0.396104,0.606921,0.327454
ps_conc,148,2014,0.566667,0.711922,False,False,False,False,False,0.430216,0.606921,0.327454
ps_conc,149,2014,0.433333,-0.242277,False,False,False,False,False,0.43084,0.606921,0.327454
ps_conc,150,2014,0.633333,1.189022,False,False,False,False,False,0.471339,0.606921,0.327454
ps_conc,151,2014,0.366667,-0.719377,False,False,False,False,False,0.450404,0.606921,0.327454
ps_conc,152,2014,0.45,-0.123002,False,False,False,False,False,0.450323,0.606921,0.327454
ps_conc,153,2014,0.5,0.234823,False,False,False,False,False,0.460259,0.606921,0.327454
ps_conc,154,2014,0.45,-0.123002,False,False,False,False,False,0.458207,0.606921,0.327454
ps_conc,155,2014,0.383333,-0.600102,False,False,False,False,False,0.443232,0.606921,0.327454
ps_conc,156,2014,0.316667,-1.077202,False,False,False,False,False,0.417919,0.606921,0.327454
ps_conc,157,2014,0.416667,-0.361552,False,False,False,False,False,0.417669,0.606921,0.327454
ps_conc,158,2014,0.45,-0.123002,False,False,False,False,False,0.424135,0.606921,0.327454
ps_conc,159,2014,0.516667,0.354097,False,False,False,False,False,0.442641,0.606921,0.327454
ps_conc,160,2014,0.416667,-0.361552,False,False,False,False,False,0.437446,0.606921,0.327454
ps_conc,161,2014,0.433333,-0.242277,False,False,False,False,False,0.436624,0.606921,0.327454
ps_conc,162,2014,0.483333,0.115548,False,False,False,False,False,0.445966,0.606921,0.327454
ps_conc,163,2014,0.433333,-0.242277,False,False,False,False,False,0.443439,0.606921,0.327454
ps_conc,164,2014,0.483333,0.115548,False,False,False,False,False,0.451418,0.606921,0.327454
ps_conc,165,2014,0.366667,-0.719377,False,False,False,False,False,0.434468,0.606921,0.327454
ps_conc,166,2014,0.166667,-2.150676,False,False,False,False,False,0.380908,0.606921,0.327454
ps_conc,167,2014,0.55,0.592647,False,False,False,False,False,0.414726,0.606921,0.327454
ps_conc,168,2014,0.4,-0.480827,False,False,False,False,False,0.411781,0.606921,0.327454
ps_conc,169,2014,0.566667,0.711922,False,False,False,False,False,0.442758,0.606921,0.327454
ps_conc,170,2014,0.2,-1.912126,False,False,False,False,False,0.394206,0.606921,0.327454
ps_conc,171,2014,0.3,-1.196477,False,False,False,False,False,0.375365,0.606921,0.327454
ps_conc,172,2014,0.383333,-0.600102,False,False,False,False,False,0.376959,0.606921,0.327454
ps_conc,173,2014,0.45,-0.123002,False,False,False,False,False,0.391567,0.606921,0.327454
ps_conc,174,2014,0.566667,0.711922,False,False,False,False,False,0.426587,0.606921,0.327454
ps_conc,175,2014,0.333333,-0.957927,False,False,False,False,False,0.407936,0.606921,0.327454
ps_conc,176,2014,0.45,-0.123002,False,False,False,False,False,0.416349,0.606921,0.327454
ps_conc,177,2014,0.233333,-1.673576,False,False,False,False,False,0.379746,0.606921,0.327454
ps_conc,178,2014,0.35,-0.838652,False,False,False,False,False,0.373797,0.606921,0.327454
ps_conc,179,2014,0.583333,0.831197,False,False,False,False,False,0.415704,0.606921,0.327454
ps_conc,180,2014,0.45,-0.123002,False,False,False,False,False,0.422563,0.606921,0.327454
ps_conc,181,2014,0.433333,-0.242277,False,False,False,False,False,0.424717,0.606921,0.327454
ps_conc,182,2014,0.483333,0.115548,False,False,False,False,False,0.43644,0.606921,0.327454
ps_conc,183,2014,0.416667,-0.361552,False,False,False,False,False,0.432486,0.606921,0.327454
ps_conc,184,2015,0.683333,1.546847,False,False,False,False,False,0.482655,0.606921,0.327454
ps_conc,185,2015,0.6,0.950472,False,False,False,False,False,0.506124,0.606921,0.327454
ps_conc,186,2015,0.5,0.234823,False,False,False,False,False,0.504899,0.606921,0.327454
ps_conc,187,2015,0.316667,-1.077202,False,False,False,False,False,0.467253,0.606921,0.327454
ps_conc,188,2015,0.25,-1.554301,False,False,False,False,False,0.423802,0.606921,0.327454
ps_conc,189,2015,0.466667,-0.003727,False,False,False,False,False,0.432375,0.606921,0.327454
ps_conc,190,2015,0.3,-1.196477,False,False,False,False,False,0.4059,0.606921,0.327454
ps_conc,191,2015,0.416667,-0.361552,False,False,False,False,False,0.408053,0.606921,0.327454
ps_conc,192,2015,0.316667,-1.077202,False,False,False,False,False,0.389776,0.606921,0.327454
ps_conc,193,2015,0.433333,-0.242277,False,False,False,False,False,0.398488,0.606921,0.327454
ps_conc,194,2015,0.633333,1.189022,False,False,False,False,False,0.445457,0.606921,0.327454
ps_conc,195,2015,0.383333,-0.600102,False,False,False,False,False,0.433032,0.606921,0.327454
ps_conc,196,2015,0.566667,0.711922,False,False,False,False,False,0.459759,0.606921,0.327454
ps_conc,197,2015,0.566667,0.711922,False,False,False,False,False,0.48114,0.606921,0.327454
ps_conc,198,2015,0.0,-3.343425,True,False,False,False,False,0.384912,0.606921,0.327454
ps_conc,199,2015,0.683333,1.546847,False,False,False,False,False,0.444597,0.606921,0.327454
ps_conc,200,2015,0.483333,0.115548,False,False,False,False,False,0.452344,0.606921,0.327454
ps_conc,201,2015,0.416667,-0.361552,False,False,False,False,False,0.445208,0.606921,0.327454
ps_conc,202,2015,0.433333,-0.242277,False,False,False,False,False,0.442833,0.606921,0.327454
ps_conc,203,2015,0.283333,-1.315752,False,False,False,False,False,0.410933,0.606921,0.327454
ps_conc,204,2015,0.566667,0.711922,False,False,False,False,False,0.44208,0.606921,0.327454
ps_conc,205,2015,0.583333,0.831197,False,False,False,False,False,0.470331,0.606921,0.327454
ps_conc,206,2015,0.833333,2.620321,False,False,False,False,False,0.542931,0.606921,0.327454
ps_conc,207,2015,0.55,0.592647,False,False,False,False,False,0.544345,0.606921,0.327454
ps_conc,208,2015,0.5,0.234823,False,False,False,False,False,0.535476,0.606921,0.327454
ps_conc,209,2015,0.383333,-0.600102,False,False,False,False,False,0.505047,0.606921,0.327454
ps_conc,210,2015,0.4,-0.480827,False,False,False,False,False,0.484038,0.606921,0.327454
ps_conc,211,2015,0.45,-0.123002,False,False,False,False,False,0.47723,0.606921,0.327454
ps_conc,212,2015,0.5,0.234823,False,False,False,False,False,0.481784,0.606921,0.327454
ps_conc,213,2015,0.55,0.592647,False,False,False,False,False,0.495427,0.606921,0.327454
ps_conc,214,2015,0.55,0.592647,False,False,False,False,False,0.506342,0.606921,0.327454
ps_conc,215,2015,0.533333,0.473372,False,False,False,False,False,0.51174,0.606921,0.327454
ps_conc,216,2015,0.383333,-0.600102,False,False,False,False,False,0.486059,0.606921,0.327454
ps_conc,217,2015,0.366667,-0.719377,False,False,False,False,False,0.46218,0.606921,0.327454
ps_conc,218,2015,0.483333,0.115548,False,False,False,False,False,0.466411,0.606921,0.327454
ps_conc,219,2015,0.45,-0.123002,False,False,False,False,False,0.463129,0.606921,0.327454
ps_conc,220,2015,0.3,-1.196477,False,False,False,False,False,0.430503,0.606921,0.327454
ps_conc,221,2015,0.533333,0.473372,False,False,False,False,False,0.451069,0.606921,0.327454
ps_conc,222,2015,0.45,-0.123002,False,False,False,False,False,0.450855,0.606921,0.327454
ps_conc,223,2015,0.55,0.592647,False,False,False,False,False,0.470684,0.606921,0.327454
ps_conc,224,2015,0.416667,-0.361552,False,False,False,False,False,0.459881,0.606921,0.327454
ps_conc,225,2015,0.516667,0.354097,False,False,False,False,False,0.471238,0.606921,0.327454
ps_conc,226,2015,0.75,2.023946,False,False,False,False,False,0.52699,0.606921,0.327454
ps_conc,227,2015,0.433333,-0.242277,False,False,False,False,False,0.508259,0.606921,0.327454
ps_conc,228,2015,0.433333,-0.242277,False,False,False,False,False,0.493274,0.606921,0.327454
ps_conc,229,2015,0.5,0.234823,False,False,False,False,False,0.494619,0.606921,0.327454
ps_conc,230,2015,0.5,0.234823,False,False,False,False,False,0.495695,0.606921,0.327454
ps_conc,231,2015,0.5,0.234823,False,False,False,False,False,0.496556,0.606921,0.327454
ps_conc,232,2015,0.333333,-0.957927,False,False,False,False,False,0.463912,0.606921,0.327454
ps_conc,233,2015,0.7,1.666122,False,False,False,False,False,0.511129,0.606921,0.327454
ps_conc,234,2015,0.316667,-1.077202,False,False,False,False,False,0.472237,0.606921,0.327454
ps_conc,235,2015,0.266667,-1.435026,False,False,False,False,False,0.431123,0.606921,0.327454
ps_conc,236,2015,0.483333,0.115548,False,False,False,False,False,0.441565,0.606921,0.327454
ps_conc,237,2015,0.4,-0.480827,False,False,False,False,False,0.433252,0.606921,0.327454
ps_conc,238,2015,0.616667,1.069747,False,False,False,False,False,0.469935,0.606921,0.327454
ps_conc,239,2015,0.466667,-0.003727,False,False,False,False,False,0.469281,0.606921,0.327454
ps_conc,240,2015,0.416667,-0.361552,False,False,False,False,False,0.458758,0.606921,0.327454
ps_conc,241,2016,0.6,0.950472,False,False,False,False,False,0.487007,0.606921,0.327454
ps_conc,242,2016,0.716667,1.785397,False,False,False,False,False,0.532939,0.606921,0.327454
ps_conc,243,2016,0.45,-0.123002,False,False,False,False,False,0.516351,0.606921,0.327454
ps_conc,244,2016,0.533333,0.473372,False,False,False,False,False,0.519747,0.606921,0.327454
ps_conc,245,2016,0.483333,0.115548,False,False,False,False,False,0.512465,0.606921,0.327454
ps_conc,246,2016,0.383333,-0.600102,False,False,False,False,False,0.486638,0.606921,0.327454
ps_conc,247,2016,0.516667,0.354097,False,False,False,False,False,0.492644,0.606921,0.327454
ps_conc,248,2016,0.6,0.950472,False,False,False,False,False,0.514115,0.606921,0.327454
ps_conc,249,2016,0.4,-0.480827,False,False,False,False,False,0.491292,0.606921,0.327454
ps_conc,250,2016,0.433333,-0.242277,False,False,False,False,False,0.4797,0.606921,0.327454
ps_conc,251,2016,0.316667,-1.077202,False,False,False,False,False,0.447094,0.606921,0.327454
ps_conc,252,2016,0.533333,0.473372,False,False,False,False,False,0.464342,0.606921,0.327454
ps_conc,253,2016,0.383333,-0.600102,False,False,False,False,False,0.44814,0.606921,0.327454
ps_conc,254,2016,0.266667,-1.435026,False,False,False,False,False,0.411845,0.606921,0.327454
ps_conc,255,2016,0.466667,-0.003727,False,False,False,False,False,0.42281,0.606921,0.327454
ps_conc,256,2016,0.6,0.950472,False,False,False,False,False,0.458248,0.606921,0.327454
ps_conc,257,2016,0.4,-0.480827,False,False,False,False,False,0.446598,0.606921,0.327454
ps_conc,258,2016,0.516667,0.354097,False,False,False,False,False,0.460612,0.606921,0.327454
ps_conc,259,2016,0.133333,-2.389226,False,False,False,False,False,0.395156,0.606921,0.327454
ps_conc,260,2016,0.5,0.234823,False,False,False,False,False,0.416125,0.606921,0.327454
ps_conc,261,2016,0.266667,-1.435026,False,False,False,False,False,0.386233,0.606921,0.327454
ps_conc,262,2016,0.616667,1.069747,False,False,False,False,False,0.43232,0.606921,0.327454
ps_conc,263,2016,0.5,0.234823,False,False,False,False,False,0.445856,0.606921,0.327454
ps_conc,264,2016,0.466667,-0.003727,False,False,False,False,False,0.450018,0.606921,0.327454
ps_conc,265,2016,0.583333,0.831197,False,False,False,False,False,0.476681,0.606921,0.327454
ps_conc,266,2016,0.2,-1.912126,False,False,False,False,False,0.421345,0.606921,0.327454
ps_conc,267,2016,0.4,-0.480827,False,False,False,False,False,0.417076,0.606921,0.327454
ps_conc,268,2016,0.433333,-0.242277,False,False,False,False,False,0.420327,0.606921,0.327454
ps_conc,269,2016,0.283333,-1.315752,False,False,False,False,False,0.392929,0.606921,0.327454
ps_conc,270,2016,0.633333,1.189022,False,False,False,False,False,0.44101,0.606921,0.327454
ps_conc,271,2016,0.3,-1.196477,False,False,False,False,False,0.412808,0.606921,0.327454
ps_conc,272,2016,0.333333,-0.957927,False,False,False,False,False,0.396913,0.606921,0.327454
ps_conc,273,2016,0.266667,-1.435026,False,False,False,False,False,0.370864,0.606921,0.327454
ps_conc,274,2016,0.433333,-0.242277,False,False,False,False,False,0.383358,0.606921,0.327454
ps_conc,275,2016,0.166667,-2.150676,False,False,False,False,False,0.340019,0.606921,0.327454
ps_conc,276,2016,0.4,-0.480827,False,False,False,False,False,0.352015,0.606921,0.327454
ps_conc,277,2016,0.65,1.308297,False,False,False,False,False,0.411612,0.606921,0.327454
ps_conc,278,2016,0.316667,-1.077202,False,False,False,False,False,0.392623,0.606921,0.327454
ps_conc,279,2016,0.8,2.381771,False,False,False,False,False,0.474099,0.606921,0.327454
ps_conc,280,2016,0.516667,0.354097,False,False,False,False,False,0.482612,0.606921,0.327454
ps_conc,281,2016,0.7,1.666122,False,False,False,False,False,0.52609,0.606921,0.327454
ps_conc,282,2016,0.516667,0.354097,False,False,False,False,False,0.524205,0.606921,0.327454
ps_conc,283,2016,0.516667,0.354097,False,False,False,False,False,0.522697,0.606921,0.327454
ps_conc,284,2016,0.366667,-0.719377,False,False,False,False,False,0.491491,0.606921,0.327454
ps_conc,285,2016,0.6,0.950472,False,False,False,False,False,0.513193,0.606921,0.327454
ps_conc,286,2016,0.366667,-0.719377,False,False,False,False,False,0.483888,0.606921,0.327454
ps_conc,287,2016,0.533333,0.473372,False,False,False,False,False,0.493777,0.606921,0.327454
ps_conc,288,2016,0.466667,-0.003727,False,False,False,False,False,0.488355,0.606921,0.327454
ps_conc,289,2016,0.3,-1.196477,False,False,False,False,False,0.450684,0.606921,0.327454
ps_conc,290,2016,0.466667,-0.003727,False,False,False,False,False,0.45388,0.606921,0.327454
ps_conc,291,2016,0.55,0.592647,False,False,False,False,False,0.473104,0.606921,0.327454
ps_conc,292,2016,0.283333,-1.315752,False,False,False,False,False,0.43515,0.606921,0.327454
ps_conc,293,2016,0.65,1.308297,False,False,False,False,False,0.47812,0.606921,0.327454
ps_conc,294,2016,0.366667,-0.719377,False,False,False,False,False,0.455829,0.606921,0.327454
ps_conc,295,2016,0.716667,1.785397,False,False,False,False,False,0.507997,0.606921,0.327454
ps_conc,296,2016,0.333333,-0.957927,False,False,False,False,False,0.473064,0.606921,0.327454
ps_conc,297,2016,0.383333,-0.600102,False,False,False,False,False,0.455118,0.606921,0.327454
ps_conc,298,2016,0.333333,-0.957927,False,False,False,False,False,0.430761,0.606921,0.327454
ps_conc,299,2016,0.75,2.023946,False,False,False,False,False,0.494609,0.606921,0.327454
ps_conc,300,2016,0.366667,-0.719377,False,False,False,False,False,0.46902,0.606921,0.327454
ps_conc,301,2016,0.566667,0.711922,False,False,False,False,False,0.48855,0.606921,0.327454
ps_conc,302,2017,0.566667,0.711922,False,False,False,False,False,0.504173,0.606921,0.327454
ps_conc,303,2017,0.45,-0.123002,False,False,False,False,False,0.493338,0.606921,0.327454
ps_conc,304,2017,0.15,-2.269951,False,False,False,False,False,0.424671,0.606921,0.327454
ps_conc,305,2017,0.55,0.592647,False,False,False,False,False,0.449737,0.606921,0.327454
ps_conc,306,2017,0.233333,-1.673576,False,False,False,False,False,0.406456,0.606921,0.327454
ps_conc,307,2017,0.283333,-1.315752,False,False,False,False,False,0.381831,0.606921,0.327454
ps_conc,308,2017,0.283333,-1.315752,False,False,False,False,False,0.362132,0.606921,0.327454
ps_conc,309,2017,0.616667,1.069747,False,False,False,False,False,0.413039,0.606921,0.327454
ps_conc,310,2017,0.183333,-2.031401,False,False,False,False,False,0.367098,0.606921,0.327454
ps_conc,311,2017,0.266667,-1.435026,False,False,False,False,False,0.347011,0.606921,0.327454
ps_conc,312,2017,0.516667,0.354097,False,False,False,False,False,0.380943,0.606921,0.327454
ps_conc,313,2017,0.283333,-1.315752,False,False,False,False,False,0.361421,0.606921,0.327454
ps_conc,314,2017,0.366667,-0.719377,False,False,False,False,False,0.36247,0.606921,0.327454
ps_conc,315,2017,0.5,0.234823,False,False,False,False,False,0.389976,0.606921,0.327454
ps_conc,316,2017,0.483333,0.115548,False,False,False,False,False,0.408647,0.606921,0.327454
ps_conc,317,2017,0.216667,-1.792851,False,False,False,False,False,0.370251,0.606921,0.327454
ps_conc,318,2017,0.633333,1.189022,False,False,False,False,False,0.422868,0.606921,0.327454
ps_conc,319,2017,0.016667,-3.22415,True,False,False,False,False,0.341627,0.606921,0.327454
ps_conc,320,2017,0.333333,-0.957927,False,False,False,False,False,0.339969,0.606921,0.327454
ps_conc,321,2017,0.5,0.234823,False,False,False,False,False,0.371975,0.606921,0.327454
ps_conc,322,2017,0.45,-0.123002,False,False,False,False,False,0.38758,0.606921,0.327454
ps_conc,323,2017,0.516667,0.354097,False,False,False,False,False,0.413397,0.606921,0.327454
ps_conc,324,2017,0.416667,-0.361552,False,False,False,False,False,0.414051,0.606921,0.327454
ps_conc,325,2017,0.383333,-0.600102,False,False,False,False,False,0.407908,0.606921,0.327454
ps_conc,326,2017,0.35,-0.838652,False,False,False,False,False,0.396326,0.606921,0.327454
ps_conc,327,2017,0.333333,-0.957927,False,False,False,False,False,0.383728,0.606921,0.327454
ps_conc,328,2017,0.316667,-1.077202,False,False,True,False,False,0.370315,0.606921,0.327454
ps_conc,329,2017,0.533333,0.473372,False,False,False,False,False,0.402919,0.606921,0.327454
ps_conc,330,2017,0.533333,0.473372,False,False,False,False,False,0.429002,0.606921,0.327454
ps_conc,331,2017,0.55,0.592647,False,False,False,False,False,0.453201,0.606921,0.327454
ps_conc,332,2017,0.55,0.592647,False,False,False,False,False,0.472561,0.606921,0.327454
ps_conc,333,2017,0.866667,2.858871,False,False,False,False,False,0.551382,0.606921,0.327454
ps_conc,334,2017,0.6,0.950472,False,False,False,False,False,0.561106,0.606921,0.327454
ps_conc,335,2017,0.25,-1.554301,False,False,False,False,False,0.498885,0.606921,0.327454
ps_conc,336,2017,0.533333,0.473372,False,False,False,False,False,0.505774,0.606921,0.327454
ps_conc,337,2017,0.533333,0.473372,False,False,False,False,False,0.511286,0.606921,0.327454
ps_conc,338,2017,0.516667,0.354097,False,False,False,False,False,0.512362,0.606921,0.327454
ps_conc,339,2017,0.283333,-1.315752,False,False,False,False,False,0.466556,0.606921,0.327454
ps_conc,340,2017,0.416667,-0.361552,False,False,False,False,False,0.456579,0.606921,0.327454
ps_conc,341,2017,0.533333,0.473372,False,False,False,False,False,0.471929,0.606921,0.327454
ps_conc,342,2017,0.633333,1.189022,False,False,False,False,False,0.50421,0.606921,0.327454
ps_conc,343,2017,0.616667,1.069747,False,False,False,False,False,0.526702,0.606921,0.327454
ps_conc,344,2017,0.55,0.592647,False,False,False,False,False,0.531361,0.606921,0.327454
ps_conc,345,2017,0.25,-1.554301,False,False,False,False,False,0.475089,0.606921,0.327454
ps_conc,346,2017,0.566667,0.711922,False,False,False,False,False,0.493405,0.606921,0.327454
ps_conc,347,2017,0.433333,-0.242277,False,False,False,False,False,0.48139,0.606921,0.327454
ps_conc,348,2017,0.583333,0.831197,False,False,False,False,False,0.501779,0.606921,0.327454
ps_conc,349,2017,0.616667,1.069747,False,False,False,False,False,0.524756,0.606921,0.327454
ps_conc,350,2017,0.466667,-0.003727,False,False,False,False,False,0.513138,0.606921,0.327454
ps_conc,351,2017,0.55,0.592647,False,False,False,False,False,0.520511,0.606921,0.327454
ps_conc,352,2017,0.283333,-1.315752,False,False,False,False,False,0.473075,0.606921,0.327454
ps_conc,353,2017,0.283333,-1.315752,False,False,False,False,False,0.435127,0.606921,0.327454
ps_conc,354,2017,0.4,-0.480827,False,False,False,False,False,0.428102,0.606921,0.327454
ps_conc,355,2017,0.45,-0.123002,False,False,False,False,False,0.432481,0.606921,0.327454
ps_conc,356,2017,0.516667,0.354097,False,False,False,False,False,0.449318,0.606921,0.327454
ps_conc,357,2018,0.283333,-1.315752,False,False,False,False,False,0.416121,0.606921,0.327454
ps_conc,358,2018,0.75,2.023946,False,False,False,False,False,0.482897,0.606921,0.327454
ps_conc,359,2018,0.2,-1.912126,False,False,False,False,False,0.426318,0.606921,0.327454
ps_conc,360,2018,0.616667,1.069747,False,False,False,False,False,0.464387,0.606921,0.327454
ps_conc,361,2018,0.466667,-0.003727,False,False,False,False,False,0.464843,0.606921,0.327454
ps_conc,362,2018,0.583333,0.831197,False,False,False,False,False,0.488541,0.606921,0.327454
ps_conc,363,2018,0.316667,-1.077202,False,False,False,False,False,0.454166,0.606921,0.327454
ps_conc,364,2018,0.55,0.592647,False,False,False,False,False,0.473333,0.606921,0.327454
ps_conc,365,2018,0.533333,0.473372,False,False,False,False,False,0.485333,0.606921,0.327454
ps_conc,366,2018,0.45,-0.123002,False,False,False,False,False,0.478267,0.606921,0.327454
ps_conc,367,2018,0.783333,2.262496,False,False,False,False,False,0.53928,0.606921,0.327454
ps_conc,368,2018,0.483333,0.115548,False,False,False,False,False,0.528091,0.606921,0.327454
ps_conc,369,2018,0.616667,1.069747,False,False,False,False,False,0.545806,0.606921,0.327454
ps_conc,370,2018,0.666667,1.427572,False,False,False,False,False,0.569978,0.606921,0.327454
ps_conc,371,2018,0.616667,1.069747,False,False,False,False,False,0.579316,0.606921,0.327454
ps_conc,372,2018,0.466667,-0.003727,False,False,False,False,False,0.556786,0.606921,0.327454
ps_conc,373,2018,0.3,-1.196477,False,False,False,False,False,0.505429,0.606921,0.327454
ps_conc,374,2018,0.5,0.234823,False,False,False,False,False,0.504343,0.606921,0.327454
ps_conc,375,2018,0.233333,-1.673576,False,False,False,False,False,0.450141,0.606921,0.327454
ps_conc,376,2018,0.616667,1.069747,False,False,False,False,False,0.483446,0.606921,0.327454
ps_conc,377,2018,0.316667,-1.077202,False,False,False,False,False,0.45009,0.606921,0.327454
ps_conc,378,2018,0.55,0.592647,False,False,False,False,False,0.470072,0.606921,0.327454
ps_conc,379,2018,0.283333,-1.315752,False,False,False,False,False,0.432724,0.606921,0.327454
ps_conc,380,2018,0.35,-0.838652,False,False,False,False,False,0.41618,0.606921,0.327454
ps_conc,381,2018,0.566667,0.711922,False,False,False,False,False,0.446277,0.606921,0.327454
ps_conc,382,2018,0.566667,0.711922,False,False,False,False,False,0.470355,0.606921,0.327454
ps_conc,383,2018,0.283333,-1.315752,False,False,False,False,False,0.432951,0.606921,0.327454
ps_conc,384,2018,0.55,0.592647,False,False,False,False,False,0.45636,0.606921,0.327454
ps_conc,385,2018,0.566667,0.711922,False,False,False,False,False,0.478422,0.606921,0.327454
ps_conc,386,2018,0.416667,-0.361552,False,False,False,False,False,0.466071,0.606921,0.327454
ps_conc,387,2018,0.45,-0.123002,False,False,False,False,False,0.462857,0.606921,0.327454
ps_conc,388,2018,0.616667,1.069747,False,False,False,False,False,0.493619,0.606921,0.327454
ps_conc,389,2018,0.766667,2.143221,False,False,False,False,False,0.548228,0.606921,0.327454
ps_conc,390,2018,0.533333,0.473372,False,False,False,False,False,0.545249,0.606921,0.327454
ps_conc,391,2018,0.35,-0.838652,False,False,False,False,False,0.506199,0.606921,0.327454
ps_conc,392,2018,0.3,-1.196477,False,False,False,False,False,0.46496,0.606921,0.327454
ps_conc,393,2018,0.466667,-0.003727,False,False,False,False,False,0.465301,0.606921,0.327454
ps_conc,394,2018,0.5,0.234823,False,False,False,False,False,0.472241,0.606921,0.327454
ps_conc,395,2018,0.616667,1.069747,False,False,False,False,False,0.501126,0.606921,0.327454
ps_conc,396,2018,0.466667,-0.003727,False,False,False,False,False,0.494234,0.606921,0.327454
ps_conc,397,2018,0.433333,-0.242277,False,False,False,False,False,0.482054,0.606921,0.327454
ps_conc,398,2018,0.366667,-0.719377,False,False,False,False,False,0.458976,0.606921,0.327454
ps_conc,399,2018,0.416667,-0.361552,False,False,False,False,False,0.450515,0.606921,0.327454
ps_conc,400,2018,0.466667,-0.003727,False,False,False,False,False,0.453745,0.606921,0.327454
ps_conc,401,2018,0.45,-0.123002,False,False,False,False,False,0.452996,0.606921,0.327454
ps_conc,402,2018,0.366667,-0.719377,False,False,False,False,False,0.43573,0.606921,0.327454
ps_conc,403,2018,0.533333,0.473372,False,False,False,False,False,0.455251,0.606921,0.327454
ps_conc,404,2018,0.45,-0.123002,False,False,False,False,False,0.454201,0.606921,0.327454
ps_conc,405,2018,0.566667,0.711922,False,False,False,False,False,0.476694,0.606921,0.327454
ps_conc,406,2018,0.55,0.592647,False,False,False,False,False,0.491355,0.606921,0.327454
ps_conc,407,2018,0.583333,0.831197,False,False,False,False,False,0.509751,0.606921,0.327454
ps_conc,408,2018,0.483333,0.115548,False,False,False,False,False,0.504467,0.606921,0.327454
ps_conc,409,2018,0.516667,0.354097,False,False,False,False,False,0.506907,0.606921,0.327454
ps_conc,410,2018,0.616667,1.069747,False,False,False,False,False,0.528859,0.606921,0.327454
ps_conc,411,2018,0.516667,0.354097,False,False,False,False,False,0.526421,0.606921,0.327454
ps_conc,412,2018,0.516667,0.354097,False,False,False,False,False,0.52447,0.606921,0.327454
ps_conc,413,2018,0.533333,0.473372,False,True,False,False,False,0.526242,0.606921,0.327454
ps_conc,414,2018,0.45,-0.123002,False,False,False,False,False,0.510994,0.606921,0.327454
ps_conc,415,2019,0.433333,-0.242277,False,False,False,False,False,0.495462,0.606921,0.327454
ps_conc,416,2019,0.4,-0.480827,False,False,False,False,False,0.476369,0.606921,0.327454
ps_conc,417,2019,0.466667,-0.003727,False,False,False,False,False,0.474429,0.606921,0.327454
ps_conc,418,2019,0.533333,0.473372,False,False,False,False,False,0.48621,0.606921,0.327454
ps_conc,419,2019,0.466667,-0.003727,False,False,False,False,False,0.482301,0.606921,0.327454
ps_conc,420,2019,0.366667,-0.719377,False,False,False,False,False,0.459174,0.606921,0.327454
ps_conc,421,2019,0.433333,-0.242277,False,False,False,False,False,0.454006,0.606921,0.327454
ps_conc,422,2019,0.55,0.592647,False,False,False,False,False,0.473205,0.606921,0.327454
ps_conc,423,2019,0.483333,0.115548,False,False,False,False,False,0.475231,0.606921,0.327454
ps_conc,424,2019,0.366667,-0.719377,False,False,False,False,False,0.453518,0.606921,0.327454
ps_conc,425,2019,0.733333,1.904671,False,False,False,False,False,0.509481,0.606921,0.327454
ps_conc,426,2019,0.533333,0.473372,False,False,False,False,False,0.514251,0.606921,0.327454
ps_conc,427,2019,0.6,0.950472,False,False,False,False,False,0.531401,0.606921,0.327454
ps_conc,428,2019,0.5,0.234823,False,False,False,False,False,0.525121,0.606921,0.327454
ps_conc,429,2019,0.666667,1.427572,False,False,False,False,False,0.55343,0.606921,0.327454
ps_conc,430,2019,0.6,0.950472,False,False,False,False,False,0.562744,0.606921,0.327454
ps_conc,431,2019,0.533333,0.473372,False,False,False,False,False,0.556862,0.606921,0.327454
ps_conc,432,2019,0.533333,0.473372,False,False,False,False,False,0.552156,0.606921,0.327454
ps_conc,433,2019,0.766667,2.143221,False,True,False,False,False,0.595058,0.606921,0.327454
ps_conc,434,2019,0.3,-1.196477,False,False,False,False,False,0.536047,0.606921,0.327454
ps_conc,435,2019,0.45,-0.123002,False,False,False,False,False,0.518837,0.606921,0.327454
ps_conc,436,2019,0.5,0.234823,False,False,False,False,False,0.51507,0.606921,0.327454
ps_conc,437,2019,0.383333,-0.600102,False,False,False,False,False,0.488723,0.606921,0.327454
ps_conc,438,2019,0.45,-0.123002,False,False,False,False,False,0.480978,0.606921,0.327454
ps_conc,439,2019,0.333333,-0.957927,False,False,False,False,False,0.451449,0.606921,0.327454
ps_conc,440,2019,0.383333,-0.600102,False,False,False,False,False,0.437826,0.606921,0.327454
ps_conc,441,2019,0.583333,0.831197,False,False,False,False,False,0.466927,0.606921,0.327454
ps_conc,442,2019,0.5,0.234823,False,False,False,False,False,0.473542,0.606921,0.327454
ps_conc,443,2019,0.366667,-0.719377,False,False,False,False,False,0.452167,0.606921,0.327454
ps_conc,444,2019,0.783333,2.262496,False,False,False,False,False,0.5184,0.606921,0.327454
ps_conc,445,2019,0.416667,-0.361552,False,False,False,False,False,0.498053,0.606921,0.327454
ps_conc,446,2019,0.483333,0.115548,False,False,False,False,False,0.495109,0.606921,0.327454
ps_conc,447,2019,0.833333,2.620321,False,False,False,False,False,0.562754,0.606921,0.327454
ps_conc,448,2019,0.35,-0.838652,False,False,False,False,False,0.520203,0.606921,0.327454
ps_conc,449,2019,0.45,-0.123002,False,False,False,False,False,0.506163,0.606921,0.327454
ps_conc,450,2019,0.516667,0.354097,False,False,False,False,False,0.508263,0.606921,0.327454
ps_conc,451,2019,0.516667,0.354097,False,False,False,False,False,0.509944,0.606921,0.327454
ps_conc,452,2019,0.333333,-0.957927,False,False,False,False,False,0.474622,0.606921,0.327454
ps_conc,453,2019,0.533333,0.473372,False,False,False,False,False,0.486364,0.606921,0.327454
ps_conc,454,2019,0.316667,-1.077202,False,False,False,False,False,0.452425,0.606921,0.327454
ps_conc,455,2019,0.466667,-0.003727,False,False,False,False,False,0.455273,0.606921,0.327454
ps_conc,456,2019,0.283333,-1.315752,False,False,False,False,False,0.420885,0.606921,0.327454
ps_conc,457,2019,0.483333,0.115548,False,False,False,False,False,0.433375,0.606921,0.327454
ps_conc,458,2019,0.5,0.234823,False,False,False,False,False,0.4467,0.606921,0.327454
ps_conc,459,2019,0.583333,0.831197,False,False,False,False,False,0.474027,0.606921,0.327454
ps_conc,460,2019,0.75,2.023946,False,False,False,False,False,0.529221,0.606921,0.327454
ps_conc,461,2019,0.5,0.234823,False,False,False,False,False,0.523377,0.606921,0.327454
ps_conc,462,2019,0.3,-1.196477,False,False,False,False,False,0.478702,0.606921,0.327454
ps_conc,463,2019,0.566667,0.711922,False,False,False,False,False,0.496295,0.606921,0.327454
ps_conc,464,2019,0.316667,-1.077202,False,False,False,False,False,0.460369,0.606921,0.327454
ps_conc,465,2020,0.3,-1.196477,False,False,False,False,False,0.428295,0.606921,0.327454
ps_conc,466,2020,0.5,0.234823,False,False,False,False,False,0.442636,0.606921,0.327454
ps_conc,467,2020,0.416667,-0.361552,False,False,False,False,False,0.437442,0.606921,0.327454
ps_conc,468,2020,0.483333,0.115548,False,False,False,False,False,0.44662,0.606921,0.327454
ps_conc,469,2020,0.35,-0.838652,False,False,False,False,False,0.427296,0.606921,0.327454
ps_conc,470,2020,0.566667,0.711922,False,False,False,False,False,0.45517,0.606921,0.327454
ps_conc,471,2020,0.416667,-0.361552,False,False,False,False,False,0.44747,0.606921,0.327454
ps_conc,472,2020,0.4,-0.480827,False,False,False,False,False,0.437976,0.606921,0.327454
ps_conc,473,2020,0.266667,-1.435026,False,False,False,False,False,0.403714,0.606921,0.327454
ps_conc,474,2020,0.283333,-1.315752,False,False,False,False,False,0.379638,0.606921,0.327454
ps_conc,475,2020,0.45,-0.123002,False,False,False,False,False,0.39371,0.606921,0.327454
ps_conc,476,2020,0.4,-0.480827,False,False,False,False,False,0.394968,0.606921,0.327454
ps_conc,477,2020,0.5,0.234823,False,False,False,False,False,0.415975,0.606921,0.327454
ps_conc,478,2020,0.35,-0.838652,False,False,False,False,False,0.40278,0.606921,0.327454
ps_conc,479,2020,0.516667,0.354097,False,False,False,False,False,0.425557,0.606921,0.327454
ps_conc,480,2020,0.6,0.950472,False,False,False,False,False,0.460446,0.606921,0.327454
ps_conc,481,2020,0.7,1.666122,False,False,False,False,False,0.508357,0.606921,0.327454
ps_conc,482,2020,0.4,-0.480827,False,False,False,False,False,0.486685,0.606921,0.327454
ps_conc,483,2020,0.616667,1.069747,False,False,False,False,False,0.512682,0.606921,0.327454
ps_conc,484,2020,0.6,0.950472,False,False,False,False,False,0.530145,0.606921,0.327454
ps_conc,485,2020,0.383333,-0.600102,False,False,False,False,False,0.500783,0.606921,0.327454
ps_conc,486,2020,0.516667,0.354097,False,False,False,False,False,0.50396,0.606921,0.327454
ps_conc,487,2020,0.533333,0.473372,False,False,False,False,False,0.509834,0.606921,0.327454
ps_conc,488,2020,0.383333,-0.600102,False,False,False,False,False,0.484534,0.606921,0.327454
ps_conc,489,2020,0.433333,-0.242277,False,False,False,False,False,0.474294,0.606921,0.327454
ps_conc,490,2020,0.5,0.234823,False,False,False,False,False,0.479435,0.606921,0.327454
ps_conc,491,2020,0.583333,0.831197,False,False,False,False,False,0.500215,0.606921,0.327454
ps_conc,492,2020,0.45,-0.123002,False,False,False,False,False,0.490172,0.606921,0.327454
ps_conc,493,2020,0.533333,0.473372,False,False,False,False,False,0.498804,0.606921,0.327454
ps_conc,494,2020,0.45,-0.123002,False,False,False,False,False,0.489043,0.606921,0.327454
ps_conc,495,2020,0.483333,0.115548,False,False,False,False,False,0.487901,0.606921,0.327454
ps_conc,496,2020,0.316667,-1.077202,False,False,False,False,False,0.453654,0.606921,0.327454
ps_conc,497,2020,0.416667,-0.361552,False,False,False,False,False,0.446257,0.606921,0.327454
ps_conc,498,2020,0.366667,-0.719377,False,False,False,False,False,0.430339,0.606921,0.327454
ps_conc,499,2020,0.35,-0.838652,False,False,False,False,False,0.414271,0.606921,0.327454
ps_conc,500,2020,0.816667,2.501046,False,False,False,False,False,0.49475,0.606921,0.327454
ps_conc,501,2020,0.416667,-0.361552,False,False,False,False,False,0.479133,0.606921,0.327454
ps_conc,502,2020,0.516667,0.354097,False,False,False,False,False,0.48664,0.606921,0.327454
ps_conc,503,2020,0.616667,1.069747,False,False,False,False,False,0.512645,0.606921,0.327454
ps_conc,504,2020,0.25,-1.554301,False,False,False,False,False,0.460116,0.606921,0.327454
ps_conc,505,2020,0.65,1.308297,False,False,False,False,False,0.498093,0.606921,0.327454
ps_conc,506,2020,0.4,-0.480827,False,False,False,False,False,0.478474,0.606921,0.327454
ps_conc,507,2021,0.433333,-0.242277,False,False,False,False,False,0.469446,0.606921,0.327454
ps_conc,508,2021,0.35,-0.838652,False,False,False,False,False,0.445557,0.606921,0.327454
ps_conc,509,2021,0.566667,0.711922,False,False,False,False,False,0.469779,0.606921,0.327454
ps_conc,510,2021,0.566667,0.711922,False,False,False,False,False,0.489156,0.606921,0.327454
ps_conc,511,2021,0.55,0.592647,False,False,False,False,False,0.501325,0.606921,0.327454
ps_conc,512,2021,0.45,-0.123002,False,False,False,False,False,0.49106,0.606921,0.327454
ps_conc,513,2021,0.516667,0.354097,False,False,False,False,False,0.496181,0.606921,0.327454
ps_conc,514,2021,0.6,0.950472,False,False,False,False,False,0.516945,0.606921,0.327454
ps_conc,515,2021,0.416667,-0.361552,False,False,False,False,False,0.496889,0.606921,0.327454
ps_conc,516,2021,0.65,1.308297,False,False,False,False,False,0.527512,0.606921,0.327454
ps_conc,517,2021,0.333333,-0.957927,False,False,False,False,False,0.488676,0.606921,0.327454
ps_conc,518,2021,0.216667,-1.792851,False,False,False,False,False,0.434274,0.606921,0.327454
ps_conc,519,2021,0.683333,1.546847,False,False,False,False,False,0.484086,0.606921,0.327454
ps_conc,520,2021,0.55,0.592647,False,False,False,False,False,0.497269,0.606921,0.327454
ps_conc,521,2021,0.316667,-1.077202,False,False,False,False,False,0.461148,0.606921,0.327454
ps_conc,522,2021,0.366667,-0.719377,False,False,False,False,False,0.442252,0.606921,0.327454
ps_conc,523,2021,0.6,0.950472,False,False,False,False,False,0.473802,0.606921,0.327454
ps_conc,524,2021,0.483333,0.115548,False,False,False,False,False,0.475708,0.606921,0.327454
ps_conc,525,2021,0.433333,-0.242277,False,False,False,False,False,0.467233,0.606921,0.327454
ps_conc,526,2021,0.466667,-0.003727,False,False,False,False,False,0.46712,0.606921,0.327454
ps_conc,527,2021,0.416667,-0.361552,False,False,False,False,False,0.457029,0.606921,0.327454
ps_conc,528,2021,0.666667,1.427572,False,False,False,False,False,0.498957,0.606921,0.327454
ps_conc,529,2021,0.233333,-1.673576,False,False,False,False,False,0.445832,0.606921,0.327454
ps_conc,530,2021,0.683333,1.546847,False,False,False,False,False,0.493332,0.606921,0.327454
ps_conc,531,2021,0.366667,-0.719377,False,False,False,False,False,0.467999,0.606921,0.327454
ps_conc,532,2021,0.566667,0.711922,False,False,False,False,False,0.487733,0.606921,0.327454
ps_conc,533,2021,0.15,-2.269951,False,False,False,False,False,0.420186,0.606921,0.327454
ps_conc,534,2021,0.616667,1.069747,False,False,False,False,False,0.459482,0.606921,0.327454
ps_conc,535,2021,0.5,0.234823,False,False,False,False,False,0.467586,0.606921,0.327454
ps_conc,536,2021,0.466667,-0.003727,False,False,False,False,False,0.467402,0.606921,0.327454
ps_conc,537,2021,0.4,-0.480827,False,False,False,False,False,0.453922,0.606921,0.327454
ps_conc,538,2021,0.583333,0.831197,False,False,False,False,False,0.479804,0.606921,0.327454
ps_conc,539,2021,0.383333,-0.600102,False,False,False,False,False,0.46051,0.606921,0.327454
ps_conc,540,2021,0.516667,0.354097,False,False,False,False,False,0.471741,0.606921,0.327454
ps_conc,541,2021,0.266667,-1.435026,False,False,False,False,False,0.430726,0.606921,0.327454
ps_conc,542,2021,0.633333,1.189022,False,False,False,False,False,0.471248,0.606921,0.327454
ps_conc,543,2022,0.566667,0.711922,False,False,False,False,False,0.490331,0.606921,0.327454
ps_conc,544,2022,0.616667,1.069747,False,False,False,False,False,0.515599,0.606921,0.327454
ps_conc,545,2022,0.666667,1.427572,False,False,False,False,False,0.545812,0.606921,0.327454
ps_conc,546,2022,0.25,-1.554301,False,False,False,False,False,0.48665,0.606921,0.327454
ps_conc,547,2022,0.583333,0.831197,False,False,False,False,False,0.505986,0.606921,0.327454
ps_conc,548,2022,0.533333,0.473372,False,False,False,False,False,0.511456,0.606921,0.327454
ps_conc,549,2022,0.716667,1.785397,False,False,False,False,False,0.552498,0.606921,0.327454
ps_conc,550,2022,0.633333,1.189022,False,False,False,False,False,0.568665,0.606921,0.327454
ps_conc,551,2022,0.633333,1.189022,False,False,False,False,False,0.581599,0.606921,0.327454
ps_conc,552,2022,0.4,-0.480827,False,False,False,False,False,0.545279,0.606921,0.327454
ps_conc,553,2022,0.583333,0.831197,False,False,False,False,False,0.55289,0.606921,0.327454
ps_conc,554,2022,0.633333,1.189022,False,False,False,False,False,0.568979,0.606921,0.327454
ps_conc,555,2022,0.366667,-0.719377,False,False,False,False,False,0.528516,0.606921,0.327454
ps_conc,556,2022,0.5,0.234823,False,False,False,False,False,0.522813,0.606921,0.327454
ps_conc,557,2022,0.55,0.592647,False,False,False,False,False,0.52825,0.606921,0.327454
ps_conc,558,2022,0.533333,0.473372,False,False,False,False,False,0.529267,0.606921,0.327454
ps_conc,559,2022,0.783333,2.262496,False,False,False,False,False,0.58008,0.606921,0.327454
ps_conc,560,2022,0.25,-1.554301,False,False,False,False,False,0.514064,0.606921,0.327454
ps_conc,561,2022,0.616667,1.069747,False,False,False,False,False,0.534585,0.606921,0.327454
ps_conc,562,2022,0.383333,-0.600102,False,False,False,False,False,0.504334,0.606921,0.327454
ps_conc,563,2022,0.566667,0.711922,False,False,False,False,False,0.516801,0.606921,0.327454
ps_conc,564,2022,0.266667,-1.435026,False,False,False,False,False,0.466774,0.606921,0.327454
ps_conc,565,2022,0.366667,-0.719377,False,False,False,False,False,0.446753,0.606921,0.327454
ps_conc,566,2022,0.3,-1.196477,False,False,False,False,False,0.417402,0.606921,0.327454
ps_conc,567,2022,0.383333,-0.600102,False,False,False,False,False,0.410588,0.606921,0.327454
ps_conc,568,2022,0.583333,0.831197,False,False,False,False,False,0.445137,0.606921,0.327454
ps_conc,569,2022,0.516667,0.354097,False,False,False,False,False,0.459443,0.606921,0.327454
ps_conc,570,2022,0.633333,1.189022,False,False,False,False,False,0.494221,0.606921,0.327454
ps_conc,571,2022,0.583333,0.831197,False,False,False,False,False,0.512044,0.606921,0.327454
ps_conc,572,2022,0.566667,0.711922,False,False,False,False,False,0.522968,0.606921,0.327454
ps_conc,573,2022,0.6,0.950472,False,False,False,False,False,0.538375,0.606921,0.327454
ps_conc,574,2022,0.45,-0.123002,False,False,False,False,False,0.5207,0.606921,0.327454
ps_conc,575,2022,0.25,-1.554301,False,False,False,False,False,0.46656,0.606921,0.327454
ps_conc,576,2022,0.833333,2.620321,False,False,False,False,False,0.539914,0.606921,0.327454
ps_conc,577,2022,0.333333,-0.957927,False,False,False,False,False,0.498598,0.606921,0.327454
ps_conc,578,2022,0.433333,-0.242277,False,False,False,False,False,0.485545,0.606921,0.327454
ps_conc,579,2022,0.366667,-0.719377,False,False,False,False,False,0.46177,0.606921,0.327454
ps_conc,580,2022,0.416667,-0.361552,False,False,False,False,False,0.452749,0.606921,0.327454
ps_conc,581,2022,0.383333,-0.600102,False,False,False,False,False,0.438866,0.606921,0.327454
ps_conc,582,2022,0.2,-1.912126,False,False,False,False,False,0.391093,0.606921,0.327454
ps_conc,583,2022,0.65,1.308297,False,False,False,False,False,0.442874,0.606921,0.327454
ps_conc,584,2022,0.333333,-0.957927,False,False,False,False,False,0.420966,0.606921,0.327454
ps_conc,585,2022,0.466667,-0.003727,False,False,False,False,False,0.430106,0.606921,0.327454
ps_conc,586,2022,0.516667,0.354097,False,False,False,False,False,0.447418,0.606921,0.327454
ps_conc,587,2022,0.566667,0.711922,False,False,False,False,False,0.471268,0.606921,0.327454
ps_conc,588,2022,0.416667,-0.361552,False,False,False,False,False,0.460348,0.606921,0.327454
ps_conc,589,2022,0.45,-0.123002,False,False,False,False,False,0.458278,0.606921,0.327454
ps_conc,590,2023,0.366667,-0.719377,False,False,False,False,False,0.439956,0.606921,0.327454
ps_conc,591,2023,0.416667,-0.361552,False,False,False,False,False,0.435298,0.606921,0.327454
ps_conc,592,2023,0.533333,0.473372,False,False,False,False,False,0.454905,0.606921,0.327454
ps_conc,593,2023,0.366667,-0.719377,False,False,False,False,False,0.437257,0.606921,0.327454
ps_conc,594,2023,0.683333,1.546847,False,False,False,False,False,0.486473,0.606921,0.327454
ps_conc,595,2023,0.55,0.592647,False,False,False,False,False,0.499178,0.606921,0.327454
ps_conc,596,2023,0.816667,2.501046,False,False,False,False,False,0.562676,0.606921,0.327454
ps_conc,597,2023,0.633333,1.189022,False,False,False,False,False,0.576807,0.606921,0.327454
ps_conc,598,2023,0.216667,-1.792851,False,False,False,False,False,0.504779,0.606921,0.327454
ps_conc,599,2023,0.433333,-0.242277,False,False,False,False,False,0.49049,0.606921,0.327454
ps_conc,600,2023,0.333333,-0.957927,False,False,False,False,False,0.459059,0.606921,0.327454
ps_conc,601,2024,0.266667,-1.435026,False,False,False,False,False,0.42058,0.606921,0.327454
ps_conc,602,2024,0.283333,-1.315752,False,False,False,False,False,0.393131,0.606921,0.327454
ps_conc,603,2024,0.5,0.234823,False,False,False,False,False,0.414505,0.606921,0.327454
ps_conc,604,2024,0.45,-0.123002,False,False,False,False,False,0.421604,0.606921,0.327454
ps_conc,605,2024,0.316667,-1.077202,False,False,False,False,False,0.400616,0.606921,0.327454
ps_conc,606,2024,0.333333,-0.957927,False,False,False,False,False,0.38716,0.606921,0.327454
ps_conc,607,2024,0.633333,1.189022,False,False,False,False,False,0.436394,0.606921,0.327454
ps_conc,608,2024,0.4,-0.480827,False,False,False,False,False,0.429116,0.606921,0.327454
ps_conc,609,2024,0.483333,0.115548,False,False,False,False,False,0.439959,0.606921,0.327454
ps_conc,610,2024,0.45,-0.123002,False,False,False,False,False,0.441967,0.606921,0.327454
ps_conc,611,2024,0.366667,-0.719377,False,False,False,False,False,0.426907,0.606921,0.327454
ps_conc,612,2024,0.45,-0.123002,False,False,False,False,False,0.431526,0.606921,0.327454
ps_conc,613,2024,0.416667,-0.361552,False,False,False,False,False,0.428554,0.606921,0.327454
ps_conc,614,2024,0.5,0.234823,False,False,False,False,False,0.442843,0.606921,0.327454
ps_conc,615,2024,0.45,-0.123002,False,False,False,False,False,0.444275,0.606921,0.327454
ps_conc,616,2024,0.416667,-0.361552,False,False,False,False,False,0.438753,0.606921,0.327454
ps_conc,617,2024,0.616667,1.069747,False,False,False,False,False,0.474336,0.606921,0.327454
ps_conc,618,2024,0.433333,-0.242277,False,False,False,False,False,0.466135,0.606921,0.327454
ps_conc,619,2024,0.216667,-1.792851,False,False,False,False,False,0.416242,0.606921,0.327454
ps_conc,620,2024,0.516667,0.354097,False,False,False,False,False,0.436327,0.606921,0.327454
ps_conc,621,2024,0.416667,-0.361552,False,False,False,False,False,0.432395,0.606921,0.327454
ps_conc,622,2024,0.483333,0.115548,False,False,False,False,False,0.442582,0.606921,0.327454
ps_conc,623,2024,0.55,0.592647,False,False,False,False,False,0.464066,0.606921,0.327454
ps_conc,624,2024,0.383333,-0.600102,False,False,False,False,False,0.447919,0.606921,0.327454
ps_conc,625,2024,0.6,0.950472,False,False,False,False,False,0.478335,0.606921,0.327454
ps_conc,626,2024,0.333333,-0.957927,False,False,False,False,False,0.449335,0.606921,0.327454
ps_conc,627,2024,0.65,1.308297,False,False,False,False,False,0.489468,0.606921,0.327454
ps_conc,628,2024,0.633333,1.189022,False,False,False,False,False,0.518241,0.606921,0.327454
ps_conc,629,2024,0.35,-0.838652,False,False,False,False,False,0.484593,0.606921,0.327454
ps_conc,630,2024,0.466667,-0.003727,False,False,False,False,False,0.481008,0.606921,0.327454
ps_conc,631,2024,0.5,0.234823,False,False,False,False,False,0.484806,0.606921,0.327454
ps_conc,632,2024,0.433333,-0.242277,False,False,False,False,False,0.474512,0.606921,0.327454
ps_conc,633,2024,0.633333,1.189022,False,False,False,False,False,0.506276,0.606921,0.327454
ps_conc,634,2024,0.333333,-0.957927,False,False,False,False,False,0.471687,0.606921,0.327454
ps_conc,635,2024,0.566667,0.711922,False,False,False,False,False,0.490683,0.606921,0.327454
ps_conc,636,2024,0.283333,-1.315752,False,False,False,False,False,0.449213,0.606921,0.327454
ps_conc,637,2024,0.3,-1.196477,False,False,False,False,False,0.419371,0.606921,0.327454
ps_conc,638,2024,0.483333,0.115548,False,False,False,False,False,0.432163,0.606921,0.327454
ps_conc,639,2024,0.5,0.234823,False,False,False,False,False,0.445731,0.606921,0.327454
ps_conc,640,2024,0.666667,1.427572,False,False,False,False,False,0.489918,0.606921,0.327454
ps_conc,641,2024,0.583333,0.831197,False,False,False,False,False,0.508601,0.606921,0.327454
ps_conc,642,2024,0.483333,0.115548,False,False,False,False,False,0.503547,0.606921,0.327454
ps_conc,643,2024,0.333333,-0.957927,False,False,False,False,False,0.469505,0.606921,0.327454
ps_conc,644,2024,0.45,-0.123002,False,False,False,False,False,0.465604,0.606921,0.327454
ps_conc,645,2024,0.633333,1.189022,False,False,False,False,False,0.49915,0.606921,0.327454
ps_conc,646,2024,0.466667,-0.003727,False,False,False,False,False,0.492653,0.606921,0.327454
ps_conc,647,2024,0.45,-0.123002,False,False,False,False,False,0.484122,0.606921,0.327454
ps_conc,648,2024,0.616667,1.069747,False,False,False,False,False,0.510631,0.606921,0.327454
ps_conc,649,2024,0.483333,0.115548,False,False,False,False,False,0.505172,0.606921,0.327454
ps_conc,650,2024,0.483333,0.115548,False,False,False,False,False,0.500804,0.606921,0.327454
ps_conc,651,2024,0.483333,0.115548,False,False,False,False,False,0.49731,0.606921,0.327454
ps_conc,652,2024,0.566667,0.711922,False,False,False,False,False,0.511181,0.606921,0.327454
ps_conc,653,2024,0.566667,0.711922,False,False,False,False,False,0.522278,0.606921,0.327454
ps_conc,654,2024,0.266667,-1.435026,False,False,False,False,False,0.471156,0.606921,0.327454
ps_conc,655,2024,0.45,-0.123002,False,False,False,False,False,0.466925,0.606921,0.327454
ps_conc,656,2024,0.366667,-0.719377,False,False,False,False,False,0.446873,0.606921,0.327454
ps_conc,657,2024,0.333333,-0.957927,False,False,False,False,False,0.424165,0.606921,0.327454
ps_conc,658,2024,0.666667,1.427572,False,False,False,False,False,0.472665,0.606921,0.327454
ps_conc,659,2024,0.433333,-0.242277,False,False,False,False,False,0.464799,0.606921,0.327454
ps_conc,660,2024,0.383333,-0.600102,False,False,False,False,False,0.448506,0.606921,0.327454
ps_conc,661,2024,0.283333,-1.315752,False,False,False,False,False,0.415471,0.606921,0.327454
ps_conc,662,2024,0.666667,1.427572,False,False,False,False,False,0.46571,0.606921,0.327454
ps_conc,663,2024,0.466667,-0.003727,False,False,False,False,False,0.465902,0.606921,0.327454
ps_conc,664,2024,0.566667,0.711922,False,False,False,False,False,0.486055,0.606921,0.327454
ps_conc,665,2024,0.433333,-0.242277,False,False,False,False,False,0.47551,0.606921,0.327454
ps_conc,666,2024,0.3,-1.196477,False,False,False,False,False,0.440408,0.606921,0.327454
ps_conc,667,2024,0.5,0.234823,False,False,False,False,False,0.452327,0.606921,0.327454
ps_conc,668,2024,0.45,-0.123002,False,False,False,False,False,0.451861,0.606921,0.327454
ps_conc,669,2024,0.5,0.234823,False,False,False,False,False,0.461489,0.606921,0.327454
ps_conc,670,2024,0.583333,0.831197,False,False,False,False,False,0.485858,0.606921,0.327454
ps_conc,671,2024,0.516667,0.354097,False,False,False,False,False,0.49202,0.606921,0.327454
ps_conc,672,2024,0.5,0.234823,False,False,False,False,False,0.493616,0.606921,0.327454
ps_conc,673,2024,0.433333,-0.242277,False,False,False,False,False,0.481559,0.606921,0.327454
ps_conc,674,2024,0.683333,1.546847,False,False,False,False,False,0.521914,0.606921,0.327454
ps_conc,675,2024,0.333333,-0.957927,False,False,False,False,False,0.484198,0.606921,0.327454
ps_conc,676,2024,0.716667,1.785397,False,False,False,False,False,0.530692,0.606921,0.327454
ps_conc,677,2024,0.366667,-0.719377,False,False,False,False,False,0.497887,0.606921,0.327454
ps_conc,678,2024,0.45,-0.123002,False,False,False,False,False,0.488309,0.606921,0.327454
ps_conc,679,2024,0.35,-0.838652,False,False,False,False,False,0.460647,0.606921,0.327454
ps_conc,680,2024,0.3,-1.196477,False,False,False,False,False,0.428518,0.606921,0.327454
ps_conc,681,2024,0.666667,1.427572,False,False,False,False,False,0.476148,0.606921,0.327454
ps_conc,682,2024,0.533333,0.473372,False,False,False,False,False,0.487585,0.606921,0.327454
ps_conc,683,2024,0.483333,0.115548,False,False,False,False,False,0.486735,0.606921,0.327454
ps_conc,684,2024,0.466667,-0.003727,False,False,False,False,False,0.482721,0.606921,0.327454
ps_conc,685,2024,0.583333,0.831197,False,False,False,False,False,0.502843,0.606921,0.327454
ps_conc,686,2024,0.216667,-1.792851,False,False,False,False,False,0.445608,0.606921,0.327454
ps_conc,687,2024,0.366667,-0.719377,False,False,False,False,False,0.42982,0.606921,0.327454
ps_conc,688,2024,0.583333,0.831197,False,False,False,False,False,0.460523,0.606921,0.327454
ps_conc,689,2024,0.333333,-0.957927,False,False,False,False,False,0.435085,0.606921,0.327454
ps_conc,690,2025,0.466667,-0.003727,False,False,False,False,False,0.441401,0.606921,0.327454
ps_conc,691,2025,0.233333,-1.673576,False,False,False,False,False,0.399788,0.606921,0.327454
ps_conc,692,2025,0.466667,-0.003727,False,False,False,False,False,0.413163,0.606921,0.327454
ps_conc,693,2025,0.516667,0.354097,False,False,False,False,False,0.433864,0.606921,0.327454
ps_conc,694,2025,0.366667,-0.719377,False,False,False,False,False,0.420425,0.606921,0.327454
ps_conc,695,2025,0.533333,0.473372,False,False,False,False,False,0.443006,0.606921,0.327454
ps_conc,696,2025,0.433333,-0.242277,False,False,False,False,False,0.441072,0.606921,0.327454
ps_conc,697,2025,0.333333,-0.957927,False,False,False,False,False,0.419524,0.606921,0.327454
ps_conc,698,2025,0.533333,0.473372,False,False,False,False,False,0.442286,0.606921,0.327454
ps_conc,699,2025,0.3,-1.196477,False,False,False,False,False,0.413829,0.606921,0.327454
ps_conc,700,2025,0.45,-0.123002,False,False,False,False,False,0.421063,0.606921,0.327454
ps_conc,701,2025,0.65,1.308297,False,False,False,False,False,0.46685,0.606921,0.327454
ps_conc,702,2025,0.383333,-0.600102,False,False,False,False,False,0.450147,0.606921,0.327454
ps_conc,703,2025,0.4,-0.480827,False,False,False,False,False,0.440118,0.606921,0.327454
ps_conc,704,2025,0.466667,-0.003727,False,False,False,False,False,0.445427,0.606921,0.327454
ps_conc,705,2025,0.35,-0.838652,False,False,False,False,False,0.426342,0.606921,0.327454
ps_conc,706,2025,0.516667,0.354097,False,False,False,False,False,0.444407,0.606921,0.327454
ps_conc,707,2025,0.533333,0.473372,False,False,False,False,False,0.462192,0.606921,0.327454
ps_conc,708,2025,0.683333,1.546847,False,False,False,False,False,0.50642,0.606921,0.327454
ps_conc,709,2025,0.233333,-1.673576,False,False,False,False,False,0.451803,0.606921,0.327454
ps_conc,710,2025,0.45,-0.123002,False,False,False,False,False,0.451442,0.606921,0.327454
ps_conc,711,2025,0.333333,-0.957927,False,False,False,False,False,0.427821,0.606921,0.327454
ps_conc,712,2025,0.416667,-0.361552,False,False,False,False,False,0.42559,0.606921,0.327454
ps_conc,713,2025,0.583333,0.831197,False,False,False,False,False,0.457139,0.606921,0.327454
ps_conc,714,2025,0.65,1.308297,False,False,False,False,False,0.495711,0.606921,0.327454
ps_conc,715,2025,0.316667,-1.077202,False,False,False,False,False,0.459902,0.606921,0.327454
ps_conc,716,2025,0.3,-1.196477,False,False,False,False,False,0.427922,0.606921,0.327454
ps_conc,717,2025,0.416667,-0.361552,False,False,False,False,False,0.425671,0.606921,0.327454
ps_conc,718,2025,0.433333,-0.242277,False,False,False,False,False,0.427203,0.606921,0.327454
ps_conc,719,2025,0.533333,0.473372,False,False,False,False,False,0.448429,0.606921,0.327454
ps_conc,720,2025,0.416667,-0.361552,False,False,False,False,False,0.442077,0.606921,0.327454
ps_conc,721,2025,0.583333,0.831197,False,False,False,False,False,0.470328,0.606921,0.327454
ps_conc,722,2025,0.566667,0.711922,False,False,False,False,False,0.489596,0.606921,0.327454
ps_conc,723,2025,0.466667,-0.003727,False,False,False,False,False,0.48501,0.606921,0.327454
ps_conc,724,2025,0.3,-1.196477,False,False,False,False,False,0.448008,0.606921,0.327454
ps_conc,725,2025,0.633333,1.189022,False,False,False,False,False,0.485073,0.606921,0.327454
ps_conc,726,2025,0.416667,-0.361552,False,False,False,False,False,0.471392,0.606921,0.327454
ps_conc,727,2025,0.5,0.234823,False,False,False,False,False,0.477113,0.606921,0.327454
ps_conc,728,2025,0.45,-0.123002,False,False,False,False,False,0.471691,0.606921,0.327454
ps_conc,729,2025,0.183333,-2.031401,False,False,False,False,False,0.414019,0.606921,0.327454
ps_conc,730,2025,0.533333,0.473372,False,False,False,False,False,0.437882,0.606921,0.327454
ps_conc,731,2025,0.483333,0.115548,False,False,False,False,False,0.446972,0.606921,0.327454
ps_conc,732,2025,0.483333,0.115548,False,False,False,False,False,0.454245,0.606921,0.327454
ps_conc,733,2025,0.35,-0.838652,False,False,False,False,False,0.433396,0.606921,0.327454
ps_conc,734,2025,0.383333,-0.600102,False,False,False,False,False,0.423383,0.606921,0.327454
ps_conc,735,2025,0.366667,-0.719377,False,False,False,False,False,0.41204,0.606921,0.327454
ps_conc,736,2025,0.4,-0.480827,False,False,False,False,False,0.409632,0.606921,0.327454
ps_adsorption,1,2011,0.7,0.89419,False,False,False,False,False,0.571957,0.647342,0.43255
ps_adsorption,2,2011,0.7,0.89419,False,False,False,False,False,0.597565,0.67748,0.402411
ps_adsorption,3,2011,0.5,-0.223168,False,False,False,False,False,0.578052,0.693699,0.386193
ps_adsorption,4,2011,0.6,0.335511,False,False,False,False,False,0.582442,0.703235,0.376656
ps_adsorption,5,2011,0.55,0.056172,False,False,False,False,False,0.575953,0.709057,0.370835
ps_adsorption,6,2011,0.4,-0.781847,False,False,False,False,False,0.540763,0.71268,0.367212
ps_adsorption,7,2011,0.55,0.056172,False,False,False,False,False,0.54261,0.714959,0.364932
ps_adsorption,8,2011,0.55,0.056172,False,False,False,False,False,0.544088,0.716402,0.363489
ps_adsorption,9,2011,0.35,-1.061187,False,False,False,False,False,0.505271,0.71732,0.362572
ps_adsorption,10,2011,0.5,-0.223168,False,False,False,False,False,0.504216,0.717904,0.361987
ps_adsorption,11,2011,0.25,-1.619866,False,False,False,False,False,0.453373,0.718278,0.361614
ps_adsorption,12,2011,0.55,0.056172,False,False,False,False,False,0.472699,0.718516,0.361375
ps_adsorption,13,2011,0.45,-0.502508,False,False,False,False,False,0.468159,0.718669,0.361223
ps_adsorption,14,2011,0.65,0.614851,False,False,False,False,False,0.504527,0.718766,0.361125
ps_adsorption,15,2011,0.6,0.335511,False,False,False,False,False,0.523622,0.718828,0.361063
ps_adsorption,16,2011,0.65,0.614851,False,False,False,False,False,0.548897,0.718868,0.361023
ps_adsorption,17,2011,0.65,0.614851,False,False,False,False,False,0.569118,0.718894,0.360997
ps_adsorption,18,2011,0.55,0.056172,False,False,False,False,False,0.565294,0.71891,0.360981
ps_adsorption,19,2011,1.0,2.570228,False,False,False,False,False,0.652235,0.718921,0.360971
ps_adsorption,20,2011,0.25,-1.619866,False,False,False,False,False,0.571788,0.718927,0.360964
ps_adsorption,21,2011,0.3,-1.340527,False,False,False,False,False,0.517431,0.718932,0.36096
ps_adsorption,22,2011,0.1,-2.457885,False,False,False,False,False,0.433945,0.718934,0.360957
ps_adsorption,23,2011,0.35,-1.061187,False,False,False,False,False,0.417156,0.718936,0.360955
ps_adsorption,24,2011,0.75,1.17353,False,False,False,False,False,0.483725,0.718937,0.360954
ps_adsorption,25,2011,0.55,0.056172,False,False,False,False,False,0.49698,0.718938,0.360953
ps_adsorption,26,2011,0.75,1.17353,False,False,False,False,False,0.547584,0.718938,0.360953
ps_adsorption,27,2011,0.35,-1.061187,False,False,False,False,False,0.508067,0.718939,0.360953
ps_adsorption,28,2011,0.45,-0.502508,False,False,False,False,False,0.496454,0.718939,0.360952
ps_adsorption,29,2011,0.6,0.335511,False,False,False,False,False,0.517163,0.718939,0.360952
ps_adsorption,30,2011,0.6,0.335511,False,False,False,False,False,0.53373,0.718939,0.360952
ps_adsorption,31,2011,0.35,-1.061187,False,False,False,False,False,0.496984,0.718939,0.360952
ps_adsorption,32,2011,0.55,0.056172,False,False,False,False,False,0.507587,0.718939,0.360952
ps_adsorption,33,2011,0.65,0.614851,False,False,False,False,False,0.53607,0.718939,0.360952
ps_adsorption,34,2011,0.6,0.335511,False,False,False,False,False,0.548856,0.718939,0.360952
ps_adsorption,35,2011,0.55,0.056172,False,False,False,False,False,0.549085,0.718939,0.360952
ps_adsorption,36,2011,0.35,-1.061187,False,False,False,False,False,0.509268,0.718939,0.360952
ps_adsorption,37,2011,0.85,1.732209,False,False,False,False,False,0.577414,0.718939,0.360952
ps_adsorption,38,2011,0.15,-2.178545,False,False,False,False,False,0.491931,0.718939,0.360952
ps_adsorption,39,2012,0.45,-0.502508,False,False,False,False,False,0.483545,0.718939,0.360952
ps_adsorption,40,2012,0.35,-1.061187,False,False,False,False,False,0.456836,0.718939,0.360952
ps_adsorption,41,2012,0.6,0.335511,False,False,False,False,False,0.485469,0.718939,0.360952
ps_adsorption,42,2012,0.75,1.17353,False,False,False,False,False,0.538375,0.718939,0.360952
ps_adsorption,43,2012,0.6,0.335511,False,False,False,False,False,0.5507,0.718939,0.360952
ps_adsorption,44,2012,0.65,0.614851,False,False,False,False,False,0.57056,0.718939,0.360952
ps_adsorption,45,2012,0.65,0.614851,False,False,False,False,False,0.586448,0.718939,0.360952
ps_adsorption,46,2012,0.6,0.335511,False,False,False,False,False,0.589158,0.718939,0.360952
ps_adsorption,47,2012,0.65,0.614851,False,False,False,False,False,0.601327,0.718939,0.360952
ps_adsorption,48,2012,0.25,-1.619866,False,False,False,False,False,0.531061,0.718939,0.360952
ps_adsorption,49,2012,0.4,-0.781847,False,False,False,False,False,0.504849,0.718939,0.360952
ps_adsorption,50,2012,0.35,-1.061187,False,False,False,False,False,0.473879,0.718939,0.360952
ps_adsorption,51,2012,0.45,-0.502508,False,False,False,False,False,0.469103,0.718939,0.360952
ps_adsorption,52,2012,0.3,-1.340527,False,False,False,False,False,0.435283,0.718939,0.360952
ps_adsorption,53,2012,0.5,-0.223168,False,False,False,False,False,0.448226,0.718939,0.360952
ps_adsorption,54,2012,0.7,0.89419,False,False,False,False,False,0.498581,0.718939,0.360952
ps_adsorption,55,2012,0.55,0.056172,False,False,False,False,False,0.508865,0.718939,0.360952
ps_adsorption,56,2012,0.4,-0.781847,False,False,False,False,False,0.487092,0.718939,0.360952
ps_adsorption,57,2012,0.6,0.335511,False,False,False,False,False,0.509673,0.718939,0.360952
ps_adsorption,58,2012,0.45,-0.502508,False,False,False,False,False,0.497739,0.718939,0.360952
ps_adsorption,59,2012,0.3,-1.340527,False,False,False,False,False,0.458191,0.718939,0.360952
ps_adsorption,60,2012,0.6,0.335511,False,False,False,False,False,0.486553,0.718939,0.360952
ps_adsorption,61,2012,0.15,-2.178545,False,False,False,False,False,0.419242,0.718939,0.360952
ps_adsorption,62,2012,0.75,1.17353,False,False,False,False,False,0.485394,0.718939,0.360952
ps_adsorption,63,2012,0.1,-2.457885,False,False,False,True,False,0.408315,0.718939,0.360952
ps_adsorption,64,2012,0.7,0.89419,False,False,False,False,False,0.466652,0.718939,0.360952
ps_adsorption,65,2012,0.7,0.89419,False,False,False,False,False,0.513322,0.718939,0.360952
ps_adsorption,66,2012,0.75,1.17353,False,False,False,False,False,0.560657,0.718939,0.360952
ps_adsorption,67,2012,0.4,-0.781847,False,False,False,False,False,0.528526,0.718939,0.360952
ps_adsorption,68,2012,0.2,-1.899206,False,False,False,False,False,0.462821,0.718939,0.360952
ps_adsorption,69,2012,0.75,1.17353,False,False,False,False,False,0.520257,0.718939,0.360952
ps_adsorption,70,2012,0.35,-1.061187,False,False,False,False,False,0.486205,0.718939,0.360952
ps_adsorption,71,2012,0.6,0.335511,False,False,False,False,False,0.508964,0.718939,0.360952
ps_adsorption,72,2012,0.45,-0.502508,False,False,False,False,False,0.497171,0.718939,0.360952
ps_adsorption,73,2012,0.55,0.056172,False,False,False,False,False,0.507737,0.718939,0.360952
ps_adsorption,74,2012,0.35,-1.061187,False,False,False,False,False,0.47619,0.718939,0.360952
ps_adsorption,75,2012,0.3,-1.340527,False,False,False,False,False,0.440952,0.718939,0.360952
ps_adsorption,76,2012,0.5,-0.223168,False,False,False,False,False,0.452761,0.718939,0.360952
ps_adsorption,77,2012,0.65,0.614851,False,False,False,False,False,0.492209,0.718939,0.360952
ps_adsorption,78,2012,0.5,-0.223168,False,False,False,False,False,0.493767,0.718939,0.360952
ps_adsorption,79,2012,0.45,-0.502508,False,False,False,False,False,0.485014,0.718939,0.360952
ps_adsorption,80,2012,0.6,0.335511,False,False,False,False,False,0.508011,0.718939,0.360952
ps_adsorption,81,2012,0.4,-0.781847,False,False,False,False,False,0.486409,0.718939,0.360952
ps_adsorption,82,2012,0.65,0.614851,False,False,False,False,False,0.519127,0.718939,0.360952
ps_adsorption,83,2013,0.55,0.056172,False,False,False,False,False,0.525302,0.718939,0.360952
ps_adsorption,84,2013,0.65,0.614851,False,False,False,False,False,0.550241,0.718939,0.360952
ps_adsorption,85,2013,0.45,-0.502508,False,False,False,False,False,0.530193,0.718939,0.360952
ps_adsorption,86,2013,0.55,0.056172,False,False,False,False,False,0.534154,0.718939,0.360952
ps_adsorption,87,2013,0.5,-0.223168,False,False,False,False,False,0.527324,0.718939,0.360952
ps_adsorption,88,2013,0.65,0.614851,False,False,False,False,False,0.551859,0.718939,0.360952
ps_adsorption,89,2013,0.5,-0.223168,False,False,False,False,False,0.541487,0.718939,0.360952
ps_adsorption,90,2013,0.55,0.056172,False,False,False,False,False,0.54319,0.718939,0.360952
ps_adsorption,91,2013,0.5,-0.223168,False,False,False,False,False,0.534552,0.718939,0.360952
ps_adsorption,92,2013,0.4,-0.781847,False,False,False,False,False,0.507641,0.718939,0.360952
ps_adsorption,93,2013,0.45,-0.502508,False,False,False,False,False,0.496113,0.718939,0.360952
ps_adsorption,94,2013,0.4,-0.781847,False,False,False,False,False,0.47689,0.718939,0.360952
ps_adsorption,95,2013,0.75,1.17353,False,False,False,False,False,0.531512,0.718939,0.360952
ps_adsorption,96,2013,0.3,-1.340527,False,False,False,False,False,0.48521,0.718939,0.360952
ps_adsorption,97,2013,0.75,1.17353,False,False,False,False,False,0.538168,0.718939,0.360952
ps_adsorption,98,2013,0.6,0.335511,False,False,False,False,False,0.550534,0.718939,0.360952
ps_adsorption,99,2013,0.6,0.335511,False,False,False,False,False,0.560427,0.718939,0.360952
ps_adsorption,100,2013,0.4,-0.781847,False,False,False,False,False,0.528342,0.718939,0.360952
ps_adsorption,101,2013,0.75,1.17353,False,False,False,False,False,0.572674,0.718939,0.360952
ps_adsorption,102,2013,0.45,-0.502508,False,False,False,False,False,0.548139,0.718939,0.360952
ps_adsorption,103,2013,0.6,0.335511,False,False,False,False,False,0.558511,0.718939,0.360952
ps_adsorption,104,2013,0.8,1.45287,False,False,False,False,False,0.606809,0.718939,0.360952
ps_adsorption,105,2013,0.45,-0.502508,False,False,False,False,False,0.575447,0.718939,0.360952
ps_adsorption,106,2013,0.2,-1.899206,False,False,False,False,False,0.500358,0.718939,0.360952
ps_adsorption,107,2013,0.8,1.45287,False,False,False,False,False,0.560286,0.718939,0.360952
ps_adsorption,108,2013,0.45,-0.502508,False,False,False,False,False,0.538229,0.718939,0.360952
ps_adsorption,109,2013,0.45,-0.502508,False,False,False,False,False,0.520583,0.718939,0.360952
ps_adsorption,110,2013,0.65,0.614851,False,False,False,False,False,0.546467,0.718939,0.360952
ps_adsorption,111,2013,0.35,-1.061187,False,False,False,False,False,0.507173,0.718939,0.360952
ps_adsorption,112,2013,0.55,0.056172,False,False,False,False,False,0.515739,0.718939,0.360952
ps_adsorption,113,2013,0.4,-0.781847,False,False,False,False,False,0.492591,0.718939,0.360952
ps_adsorption,114,2013,0.75,1.17353,False,False,False,False,False,0.544073,0.718939,0.360952
ps_adsorption,115,2013,0.7,0.89419,False,False,False,False,False,0.575258,0.718939,0.360952
ps_adsorption,116,2013,0.55,0.056172,False,False,False,False,False,0.570207,0.718939,0.360952
ps_adsorption,117,2013,0.6,0.335511,False,False,False,False,False,0.576165,0.718939,0.360952
ps_adsorption,118,2013,0.65,0.614851,False,False,False,False,False,0.590932,0.718939,0.360952
ps_adsorption,119,2013,0.25,-1.619866,False,False,False,False,False,0.522746,0.718939,0.360952
ps_adsorption,120,2013,0.6,0.335511,False,False,False,False,False,0.538197,0.718939,0.360952
ps_adsorption,121,2013,0.8,1.45287,False,False,False,False,False,0.590557,0.718939,0.360952
ps_adsorption,122,2013,0.4,-0.781847,False,False,False,False,False,0.552446,0.718939,0.360952
ps_adsorption,123,2013,0.75,1.17353,False,False,False,False,False,0.591957,0.718939,0.360952
ps_adsorption,124,2013,0.55,0.056172,False,False,False,False,False,0.583565,0.718939,0.360952
ps_adsorption,125,2013,0.6,0.335511,False,False,False,False,False,0.586852,0.718939,0.360952
ps_adsorption,126,2013,0.85,1.732209,False,False,False,False,False,0.639482,0.718939,0.360952
ps_adsorption,127,2013,0.6,0.335511,False,False,False,False,False,0.631585,0.718939,0.360952
ps_adsorption,128,2013,0.5,-0.223168,False,False,False,False,False,0.605268,0.718939,0.360952
ps_adsorption,129,2013,0.7,0.89419,False,False,False,False,False,0.624215,0.718939,0.360952
ps_adsorption,130,2013,0.45,-0.502508,False,False,False,False,False,0.589372,0.718939,0.360952
ps_adsorption,131,2013,0.45,-0.502508,False,False,False,False,False,0.561497,0.718939,0.360952
ps_adsorption,132,2013,0.4,-0.781847,False,False,False,False,False,0.529198,0.718939,0.360952
ps_adsorption,133,2013,0.2,-1.899206,False,False,False,False,False,0.463358,0.718939,0.360952
ps_adsorption,134,2013,0.65,0.614851,False,False,False,False,False,0.500687,0.718939,0.360952
ps_adsorption,135,2014,0.5,-0.223168,False,False,False,False,False,0.500549,0.718939,0.360952
ps_adsorption,136,2014,0.6,0.335511,False,False,False,False,False,0.520439,0.718939,0.360952
ps_adsorption,137,2014,0.75,1.17353,False,False,False,False,False,0.566352,0.718939,0.360952
ps_adsorption,138,2014,0.4,-0.781847,False,False,False,False,False,0.533081,0.718939,0.360952
ps_adsorption,139,2014,0.65,0.614851,False,False,False,False,False,0.556465,0.718939,0.360952
ps_adsorption,140,2014,0.75,1.17353,False,False,False,False,False,0.595172,0.718939,0.360952
ps_adsorption,141,2014,0.45,-0.502508,False,False,False,False,False,0.566138,0.718939,0.360952
ps_adsorption,142,2014,0.6,0.335511,False,False,False,False,False,0.57291,0.718939,0.360952
ps_adsorption,143,2014,0.35,-1.061187,False,False,False,False,False,0.528328,0.718939,0.360952
ps_adsorption,144,2014,0.85,1.732209,False,False,False,False,False,0.592662,0.718939,0.360952
ps_adsorption,145,2014,0.55,0.056172,False,False,False,False,False,0.58413,0.718939,0.360952
ps_adsorption,146,2014,0.8,1.45287,False,False,False,False,False,0.627304,0.718939,0.360952
ps_adsorption,147,2014,0.45,-0.502508,False,False,False,False,False,0.591843,0.718939,0.360952
ps_adsorption,148,2014,1.0,2.570228,False,False,False,False,False,0.673475,0.718939,0.360952
ps_adsorption,149,2014,0.4,-0.781847,False,False,False,False,False,0.61878,0.718939,0.360952
ps_adsorption,150,2014,0.4,-0.781847,False,False,False,False,False,0.575024,0.718939,0.360952
ps_adsorption,151,2014,0.75,1.17353,False,False,False,False,False,0.610019,0.718939,0.360952
ps_adsorption,152,2014,0.25,-1.619866,False,False,False,False,False,0.538015,0.718939,0.360952
ps_adsorption,153,2014,0.85,1.732209,False,False,False,False,False,0.600412,0.718939,0.360952
ps_adsorption,154,2014,0.2,-1.899206,False,False,False,False,False,0.52033,0.718939,0.360952
ps_adsorption,155,2014,0.4,-0.781847,False,False,False,False,False,0.496264,0.718939,0.360952
ps_adsorption,156,2014,0.7,0.89419,False,False,False,False,False,0.537011,0.718939,0.360952
ps_adsorption,157,2014,0.5,-0.223168,False,False,False,False,False,0.529609,0.718939,0.360952
ps_adsorption,158,2014,0.55,0.056172,False,False,False,False,False,0.533687,0.718939,0.360952
ps_adsorption,159,2014,0.3,-1.340527,False,False,False,False,False,0.48695,0.718939,0.360952
ps_adsorption,160,2014,0.4,-0.781847,False,False,False,False,False,0.46956,0.718939,0.360952
ps_adsorption,161,2014,0.4,-0.781847,False,False,False,False,False,0.455648,0.718939,0.360952
ps_adsorption,162,2014,0.35,-1.061187,False,False,False,False,False,0.434518,0.718939,0.360952
ps_adsorption,163,2014,0.75,1.17353,False,False,False,False,False,0.497615,0.718939,0.360952
ps_adsorption,164,2014,0.25,-1.619866,False,False,False,False,False,0.448092,0.718939,0.360952
ps_adsorption,165,2014,0.65,0.614851,False,False,False,False,False,0.488473,0.718939,0.360952
ps_adsorption,166,2014,0.4,-0.781847,False,False,False,False,False,0.470779,0.718939,0.360952
ps_adsorption,167,2014,0.65,0.614851,False,False,False,False,False,0.506623,0.718939,0.360952
ps_adsorption,168,2014,0.65,0.614851,False,False,False,False,False,0.535298,0.718939,0.360952
ps_adsorption,169,2014,0.55,0.056172,False,False,False,False,False,0.538239,0.718939,0.360952
ps_adsorption,170,2014,0.55,0.056172,False,False,False,False,False,0.540591,0.718939,0.360952
ps_adsorption,171,2014,0.65,0.614851,False,False,False,False,False,0.562473,0.718939,0.360952
ps_adsorption,172,2014,0.5,-0.223168,False,False,False,False,False,0.549978,0.718939,0.360952
ps_adsorption,173,2014,0.6,0.335511,False,False,False,False,False,0.559983,0.718939,0.360952
ps_adsorption,174,2014,0.75,1.17353,False,False,False,False,False,0.597986,0.718939,0.360952
ps_adsorption,175,2014,0.65,0.614851,False,False,False,False,False,0.608389,0.718939,0.360952
ps_adsorption,176,2014,0.65,0.614851,False,False,False,False,False,0.616711,0.718939,0.360952
ps_adsorption,177,2014,0.65,0.614851,False,False,False,False,False,0.623369,0.718939,0.360952
ps_adsorption,178,2014,0.7,0.89419,False,False,False,False,False,0.638695,0.718939,0.360952
ps_adsorption,179,2014,0.55,0.056172,False,False,False,False,False,0.620956,0.718939,0.360952
ps_adsorption,180,2014,0.4,-0.781847,False,False,False,False,False,0.576765,0.718939,0.360952
ps_adsorption,181,2014,0.75,1.17353,False,False,False,False,False,0.611412,0.718939,0.360952
ps_adsorption,182,2014,0.65,0.614851,False,False,False,False,False,0.61913,0.718939,0.360952
ps_adsorption,183,2014,0.5,-0.223168,False,False,False,False,False,0.595304,0.718939,0.360952
ps_adsorption,184,2015,0.85,1.732209,False,False,False,False,False,0.646243,0.718939,0.360952
ps_adsorption,185,2015,0.6,0.335511,False,False,False,False,False,0.636994,0.718939,0.360952
ps_adsorption,186,2015,0.4,-0.781847,False,False,False,False,False,0.589595,0.718939,0.360952
ps_adsorption,187,2015,0.85,1.732209,False,False,False,False,False,0.641676,0.718939,0.360952
ps_adsorption,188,2015,0.9,2.011549,False,False,False,False,False,0.693341,0.718939,0.360952
ps_adsorption,189,2015,0.35,-1.061187,False,False,False,False,False,0.624673,0.718939,0.360952
ps_adsorption,190,2015,0.55,0.056172,False,False,False,False,False,0.609738,0.718939,0.360952
ps_adsorption,191,2015,0.55,0.056172,False,False,False,False,False,0.597791,0.718939,0.360952
ps_adsorption,192,2015,0.8,1.45287,False,False,False,False,False,0.638233,0.718939,0.360952
ps_adsorption,193,2015,0.65,0.614851,False,False,False,False,False,0.640586,0.718939,0.360952
ps_adsorption,194,2015,0.65,0.614851,False,False,False,False,False,0.642469,0.718939,0.360952
ps_adsorption,195,2015,0.5,-0.223168,False,False,False,False,False,0.613975,0.718939,0.360952
ps_adsorption,196,2015,0.65,0.614851,False,False,False,False,False,0.62118,0.718939,0.360952
ps_adsorption,197,2015,0.25,-1.619866,False,False,False,False,False,0.546944,0.718939,0.360952
ps_adsorption,198,2015,0.45,-0.502508,False,False,False,False,False,0.527555,0.718939,0.360952
ps_adsorption,199,2015,0.45,-0.502508,False,False,False,False,False,0.512044,0.718939,0.360952
ps_adsorption,200,2015,0.6,0.335511,False,False,False,False,False,0.529635,0.718939,0.360952
ps_adsorption,201,2015,0.35,-1.061187,False,False,False,False,False,0.493708,0.718939,0.360952
ps_adsorption,202,2015,0.7,0.89419,False,False,False,False,False,0.534967,0.718939,0.360952
ps_adsorption,203,2015,0.55,0.056172,False,False,False,False,False,0.537973,0.718939,0.360952
ps_adsorption,204,2015,0.7,0.89419,False,False,False,False,False,0.570379,0.718939,0.360952
ps_adsorption,205,2015,0.9,2.011549,False,False,False,False,False,0.636303,0.718939,0.360952
ps_adsorption,206,2015,0.75,1.17353,False,False,False,False,False,0.659042,0.718939,0.360952
ps_adsorption,207,2015,0.45,-0.502508,False,False,False,False,False,0.617234,0.718939,0.360952
ps_adsorption,208,2015,0.45,-0.502508,False,False,False,False,False,0.583787,0.718939,0.360952
ps_adsorption,209,2015,0.6,0.335511,False,False,False,False,False,0.58703,0.718939,0.360952
ps_adsorption,210,2015,0.4,-0.781847,False,False,False,False,False,0.549624,0.718939,0.360952
ps_adsorption,211,2015,0.65,0.614851,False,False,False,False,False,0.569699,0.718939,0.360952
ps_adsorption,212,2015,0.85,1.732209,False,False,False,False,False,0.625759,0.718939,0.360952
ps_adsorption,213,2015,0.4,-0.781847,False,False,False,False,False,0.580607,0.718939,0.360952
ps_adsorption,214,2015,0.55,0.056172,False,False,False,False,False,0.574486,0.718939,0.360952
ps_adsorption,215,2015,0.6,0.335511,False,False,False,False,False,0.579589,0.718939,0.360952
ps_adsorption,216,2015,0.65,0.614851,False,False,False,False,False,0.593671,0.718939,0.360952
ps_adsorption,217,2015,0.55,0.056172,False,False,False,False,False,0.584937,0.718939,0.360952
ps_adsorption,218,2015,0.75,1.17353,False,False,False,False,False,0.617949,0.718939,0.360952
ps_adsorption,219,2015,0.55,0.056172,False,False,False,False,False,0.60436,0.718939,0.360952
ps_adsorption,220,2015,0.5,-0.223168,False,False,False,False,False,0.583488,0.718939,0.360952
ps_adsorption,221,2015,0.55,0.056172,False,False,False,False,False,0.57679,0.718939,0.360952
ps_adsorption,222,2015,0.4,-0.781847,False,False,False,False,False,0.541432,0.718939,0.360952
ps_adsorption,223,2015,0.9,2.011549,False,False,False,False,False,0.613146,0.718939,0.360952
ps_adsorption,224,2015,0.65,0.614851,False,False,False,False,False,0.620517,0.718939,0.360952
ps_adsorption,225,2015,0.55,0.056172,False,False,False,False,False,0.606413,0.718939,0.360952
ps_adsorption,226,2015,0.5,-0.223168,False,False,False,False,False,0.585131,0.718939,0.360952
ps_adsorption,227,2015,0.55,0.056172,False,False,False,False,False,0.578104,0.718939,0.360952
ps_adsorption,228,2015,0.4,-0.781847,False,False,False,False,False,0.542484,0.718939,0.360952
ps_adsorption,229,2015,0.65,0.614851,False,False,False,False,False,0.563987,0.718939,0.360952
ps_adsorption,230,2015,0.4,-0.781847,False,False,False,False,False,0.531189,0.718939,0.360952
ps_adsorption,231,2015,0.25,-1.619866,False,False,False,False,False,0.474952,0.718939,0.360952
ps_adsorption,232,2015,0.25,-1.619866,False,False,False,False,False,0.429961,0.718939,0.360952
ps_adsorption,233,2015,0.4,-0.781847,False,False,False,False,False,0.423969,0.718939,0.360952
ps_adsorption,234,2015,0.45,-0.502508,False,False,False,False,False,0.429175,0.718939,0.360952
ps_adsorption,235,2015,0.5,-0.223168,False,False,False,False,False,0.44334,0.718939,0.360952
ps_adsorption,236,2015,0.65,0.614851,False,False,False,False,False,0.484672,0.718939,0.360952
ps_adsorption,237,2015,0.6,0.335511,False,False,False,False,False,0.507738,0.718939,0.360952
ps_adsorption,238,2015,0.25,-1.619866,False,False,False,False,False,0.45619,0.718939,0.360952
ps_adsorption,239,2015,0.95,2.290889,False,False,False,False,False,0.554952,0.718939,0.360952
ps_adsorption,240,2015,0.8,1.45287,False,False,False,False,False,0.603962,0.718939,0.360952
ps_adsorption,241,2016,0.4,-0.781847,False,False,False,False,False,0.563169,0.718939,0.360952
ps_adsorption,242,2016,0.55,0.056172,False,False,False,False,False,0.560535,0.718939,0.360952
ps_adsorption,243,2016,0.35,-1.061187,False,False,False,False,False,0.518428,0.718939,0.360952
ps_adsorption,244,2016,0.35,-1.061187,False,False,False,False,False,0.484743,0.718939,0.360952
ps_adsorption,245,2016,0.55,0.056172,False,False,False,False,False,0.497794,0.718939,0.360952
ps_adsorption,246,2016,0.45,-0.502508,False,False,False,False,False,0.488235,0.718939,0.360952
ps_adsorption,247,2016,0.5,-0.223168,False,False,False,False,False,0.490588,0.718939,0.360952
ps_adsorption,248,2016,0.55,0.056172,False,False,False,False,False,0.502471,0.718939,0.360952
ps_adsorption,249,2016,0.5,-0.223168,False,False,False,False,False,0.501976,0.718939,0.360952
ps_adsorption,250,2016,0.25,-1.619866,False,False,False,False,False,0.451581,0.718939,0.360952
ps_adsorption,251,2016,0.3,-1.340527,False,False,False,False,False,0.421265,0.718939,0.360952
ps_adsorption,252,2016,0.65,0.614851,False,False,False,False,False,0.467012,0.718939,0.360952
ps_adsorption,253,2016,0.5,-0.223168,False,False,False,False,False,0.47361,0.718939,0.360952
ps_adsorption,254,2016,0.4,-0.781847,False,False,False,False,False,0.458888,0.718939,0.360952
ps_adsorption,255,2016,0.8,1.45287,False,False,False,False,False,0.52711,0.718939,0.360952
ps_adsorption,256,2016,0.25,-1.619866,False,False,False,False,False,0.471688,0.718939,0.360952
ps_adsorption,257,2016,0.4,-0.781847,False,False,False,False,False,0.45735,0.718939,0.360952
ps_adsorption,258,2016,0.4,-0.781847,False,False,False,False,False,0.44588,0.718939,0.360952
ps_adsorption,259,2016,0.7,0.89419,False,False,False,False,False,0.496704,0.718939,0.360952
ps_adsorption,260,2016,0.55,0.056172,False,False,False,False,False,0.507363,0.718939,0.360952
ps_adsorption,261,2016,0.35,-1.061187,False,False,False,False,False,0.475891,0.718939,0.360952
ps_adsorption,262,2016,0.6,0.335511,False,False,False,False,False,0.500713,0.718939,0.360952
ps_adsorption,263,2016,0.5,-0.223168,False,False,False,False,False,0.50057,0.718939,0.360952
ps_adsorption,264,2016,0.5,-0.223168,False,False,False,False,False,0.500456,0.718939,0.360952
ps_adsorption,265,2016,0.55,0.056172,False,False,False,False,False,0.510365,0.718939,0.360952
ps_adsorption,266,2016,0.45,-0.502508,False,False,False,False,False,0.498292,0.718939,0.360952
ps_adsorption,267,2016,0.65,0.614851,False,False,False,False,False,0.528634,0.718939,0.360952
ps_adsorption,268,2016,0.3,-1.340527,False,False,False,False,False,0.482907,0.718939,0.360952
ps_adsorption,269,2016,0.35,-1.061187,False,False,False,False,False,0.456325,0.718939,0.360952
ps_adsorption,270,2016,0.9,2.011549,False,False,False,False,False,0.54506,0.718939,0.360952
ps_adsorption,271,2016,0.55,0.056172,False,False,False,False,False,0.546048,0.718939,0.360952
ps_adsorption,272,2016,0.45,-0.502508,False,False,False,False,False,0.526839,0.718939,0.360952
ps_adsorption,273,2016,0.45,-0.502508,False,False,False,False,False,0.511471,0.718939,0.360952
ps_adsorption,274,2016,0.6,0.335511,False,False,False,False,False,0.529177,0.718939,0.360952
ps_adsorption,275,2016,0.9,2.011549,False,False,False,False,False,0.603341,0.718939,0.360952
ps_adsorption,276,2016,0.3,-1.340527,False,False,False,False,False,0.542673,0.718939,0.360952
ps_adsorption,277,2016,0.65,0.614851,False,False,False,False,False,0.564138,0.718939,0.360952
ps_adsorption,278,2016,0.6,0.335511,False,False,False,False,False,0.571311,0.718939,0.360952
ps_adsorption,279,2016,0.35,-1.061187,False,False,False,False,False,0.527049,0.718939,0.360952
ps_adsorption,280,2016,0.45,-0.502508,False,False,False,False,False,0.511639,0.718939,0.360952
ps_adsorption,281,2016,0.5,-0.223168,False,False,False,False,False,0.509311,0.718939,0.360952
ps_adsorption,282,2016,0.4,-0.781847,False,False,False,False,False,0.487449,0.718939,0.360952
ps_adsorption,283,2016,0.8,1.45287,False,False,False,False,False,0.549959,0.718939,0.360952
ps_adsorption,284,2016,0.65,0.614851,False,False,False,False,False,0.569967,0.718939,0.360952
ps_adsorption,285,2016,0.5,-0.223168,False,False,False,False,False,0.555974,0.718939,0.360952
ps_adsorption,286,2016,0.85,1.732209,False,False,False,False,False,0.614779,0.718939,0.360952
ps_adsorption,287,2016,0.6,0.335511,False,False,False,False,False,0.611823,0.718939,0.360952
ps_adsorption,288,2016,0.5,-0.223168,False,False,False,False,False,0.589459,0.718939,0.360952
ps_adsorption,289,2016,0.5,-0.223168,False,False,False,False,False,0.571567,0.718939,0.360952
ps_adsorption,290,2016,0.6,0.335511,False,False,False,False,False,0.577254,0.718939,0.360952
ps_adsorption,291,2016,0.8,1.45287,False,False,False,False,False,0.621803,0.718939,0.360952
ps_adsorption,292,2016,0.55,0.056172,False,False,False,False,False,0.607442,0.718939,0.360952
ps_adsorption,293,2016,0.85,1.732209,False,False,False,False,False,0.655954,0.718939,0.360952
ps_adsorption,294,2016,0.45,-0.502508,False,False,False,False,False,0.614763,0.718939,0.360952
ps_adsorption,295,2016,0.55,0.056172,False,False,False,False,False,0.60181,0.718939,0.360952
ps_adsorption,296,2016,0.75,1.17353,False,False,False,False,False,0.631448,0.718939,0.360952
ps_adsorption,297,2016,0.65,0.614851,False,False,False,False,False,0.635159,0.718939,0.360952
ps_adsorption,298,2016,0.15,-2.178545,False,False,False,False,False,0.538127,0.718939,0.360952
ps_adsorption,299,2016,0.45,-0.502508,False,False,False,False,False,0.520502,0.718939,0.360952
ps_adsorption,300,2016,0.3,-1.340527,False,False,False,False,False,0.476401,0.718939,0.360952
ps_adsorption,301,2016,0.4,-0.781847,False,False,False,False,False,0.461121,0.718939,0.360952
ps_adsorption,302,2017,0.45,-0.502508,False,False,False,False,False,0.458897,0.718939,0.360952
ps_adsorption,303,2017,0.65,0.614851,False,False,False,False,False,0.497117,0.718939,0.360952
ps_adsorption,304,2017,0.4,-0.781847,False,False,False,False,False,0.477694,0.718939,0.360952
ps_adsorption,305,2017,0.3,-1.340527,False,False,False,False,False,0.442155,0.718939,0.360952
ps_adsorption,306,2017,0.35,-1.061187,False,False,False,False,False,0.423724,0.718939,0.360952
ps_adsorption,307,2017,0.9,2.011549,False,False,False,False,False,0.518979,0.718939,0.360952
ps_adsorption,308,2017,0.9,2.011549,False,False,False,True,False,0.595183,0.718939,0.360952
ps_adsorption,309,2017,0.2,-1.899206,False,False,False,True,False,0.516147,0.718939,0.360952
ps_adsorption,310,2017,0.65,0.614851,False,False,False,False,False,0.542917,0.718939,0.360952
ps_adsorption,311,2017,0.2,-1.899206,False,False,False,False,False,0.474334,0.718939,0.360952
ps_adsorption,312,2017,0.0,-3.016564,True,False,False,False,False,0.379467,0.718939,0.360952
ps_adsorption,313,2017,0.55,0.056172,False,False,False,False,False,0.413574,0.718939,0.360952
ps_adsorption,314,2017,0.45,-0.502508,False,False,False,False,False,0.420859,0.718939,0.360952
ps_adsorption,315,2017,0.6,0.335511,False,False,False,False,False,0.456687,0.718939,0.360952
ps_adsorption,316,2017,0.55,0.056172,False,False,False,False,False,0.47535,0.718939,0.360952
ps_adsorption,317,2017,0.7,0.89419,False,False,False,False,False,0.52028,0.718939,0.360952
ps_adsorption,318,2017,0.5,-0.223168,False,False,False,False,False,0.516224,0.718939,0.360952
ps_adsorption,319,2017,0.6,0.335511,False,False,False,False,False,0.532979,0.718939,0.360952
ps_adsorption,320,2017,0.7,0.89419,False,False,False,False,False,0.566383,0.718939,0.360952
ps_adsorption,321,2017,0.8,1.45287,False,False,False,False,False,0.613107,0.718939,0.360952
ps_adsorption,322,2017,0.6,0.335511,False,False,False,False,False,0.610485,0.718939,0.360952
ps_adsorption,323,2017,0.6,0.335511,False,False,False,False,False,0.608388,0.718939,0.360952
ps_adsorption,324,2017,0.45,-0.502508,False,False,False,False,False,0.576711,0.718939,0.360952
ps_adsorption,325,2017,0.45,-0.502508,False,False,False,False,False,0.551368,0.718939,0.360952
ps_adsorption,326,2017,0.3,-1.340527,False,False,False,False,False,0.501095,0.718939,0.360952
ps_adsorption,327,2017,0.4,-0.781847,False,False,False,False,False,0.480876,0.718939,0.360952
ps_adsorption,328,2017,0.7,0.89419,False,False,False,False,False,0.524701,0.718939,0.360952
ps_adsorption,329,2017,0.2,-1.899206,False,False,False,False,False,0.459761,0.718939,0.360952
ps_adsorption,330,2017,0.7,0.89419,False,False,False,False,False,0.507808,0.718939,0.360952
ps_adsorption,331,2017,0.5,-0.223168,False,False,False,False,False,0.506247,0.718939,0.360952
ps_adsorption,332,2017,0.2,-1.899206,False,False,False,False,False,0.444997,0.718939,0.360952
ps_adsorption,333,2017,0.55,0.056172,False,False,False,False,False,0.465998,0.718939,0.360952
ps_adsorption,334,2017,0.55,0.056172,False,False,False,False,False,0.482798,0.718939,0.360952
ps_adsorption,335,2017,0.9,2.011549,False,False,False,False,False,0.566239,0.718939,0.360952
ps_adsorption,336,2017,0.7,0.89419,False,False,False,False,False,0.592991,0.718939,0.360952
ps_adsorption,337,2017,0.4,-0.781847,False,False,False,False,False,0.554393,0.718939,0.360952
ps_adsorption,338,2017,0.65,0.614851,False,False,False,False,False,0.573514,0.718939,0.360952
ps_adsorption,339,2017,0.9,2.011549,False,False,False,False,False,0.638811,0.718939,0.360952
ps_adsorption,340,2017,0.7,0.89419,False,False,False,False,False,0.651049,0.718939,0.360952
ps_adsorption,341,2017,0.85,1.732209,False,False,False,False,False,0.690839,0.718939,0.360952
ps_adsorption,342,2017,0.7,0.89419,False,False,False,False,False,0.692671,0.718939,0.360952
ps_adsorption,343,2017,0.65,0.614851,False,False,False,False,False,0.684137,0.718939,0.360952
ps_adsorption,344,2017,0.7,0.89419,False,False,False,False,False,0.68731,0.718939,0.360952
ps_adsorption,345,2017,0.6,0.335511,False,False,False,False,False,0.669848,0.718939,0.360952
ps_adsorption,346,2017,0.7,0.89419,False,True,False,False,False,0.675878,0.718939,0.360952
ps_adsorption,347,2017,0.6,0.335511,False,True,False,False,False,0.660703,0.718939,0.360952
ps_adsorption,348,2017,0.65,0.614851,False,True,False,False,False,0.658562,0.718939,0.360952
ps_adsorption,349,2017,0.6,0.335511,False,True,False,False,False,0.64685,0.718939,0.360952
ps_adsorption,350,2017,0.95,2.290889,False,True,False,False,False,0.70748,0.718939,0.360952
ps_adsorption,351,2017,0.55,0.056172,False,True,False,False,False,0.675984,0.718939,0.360952
ps_adsorption,352,2017,0.7,0.89419,False,True,False,False,False,0.680787,0.718939,0.360952
ps_adsorption,353,2017,0.0,-3.016564,True,False,False,False,False,0.54463,0.718939,0.360952
ps_adsorption,354,2017,0.7,0.89419,False,False,False,False,False,0.575704,0.718939,0.360952
ps_adsorption,355,2017,0.6,0.335511,False,False,False,False,False,0.580563,0.718939,0.360952
ps_adsorption,356,2017,0.65,0.614851,False,False,False,False,False,0.59445,0.718939,0.360952
ps_adsorption,357,2018,0.65,0.614851,False,False,False,False,False,0.60556,0.718939,0.360952
ps_adsorption,358,2018,0.65,0.614851,False,False,False,False,False,0.614448,0.718939,0.360952
ps_adsorption,359,2018,0.8,1.45287,False,False,False,False,False,0.651559,0.718939,0.360952
ps_adsorption,360,2018,0.4,-0.781847,False,False,False,False,False,0.601247,0.718939,0.360952
ps_adsorption,361,2018,0.5,-0.223168,False,False,False,False,False,0.580997,0.718939,0.360952
ps_adsorption,362,2018,0.35,-1.061187,False,False,False,False,False,0.534798,0.718939,0.360952
ps_adsorption,363,2018,1.0,2.570228,False,False,False,False,False,0.627838,0.718939,0.360952
ps_adsorption,364,2018,0.45,-0.502508,False,False,False,False,False,0.592271,0.718939,0.360952
ps_adsorption,365,2018,0.4,-0.781847,False,False,False,False,False,0.553817,0.718939,0.360952
ps_adsorption,366,2018,0.65,0.614851,False,False,False,False,False,0.573053,0.718939,0.360952
ps_adsorption,367,2018,0.55,0.056172,False,False,False,False,False,0.568443,0.718939,0.360952
ps_adsorption,368,2018,0.45,-0.502508,False,False,False,False,False,0.544754,0.718939,0.360952
ps_adsorption,369,2018,0.4,-0.781847,False,False,False,False,False,0.515803,0.718939,0.360952
ps_adsorption,370,2018,0.55,0.056172,False,False,False,False,False,0.522643,0.718939,0.360952
ps_adsorption,371,2018,0.65,0.614851,False,False,False,False,False,0.548114,0.718939,0.360952
ps_adsorption,372,2018,0.55,0.056172,False,False,False,False,False,0.548491,0.718939,0.360952
ps_adsorption,373,2018,0.45,-0.502508,False,False,False,False,False,0.528793,0.718939,0.360952
ps_adsorption,374,2018,0.5,-0.223168,False,False,False,False,False,0.523034,0.718939,0.360952
ps_adsorption,375,2018,0.4,-0.781847,False,False,False,False,False,0.498428,0.718939,0.360952
ps_adsorption,376,2018,0.35,-1.061187,False,False,False,False,False,0.468742,0.718939,0.360952
ps_adsorption,377,2018,0.5,-0.223168,False,False,False,False,False,0.474994,0.718939,0.360952
ps_adsorption,378,2018,0.6,0.335511,False,False,False,False,False,0.499995,0.718939,0.360952
ps_adsorption,379,2018,0.65,0.614851,False,False,False,False,False,0.529996,0.718939,0.360952
ps_adsorption,380,2018,0.2,-1.899206,False,False,False,False,False,0.463997,0.718939,0.360952
ps_adsorption,381,2018,0.7,0.89419,False,False,False,False,False,0.511197,0.718939,0.360952
ps_adsorption,382,2018,0.75,1.17353,False,False,False,False,False,0.558958,0.718939,0.360952
ps_adsorption,383,2018,0.3,-1.340527,False,False,False,False,False,0.507166,0.718939,0.360952
ps_adsorption,384,2018,0.4,-0.781847,False,False,False,False,False,0.485733,0.718939,0.360952
ps_adsorption,385,2018,0.55,0.056172,False,False,False,False,False,0.498586,0.718939,0.360952
ps_adsorption,386,2018,0.35,-1.061187,False,False,False,False,False,0.468869,0.718939,0.360952
ps_adsorption,387,2018,0.25,-1.619866,False,False,False,False,False,0.425095,0.718939,0.360952
ps_adsorption,388,2018,0.65,0.614851,False,False,False,False,False,0.470076,0.718939,0.360952
ps_adsorption,389,2018,0.6,0.335511,False,False,False,False,False,0.496061,0.718939,0.360952
ps_adsorption,390,2018,0.5,-0.223168,False,False,False,False,False,0.496849,0.718939,0.360952
ps_adsorption,391,2018,0.8,1.45287,False,False,False,False,False,0.557479,0.718939,0.360952
ps_adsorption,392,2018,0.55,0.056172,False,False,False,False,False,0.555983,0.718939,0.360952
ps_adsorption,393,2018,0.6,0.335511,False,False,False,False,False,0.564787,0.718939,0.360952
ps_adsorption,394,2018,0.4,-0.781847,False,False,False,False,False,0.531829,0.718939,0.360952
ps_adsorption,395,2018,0.45,-0.502508,False,False,False,False,False,0.515463,0.718939,0.360952
ps_adsorption,396,2018,0.65,0.614851,False,False,False,False,False,0.542371,0.718939,0.360952
ps_adsorption,397,2018,0.6,0.335511,False,False,False,False,False,0.553897,0.718939,0.360952
ps_adsorption,398,2018,0.45,-0.502508,False,False,False,False,False,0.533117,0.718939,0.360952
ps_adsorption,399,2018,0.3,-1.340527,False,False,False,False,False,0.486494,0.718939,0.360952
ps_adsorption,400,2018,0.6,0.335511,False,False,False,False,False,0.509195,0.718939,0.360952
ps_adsorption,401,2018,0.3,-1.340527,False,False,False,False,False,0.467356,0.718939,0.360952
ps_adsorption,402,2018,0.7,0.89419,False,False,False,False,False,0.513885,0.718939,0.360952
ps_adsorption,403,2018,0.55,0.056172,False,False,False,False,False,0.521108,0.718939,0.360952
ps_adsorption,404,2018,0.25,-1.619866,False,False,False,False,False,0.466886,0.718939,0.360952
ps_adsorption,405,2018,0.65,0.614851,False,False,False,False,False,0.503509,0.718939,0.360952
ps_adsorption,406,2018,0.65,0.614851,False,False,False,False,False,0.532807,0.718939,0.360952
ps_adsorption,407,2018,0.7,0.89419,False,False,False,False,False,0.566246,0.718939,0.360952
ps_adsorption,408,2018,0.5,-0.223168,False,False,False,False,False,0.552997,0.718939,0.360952
ps_adsorption,409,2018,0.45,-0.502508,False,False,False,False,False,0.532397,0.718939,0.360952
ps_adsorption,410,2018,0.5,-0.223168,False,False,False,False,False,0.525918,0.718939,0.360952
ps_adsorption,411,2018,0.3,-1.340527,False,False,False,False,False,0.480734,0.718939,0.360952
ps_adsorption,412,2018,0.45,-0.502508,False,False,False,False,False,0.474587,0.718939,0.360952
ps_adsorption,413,2018,0.65,0.614851,False,False,False,False,False,0.50967,0.718939,0.360952
ps_adsorption,414,2018,0.65,0.614851,False,False,False,False,False,0.537736,0.718939,0.360952
ps_adsorption,415,2019,0.75,1.17353,False,False,False,False,False,0.580189,0.718939,0.360952
ps_adsorption,416,2019,0.55,0.056172,False,False,False,False,False,0.574151,0.718939,0.360952
ps_adsorption,417,2019,0.4,-0.781847,False,False,False,False,False,0.539321,0.718939,0.360952
ps_adsorption,418,2019,0.7,0.89419,False,False,False,False,False,0.571457,0.718939,0.360952
ps_adsorption,419,2019,0.6,0.335511,False,False,False,False,False,0.577165,0.718939,0.360952
ps_adsorption,420,2019,0.5,-0.223168,False,False,False,False,False,0.561732,0.718939,0.360952
ps_adsorption,421,2019,0.5,-0.223168,False,False,False,False,False,0.549386,0.718939,0.360952
ps_adsorption,422,2019,0.35,-1.061187,False,False,False,False,False,0.509509,0.718939,0.360952
ps_adsorption,423,2019,0.5,-0.223168,False,False,False,False,False,0.507607,0.718939,0.360952
ps_adsorption,424,2019,0.4,-0.781847,False,False,False,False,False,0.486086,0.718939,0.360952
ps_adsorption,425,2019,0.75,1.17353,False,False,False,False,False,0.538868,0.718939,0.360952
ps_adsorption,426,2019,0.4,-0.781847,False,False,False,False,False,0.511095,0.718939,0.360952
ps_adsorption,427,2019,0.25,-1.619866,False,False,False,False,False,0.458876,0.718939,0.360952
ps_adsorption,428,2019,0.5,-0.223168,False,False,False,False,False,0.467101,0.718939,0.360952
ps_adsorption,429,2019,0.4,-0.781847,False,False,False,False,False,0.453681,0.718939,0.360952
ps_adsorption,430,2019,0.2,-1.899206,False,False,False,False,False,0.402944,0.718939,0.360952
ps_adsorption,431,2019,0.4,-0.781847,False,False,False,False,False,0.402356,0.718939,0.360952
ps_adsorption,432,2019,0.2,-1.899206,False,False,False,False,False,0.361884,0.718939,0.360952
ps_adsorption,433,2019,0.6,0.335511,False,False,False,False,False,0.409508,0.718939,0.360952
ps_adsorption,434,2019,0.7,0.89419,False,False,False,False,False,0.467606,0.718939,0.360952
ps_adsorption,435,2019,0.45,-0.502508,False,False,False,False,False,0.464085,0.718939,0.360952
ps_adsorption,436,2019,0.75,1.17353,False,False,False,False,False,0.521268,0.718939,0.360952
ps_adsorption,437,2019,0.45,-0.502508,False,False,False,False,False,0.507014,0.718939,0.360952
ps_adsorption,438,2019,0.35,-1.061187,False,False,False,False,False,0.475611,0.718939,0.360952
ps_adsorption,439,2019,0.35,-1.061187,False,False,False,False,False,0.450489,0.718939,0.360952
ps_adsorption,440,2019,0.45,-0.502508,False,False,False,False,False,0.450391,0.718939,0.360952
ps_adsorption,441,2019,0.9,2.011549,False,False,False,False,False,0.540313,0.718939,0.360952
ps_adsorption,442,2019,0.4,-0.781847,False,False,False,False,False,0.51225,0.718939,0.360952
ps_adsorption,443,2019,0.25,-1.619866,False,False,False,False,False,0.4598,0.718939,0.360952
ps_adsorption,444,2019,0.5,-0.223168,False,False,False,False,False,0.46784,0.718939,0.360952
ps_adsorption,445,2019,0.35,-1.061187,False,False,False,False,False,0.444272,0.718939,0.360952
ps_adsorption,446,2019,0.4,-0.781847,False,False,False,False,False,0.435418,0.718939,0.360952
ps_adsorption,447,2019,0.45,-0.502508,False,False,False,False,False,0.438334,0.718939,0.360952
ps_adsorption,448,2019,0.75,1.17353,False,False,False,False,False,0.500667,0.718939,0.360952
ps_adsorption,449,2019,0.75,1.17353,False,False,False,False,False,0.550534,0.718939,0.360952
ps_adsorption,450,2019,0.65,0.614851,False,False,False,False,False,0.570427,0.718939,0.360952
ps_adsorption,451,2019,0.8,1.45287,False,False,False,False,False,0.616342,0.718939,0.360952
ps_adsorption,452,2019,0.45,-0.502508,False,False,False,False,False,0.583073,0.718939,0.360952
ps_adsorption,453,2019,0.5,-0.223168,False,False,False,False,False,0.566459,0.718939,0.360952
ps_adsorption,454,2019,0.4,-0.781847,False,False,False,False,False,0.533167,0.718939,0.360952
ps_adsorption,455,2019,0.65,0.614851,False,False,False,False,False,0.556534,0.718939,0.360952
ps_adsorption,456,2019,0.25,-1.619866,False,False,False,False,False,0.495227,0.718939,0.360952
ps_adsorption,457,2019,0.5,-0.223168,False,False,False,False,False,0.496181,0.718939,0.360952
ps_adsorption,458,2019,0.5,-0.223168,False,False,False,False,False,0.496945,0.718939,0.360952
ps_adsorption,459,2019,0.35,-1.061187,False,False,False,False,False,0.467556,0.718939,0.360952
ps_adsorption,460,2019,0.45,-0.502508,False,False,False,False,False,0.464045,0.718939,0.360952
ps_adsorption,461,2019,0.75,1.17353,False,False,False,False,False,0.521236,0.718939,0.360952
ps_adsorption,462,2019,0.6,0.335511,False,False,False,False,False,0.536989,0.718939,0.360952
ps_adsorption,463,2019,0.25,-1.619866,False,False,False,False,False,0.479591,0.718939,0.360952
ps_adsorption,464,2019,0.6,0.335511,False,False,False,False,False,0.503673,0.718939,0.360952
ps_adsorption,465,2020,0.65,0.614851,False,False,False,False,False,0.532938,0.718939,0.360952
ps_adsorption,466,2020,0.7,0.89419,False,False,False,False,False,0.566351,0.718939,0.360952
ps_adsorption,467,2020,0.45,-0.502508,False,False,False,False,False,0.54308,0.718939,0.360952
ps_adsorption,468,2020,0.45,-0.502508,False,False,False,False,False,0.524464,0.718939,0.360952
ps_adsorption,469,2020,0.5,-0.223168,False,False,False,False,False,0.519572,0.718939,0.360952
ps_adsorption,470,2020,0.55,0.056172,False,False,False,False,False,0.525657,0.718939,0.360952
ps_adsorption,471,2020,0.55,0.056172,False,False,False,False,False,0.530526,0.718939,0.360952
ps_adsorption,472,2020,0.45,-0.502508,False,False,False,False,False,0.514421,0.718939,0.360952
ps_adsorption,473,2020,0.8,1.45287,False,False,False,False,False,0.571536,0.718939,0.360952
ps_adsorption,474,2020,0.3,-1.340527,False,False,False,False,False,0.517229,0.718939,0.360952
ps_adsorption,475,2020,0.65,0.614851,False,False,False,False,False,0.543783,0.718939,0.360952
ps_adsorption,476,2020,0.45,-0.502508,False,False,False,False,False,0.525027,0.718939,0.360952
ps_adsorption,477,2020,0.4,-0.781847,False,False,False,False,False,0.500021,0.718939,0.360952
ps_adsorption,478,2020,0.6,0.335511,False,False,False,False,False,0.520017,0.718939,0.360952
ps_adsorption,479,2020,0.3,-1.340527,False,False,False,False,False,0.476014,0.718939,0.360952
ps_adsorption,480,2020,0.35,-1.061187,False,False,False,False,False,0.450811,0.718939,0.360952
ps_adsorption,481,2020,0.65,0.614851,False,False,False,False,False,0.490649,0.718939,0.360952
ps_adsorption,482,2020,0.25,-1.619866,False,False,False,False,False,0.442519,0.718939,0.360952
ps_adsorption,483,2020,0.35,-1.061187,False,False,False,False,False,0.424015,0.718939,0.360952
ps_adsorption,484,2020,0.5,-0.223168,False,False,False,False,False,0.439212,0.718939,0.360952
ps_adsorption,485,2020,0.7,0.89419,False,False,False,False,False,0.49137,0.718939,0.360952
ps_adsorption,486,2020,0.2,-1.899206,False,False,False,False,False,0.433096,0.718939,0.360952
ps_adsorption,487,2020,0.95,2.290889,False,False,False,False,False,0.536477,0.718939,0.360952
ps_adsorption,488,2020,0.5,-0.223168,False,False,False,False,False,0.529181,0.718939,0.360952
ps_adsorption,489,2020,0.35,-1.061187,False,False,False,False,False,0.493345,0.718939,0.360952
ps_adsorption,490,2020,0.6,0.335511,False,False,False,False,False,0.514676,0.718939,0.360952
ps_adsorption,491,2020,0.5,-0.223168,False,False,False,False,False,0.511741,0.718939,0.360952
ps_adsorption,492,2020,0.75,1.17353,False,False,False,False,False,0.559393,0.718939,0.360952
ps_adsorption,493,2020,0.35,-1.061187,False,False,False,False,False,0.517514,0.718939,0.360952
ps_adsorption,494,2020,0.35,-1.061187,False,False,False,False,False,0.484011,0.718939,0.360952
ps_adsorption,495,2020,0.45,-0.502508,False,False,False,False,False,0.477209,0.718939,0.360952
ps_adsorption,496,2020,0.8,1.45287,False,False,False,False,False,0.541767,0.718939,0.360952
ps_adsorption,497,2020,0.25,-1.619866,False,False,False,False,False,0.483414,0.718939,0.360952
ps_adsorption,498,2020,0.5,-0.223168,False,False,False,False,False,0.486731,0.718939,0.360952
ps_adsorption,499,2020,0.8,1.45287,False,False,False,False,False,0.549385,0.718939,0.360952
ps_adsorption,500,2020,0.7,0.89419,False,False,False,False,False,0.579508,0.718939,0.360952
ps_adsorption,501,2020,0.5,-0.223168,False,False,False,False,False,0.563606,0.718939,0.360952
ps_adsorption,502,2020,0.55,0.056172,False,False,False,False,False,0.560885,0.718939,0.360952
ps_adsorption,503,2020,0.65,0.614851,False,False,False,False,False,0.578708,0.718939,0.360952
ps_adsorption,504,2020,0.8,1.45287,False,False,False,False,False,0.622966,0.718939,0.360952
ps_adsorption,505,2020,0.3,-1.340527,False,False,False,False,False,0.558373,0.718939,0.360952
ps_adsorption,506,2020,0.45,-0.502508,False,False,False,False,False,0.536699,0.718939,0.360952
ps_adsorption,507,2021,0.65,0.614851,False,False,False,False,False,0.559359,0.718939,0.360952
ps_adsorption,508,2021,0.55,0.056172,False,False,False,False,False,0.557487,0.718939,0.360952
ps_adsorption,509,2021,0.8,1.45287,False,False,False,False,False,0.60599,0.718939,0.360952
ps_adsorption,510,2021,0.4,-0.781847,False,False,False,False,False,0.564792,0.718939,0.360952
ps_adsorption,511,2021,0.4,-0.781847,False,False,False,False,False,0.531833,0.718939,0.360952
ps_adsorption,512,2021,0.3,-1.340527,False,False,False,False,False,0.485467,0.718939,0.360952
ps_adsorption,513,2021,0.45,-0.502508,False,False,False,False,False,0.478373,0.718939,0.360952
ps_adsorption,514,2021,0.85,1.732209,False,False,False,False,False,0.552699,0.718939,0.360952
ps_adsorption,515,2021,0.65,0.614851,False,False,False,False,False,0.572159,0.718939,0.360952
ps_adsorption,516,2021,0.95,2.290889,False,False,False,False,False,0.647727,0.718939,0.360952
ps_adsorption,517,2021,0.5,-0.223168,False,False,False,False,False,0.618182,0.718939,0.360952
ps_adsorption,518,2021,0.65,0.614851,False,False,False,False,False,0.624545,0.718939,0.360952
ps_adsorption,519,2021,0.4,-0.781847,False,False,False,False,False,0.579636,0.718939,0.360952
ps_adsorption,520,2021,0.55,0.056172,False,False,False,False,False,0.573709,0.718939,0.360952
ps_adsorption,521,2021,0.5,-0.223168,False,False,False,False,False,0.558967,0.718939,0.360952
ps_adsorption,522,2021,0.75,1.17353,False,False,False,False,False,0.597174,0.718939,0.360952
ps_adsorption,523,2021,0.15,-2.178545,False,False,False,False,False,0.507739,0.718939,0.360952
ps_adsorption,524,2021,0.65,0.614851,False,False,False,False,False,0.536191,0.718939,0.360952
ps_adsorption,525,2021,0.65,0.614851,False,False,False,False,False,0.558953,0.718939,0.360952
ps_adsorption,526,2021,0.55,0.056172,False,False,False,False,False,0.557162,0.718939,0.360952
ps_adsorption,527,2021,1.0,2.570228,False,False,False,False,False,0.64573,0.718939,0.360952
ps_adsorption,528,2021,0.0,-3.016564,True,False,False,False,False,0.516584,0.718939,0.360952
ps_adsorption,529,2021,0.3,-1.340527,False,False,False,False,False,0.473267,0.718939,0.360952
ps_adsorption,530,2021,0.35,-1.061187,False,False,False,False,False,0.448614,0.718939,0.360952
ps_adsorption,531,2021,0.6,0.335511,False,False,False,False,False,0.478891,0.718939,0.360952
ps_adsorption,532,2021,0.3,-1.340527,False,False,False,False,False,0.443113,0.718939,0.360952
ps_adsorption,533,2021,0.5,-0.223168,False,False,False,False,False,0.45449,0.718939,0.360952
ps_adsorption,534,2021,0.7,0.89419,False,False,False,False,False,0.503592,0.718939,0.360952
ps_adsorption,535,2021,0.45,-0.502508,False,False,False,False,False,0.492874,0.718939,0.360952
ps_adsorption,536,2021,0.45,-0.502508,False,False,False,False,False,0.484299,0.718939,0.360952
ps_adsorption,537,2021,0.55,0.056172,False,False,False,False,False,0.497439,0.718939,0.360952
ps_adsorption,538,2021,0.6,0.335511,False,False,False,False,False,0.517951,0.718939,0.360952
ps_adsorption,539,2021,0.6,0.335511,False,False,False,False,False,0.534361,0.718939,0.360952
ps_adsorption,540,2021,0.9,2.011549,False,False,False,False,False,0.607489,0.718939,0.360952
ps_adsorption,541,2021,0.5,-0.223168,False,False,False,False,False,0.585991,0.718939,0.360952
ps_adsorption,542,2021,0.25,-1.619866,False,False,False,False,False,0.518793,0.718939,0.360952
ps_adsorption,543,2022,0.6,0.335511,False,False,False,False,False,0.535034,0.718939,0.360952
ps_adsorption,544,2022,0.6,0.335511,False,False,False,False,False,0.548027,0.718939,0.360952
ps_adsorption,545,2022,0.9,2.011549,False,False,False,False,False,0.618422,0.718939,0.360952
ps_adsorption,546,2022,0.45,-0.502508,False,False,False,False,False,0.584738,0.718939,0.360952
ps_adsorption,547,2022,0.55,0.056172,False,False,False,False,False,0.57779,0.718939,0.360952
ps_adsorption,548,2022,0.4,-0.781847,False,False,False,False,False,0.542232,0.718939,0.360952
ps_adsorption,549,2022,0.3,-1.340527,False,False,False,False,False,0.493786,0.718939,0.360952
ps_adsorption,550,2022,0.55,0.056172,False,False,False,False,False,0.505029,0.718939,0.360952
ps_adsorption,551,2022,0.75,1.17353,False,False,False,False,False,0.554023,0.718939,0.360952
ps_adsorption,552,2022,0.6,0.335511,False,False,False,False,False,0.563218,0.718939,0.360952
ps_adsorption,553,2022,0.5,-0.223168,False,False,False,False,False,0.550575,0.718939,0.360952
ps_adsorption,554,2022,0.6,0.335511,False,False,False,False,False,0.56046,0.718939,0.360952
ps_adsorption,555,2022,0.45,-0.502508,False,False,False,False,False,0.538368,0.718939,0.360952
ps_adsorption,556,2022,0.2,-1.899206,False,False,False,False,False,0.470694,0.718939,0.360952
ps_adsorption,557,2022,0.55,0.056172,False,False,False,False,False,0.486555,0.718939,0.360952
ps_adsorption,558,2022,0.5,-0.223168,False,False,False,False,False,0.489244,0.718939,0.360952
ps_adsorption,559,2022,0.95,2.290889,False,False,False,False,False,0.581395,0.718939,0.360952
ps_adsorption,560,2022,0.55,0.056172,False,False,False,False,False,0.575116,0.718939,0.360952
ps_adsorption,561,2022,0.7,0.89419,False,False,False,False,False,0.600093,0.718939,0.360952
ps_adsorption,562,2022,1.0,2.570228,False,False,False,False,False,0.680074,0.718939,0.360952
ps_adsorption,563,2022,0.45,-0.502508,False,False,False,False,False,0.63406,0.718939,0.360952
ps_adsorption,564,2022,0.6,0.335511,False,False,False,False,False,0.627248,0.718939,0.360952
ps_adsorption,565,2022,0.4,-0.781847,False,False,False,False,False,0.581798,0.718939,0.360952
ps_adsorption,566,2022,0.4,-0.781847,False,False,False,False,False,0.545438,0.718939,0.360952
ps_adsorption,567,2022,0.8,1.45287,False,False,False,False,False,0.596351,0.718939,0.360952
ps_adsorption,568,2022,0.4,-0.781847,False,False,False,False,False,0.557081,0.718939,0.360952
ps_adsorption,569,2022,0.4,-0.781847,False,False,False,False,False,0.525665,0.718939,0.360952
ps_adsorption,570,2022,0.7,0.89419,False,False,False,False,False,0.560532,0.718939,0.360952
ps_adsorption,571,2022,0.6,0.335511,False,False,False,False,False,0.568425,0.718939,0.360952
ps_adsorption,572,2022,0.25,-1.619866,False,False,False,False,False,0.50474,0.718939,0.360952
ps_adsorption,573,2022,0.7,0.89419,False,False,False,False,False,0.543792,0.718939,0.360952
ps_adsorption,574,2022,0.6,0.335511,False,False,False,False,False,0.555034,0.718939,0.360952
ps_adsorption,575,2022,0.5,-0.223168,False,False,False,False,False,0.544027,0.718939,0.360952
ps_adsorption,576,2022,0.85,1.732209,False,False,False,False,False,0.605222,0.718939,0.360952
ps_adsorption,577,2022,0.6,0.335511,False,False,False,False,False,0.604177,0.718939,0.360952
ps_adsorption,578,2022,0.35,-1.061187,False,False,False,False,False,0.553342,0.718939,0.360952
ps_adsorption,579,2022,0.85,1.732209,False,False,False,False,False,0.612673,0.718939,0.360952
ps_adsorption,580,2022,0.55,0.056172,False,False,False,False,False,0.600139,0.718939,0.360952
ps_adsorption,581,2022,0.4,-0.781847,False,False,False,False,False,0.560111,0.718939,0.360952
ps_adsorption,582,2022,0.7,0.89419,False,False,False,False,False,0.588089,0.718939,0.360952
ps_adsorption,583,2022,0.25,-1.619866,False,False,False,False,False,0.520471,0.718939,0.360952
ps_adsorption,584,2022,0.3,-1.340527,False,False,False,False,False,0.476377,0.718939,0.360952
ps_adsorption,585,2022,0.3,-1.340527,False,False,False,False,False,0.441101,0.718939,0.360952
ps_adsorption,586,2022,0.8,1.45287,False,False,False,False,False,0.512881,0.718939,0.360952
ps_adsorption,587,2022,0.55,0.056172,False,False,False,False,False,0.520305,0.718939,0.360952
ps_adsorption,588,2022,0.75,1.17353,False,False,False,False,False,0.566244,0.718939,0.360952
ps_adsorption,589,2022,0.5,-0.223168,False,False,False,False,False,0.552995,0.718939,0.360952
ps_adsorption,590,2023,0.6,0.335511,False,False,False,False,False,0.562396,0.718939,0.360952
ps_adsorption,591,2023,0.9,2.011549,False,False,False,False,False,0.629917,0.718939,0.360952
ps_adsorption,592,2023,0.65,0.614851,False,False,False,False,False,0.633934,0.718939,0.360952
ps_adsorption,593,2023,0.3,-1.340527,False,False,False,False,False,0.567147,0.718939,0.360952
ps_adsorption,594,2023,0.6,0.335511,False,False,False,False,False,0.573717,0.718939,0.360952
ps_adsorption,595,2023,0.6,0.335511,False,False,False,False,False,0.578974,0.718939,0.360952
ps_adsorption,596,2023,0.65,0.614851,False,False,False,False,False,0.593179,0.718939,0.360952
ps_adsorption,597,2023,0.7,0.89419,False,False,False,False,False,0.614543,0.718939,0.360952
ps_adsorption,598,2023,0.45,-0.502508,False,False,False,False,False,0.581635,0.718939,0.360952
ps_adsorption,599,2023,0.5,-0.223168,False,False,False,False,False,0.565308,0.718939,0.360952
ps_adsorption,600,2023,0.75,1.17353,False,False,False,False,False,0.602246,0.718939,0.360952
ps_adsorption,601,2024,0.7,0.89419,False,False,False,False,False,0.621797,0.718939,0.360952
ps_adsorption,602,2024,0.55,0.056172,False,False,False,False,False,0.607438,0.718939,0.360952
ps_adsorption,603,2024,0.4,-0.781847,False,False,False,False,False,0.56595,0.718939,0.360952
ps_adsorption,604,2024,0.55,0.056172,False,False,False,False,False,0.56276,0.718939,0.360952
ps_adsorption,605,2024,0.3,-1.340527,False,False,False,False,False,0.510208,0.718939,0.360952
ps_adsorption,606,2024,0.55,0.056172,False,False,False,False,False,0.518166,0.718939,0.360952
ps_adsorption,607,2024,0.7,0.89419,False,False,False,False,False,0.554533,0.718939,0.360952
ps_adsorption,608,2024,0.4,-0.781847,False,False,False,False,False,0.523627,0.718939,0.360952
ps_adsorption,609,2024,0.6,0.335511,False,False,False,False,False,0.538901,0.718939,0.360952
ps_adsorption,610,2024,0.7,0.89419,False,False,False,False,False,0.571121,0.718939,0.360952
ps_adsorption,611,2024,0.45,-0.502508,False,False,False,False,False,0.546897,0.718939,0.360952
ps_adsorption,612,2024,0.7,0.89419,False,False,False,False,False,0.577517,0.718939,0.360952
ps_adsorption,613,2024,0.8,1.45287,False,False,False,False,False,0.622014,0.718939,0.360952
ps_adsorption,614,2024,0.65,0.614851,False,False,False,False,False,0.627611,0.718939,0.360952
ps_adsorption,615,2024,0.7,0.89419,False,False,False,False,False,0.642089,0.718939,0.360952
ps_adsorption,616,2024,0.55,0.056172,False,False,False,False,False,0.623671,0.718939,0.360952
ps_adsorption,617,2024,0.75,1.17353,False,False,False,False,False,0.648937,0.718939,0.360952
ps_adsorption,618,2024,0.7,0.89419,False,False,False,False,False,0.65915,0.718939,0.360952
ps_adsorption,619,2024,0.65,0.614851,False,False,False,False,False,0.65732,0.718939,0.360952
ps_adsorption,620,2024,0.4,-0.781847,False,False,False,False,False,0.605856,0.718939,0.360952
ps_adsorption,621,2024,0.65,0.614851,False,False,False,False,False,0.614685,0.718939,0.360952
ps_adsorption,622,2024,0.6,0.335511,False,False,False,False,False,0.611748,0.718939,0.360952
ps_adsorption,623,2024,0.6,0.335511,False,False,False,False,False,0.609398,0.718939,0.360952
ps_adsorption,624,2024,0.8,1.45287,False,False,False,False,False,0.647518,0.718939,0.360952
ps_adsorption,625,2024,0.3,-1.340527,False,False,False,False,False,0.578015,0.718939,0.360952
ps_adsorption,626,2024,0.5,-0.223168,False,False,False,False,False,0.562412,0.718939,0.360952
ps_adsorption,627,2024,0.55,0.056172,False,False,False,False,False,0.559929,0.718939,0.360952
ps_adsorption,628,2024,0.45,-0.502508,False,False,False,False,False,0.537944,0.718939,0.360952
ps_adsorption,629,2024,0.65,0.614851,False,False,False,False,False,0.560355,0.718939,0.360952
ps_adsorption,630,2024,0.35,-1.061187,False,False,False,False,False,0.518284,0.718939,0.360952
ps_adsorption,631,2024,0.7,0.89419,False,False,False,False,False,0.554627,0.718939,0.360952
ps_adsorption,632,2024,0.9,2.011549,False,False,False,False,False,0.623702,0.718939,0.360952
ps_adsorption,633,2024,0.7,0.89419,False,False,False,False,False,0.638961,0.718939,0.360952
ps_adsorption,634,2024,0.5,-0.223168,False,False,False,False,False,0.611169,0.718939,0.360952
ps_adsorption,635,2024,0.25,-1.619866,False,False,False,False,False,0.538935,0.718939,0.360952
ps_adsorption,636,2024,0.8,1.45287,False,False,False,False,False,0.591148,0.718939,0.360952
ps_adsorption,637,2024,0.7,0.89419,False,False,False,False,False,0.612919,0.718939,0.360952
ps_adsorption,638,2024,0.25,-1.619866,False,False,False,False,False,0.540335,0.718939,0.360952
ps_adsorption,639,2024,0.4,-0.781847,False,False,False,False,False,0.512268,0.718939,0.360952
ps_adsorption,640,2024,0.55,0.056172,False,False,False,False,False,0.519814,0.718939,0.360952
ps_adsorption,641,2024,0.2,-1.899206,False,False,False,False,False,0.455851,0.718939,0.360952
ps_adsorption,642,2024,0.7,0.89419,False,False,False,False,False,0.504681,0.718939,0.360952
ps_adsorption,643,2024,0.7,0.89419,False,False,False,False,False,0.543745,0.718939,0.360952
ps_adsorption,644,2024,0.4,-0.781847,False,False,False,False,False,0.514996,0.718939,0.360952
ps_adsorption,645,2024,0.65,0.614851,False,False,False,False,False,0.541997,0.718939,0.360952
ps_adsorption,646,2024,0.4,-0.781847,False,False,False,False,False,0.513597,0.718939,0.360952
ps_adsorption,647,2024,0.45,-0.502508,False,False,False,False,False,0.500878,0.718939,0.360952
ps_adsorption,648,2024,0.7,0.89419,False,False,False,False,False,0.540702,0.718939,0.360952
ps_adsorption,649,2024,0.5,-0.223168,False,False,False,False,False,0.532562,0.718939,0.360952
ps_adsorption,650,2024,0.6,0.335511,False,False,False,False,False,0.546049,0.718939,0.360952
ps_adsorption,651,2024,0.4,-0.781847,False,False,False,False,False,0.51684,0.718939,0.360952
ps_adsorption,652,2024,0.55,0.056172,False,False,False,False,False,0.523472,0.718939,0.360952
ps_adsorption,653,2024,0.45,-0.502508,False,False,False,False,False,0.508777,0.718939,0.360952
ps_adsorption,654,2024,0.7,0.89419,False,False,False,False,False,0.547022,0.718939,0.360952
ps_adsorption,655,2024,0.45,-0.502508,False,False,False,False,False,0.527617,0.718939,0.360952
ps_adsorption,656,2024,0.55,0.056172,False,False,False,False,False,0.532094,0.718939,0.360952
ps_adsorption,657,2024,0.45,-0.502508,False,False,False,False,False,0.515675,0.718939,0.360952
ps_adsorption,658,2024,0.65,0.614851,False,False,False,False,False,0.54254,0.718939,0.360952
ps_adsorption,659,2024,0.75,1.17353,False,False,False,False,False,0.584032,0.718939,0.360952
ps_adsorption,660,2024,0.6,0.335511,False,False,False,False,False,0.587226,0.718939,0.360952
ps_adsorption,661,2024,0.7,0.89419,False,False,False,False,False,0.609781,0.718939,0.360952
ps_adsorption,662,2024,0.55,0.056172,False,False,False,False,False,0.597824,0.718939,0.360952
ps_adsorption,663,2024,0.55,0.056172,False,False,False,False,False,0.58826,0.718939,0.360952
ps_adsorption,664,2024,0.5,-0.223168,False,False,False,False,False,0.570608,0.718939,0.360952
ps_adsorption,665,2024,0.55,0.056172,False,False,False,False,False,0.566486,0.718939,0.360952
ps_adsorption,666,2024,0.35,-1.061187,False,False,False,False,False,0.523189,0.718939,0.360952
ps_adsorption,667,2024,0.45,-0.502508,False,False,False,False,False,0.508551,0.718939,0.360952
ps_adsorption,668,2024,0.65,0.614851,False,False,False,False,False,0.536841,0.718939,0.360952
ps_adsorption,669,2024,0.45,-0.502508,False,False,False,False,False,0.519473,0.718939,0.360952
ps_adsorption,670,2024,0.35,-1.061187,False,False,False,False,False,0.485578,0.718939,0.360952
ps_adsorption,671,2024,0.35,-1.061187,False,False,False,False,False,0.458463,0.718939,0.360952
ps_adsorption,672,2024,0.35,-1.061187,False,False,False,False,False,0.43677,0.718939,0.360952
ps_adsorption,673,2024,0.45,-0.502508,False,False,False,False,False,0.439416,0.718939,0.360952
ps_adsorption,674,2024,0.65,0.614851,False,False,False,False,False,0.481533,0.718939,0.360952
ps_adsorption,675,2024,0.65,0.614851,False,False,False,False,False,0.515226,0.718939,0.360952
ps_adsorption,676,2024,0.75,1.17353,False,False,False,False,False,0.562181,0.718939,0.360952
ps_adsorption,677,2024,0.6,0.335511,False,False,False,False,False,0.569745,0.718939,0.360952
ps_adsorption,678,2024,0.3,-1.340527,False,False,False,False,False,0.515796,0.718939,0.360952
ps_adsorption,679,2024,0.9,2.011549,False,False,False,False,False,0.592637,0.718939,0.360952
ps_adsorption,680,2024,0.6,0.335511,False,False,False,False,False,0.594109,0.718939,0.360952
ps_adsorption,681,2024,0.3,-1.340527,False,False,False,False,False,0.535287,0.718939,0.360952
ps_adsorption,682,2024,0.65,0.614851,False,False,False,False,False,0.55823,0.718939,0.360952
ps_adsorption,683,2024,0.45,-0.502508,False,False,False,False,False,0.536584,0.718939,0.360952
ps_adsorption,684,2024,0.55,0.056172,False,False,False,False,False,0.539267,0.718939,0.360952
ps_adsorption,685,2024,0.6,0.335511,False,False,False,False,False,0.551414,0.718939,0.360952
ps_adsorption,686,2024,0.3,-1.340527,False,False,False,False,False,0.501131,0.718939,0.360952
ps_adsorption,687,2024,0.45,-0.502508,False,False,False,False,False,0.490905,0.718939,0.360952
ps_adsorption,688,2024,0.5,-0.223168,False,False,False,False,False,0.492724,0.718939,0.360952
ps_adsorption,689,2024,0.3,-1.340527,False,False,False,False,False,0.454179,0.718939,0.360952
ps_adsorption,690,2025,0.8,1.45287,False,False,False,False,False,0.523343,0.718939,0.360952
ps_adsorption,691,2025,0.75,1.17353,False,False,False,False,False,0.568675,0.718939,0.360952
ps_adsorption,692,2025,0.55,0.056172,False,False,False,False,False,0.56494,0.718939,0.360952
ps_adsorption,693,2025,0.55,0.056172,False,False,False,False,False,0.561952,0.718939,0.360952
ps_adsorption,694,2025,0.5,-0.223168,False,False,False,False,False,0.549561,0.718939,0.360952
ps_adsorption,695,2025,0.6,0.335511,False,False,False,False,False,0.559649,0.718939,0.360952
ps_adsorption,696,2025,0.45,-0.502508,False,False,False,False,False,0.537719,0.718939,0.360952
ps_adsorption,697,2025,0.65,0.614851,False,False,False,False,False,0.560175,0.718939,0.360952
ps_adsorption,698,2025,0.35,-1.061187,False,False,False,False,False,0.51814,0.718939,0.360952
ps_adsorption,699,2025,0.4,-0.781847,False,False,False,False,False,0.494512,0.718939,0.360952
ps_adsorption,700,2025,0.55,0.056172,False,False,False,False,False,0.50561,0.718939,0.360952
ps_adsorption,701,2025,0.35,-1.061187,False,False,False,False,False,0.474488,0.718939,0.360952
ps_adsorption,702,2025,0.45,-0.502508,False,False,False,False,False,0.46959,0.718939,0.360952
ps_adsorption,703,2025,0.6,0.335511,False,False,False,False,False,0.495672,0.718939,0.360952
ps_adsorption,704,2025,0.45,-0.502508,False,False,False,False,False,0.486538,0.718939,0.360952
ps_adsorption,705,2025,0.6,0.335511,False,False,False,False,False,0.50923,0.718939,0.360952
ps_adsorption,706,2025,0.4,-0.781847,False,False,False,False,False,0.487384,0.718939,0.360952
ps_adsorption,707,2025,0.8,1.45287,False,False,False,False,False,0.549907,0.718939,0.360952
ps_adsorption,708,2025,0.6,0.335511,False,False,False,False,False,0.559926,0.718939,0.360952
ps_adsorption,709,2025,0.55,0.056172,False,False,False,False,False,0.557941,0.718939,0.360952
ps_adsorption,710,2025,0.65,0.614851,False,False,False,False,False,0.576353,0.718939,0.360952
ps_adsorption,711,2025,0.4,-0.781847,False,False,False,False,False,0.541082,0.718939,0.360952
ps_adsorption,712,2025,0.4,-0.781847,False,False,False,False,False,0.512866,0.718939,0.360952
ps_adsorption,713,2025,0.6,0.335511,False,False,False,False,False,0.530293,0.718939,0.360952
ps_adsorption,714,2025,0.8,1.45287,False,False,False,False,False,0.584234,0.718939,0.360952
ps_adsorption,715,2025,0.5,-0.223168,False,False,False,False,False,0.567387,0.718939,0.360952
ps_adsorption,716,2025,0.75,1.17353,False,False,False,False,False,0.60391,0.718939,0.360952
ps_adsorption,717,2025,0.6,0.335511,False,False,False,False,False,0.603128,0.718939,0.360952
ps_adsorption,718,2025,0.55,0.056172,False,False,False,False,False,0.592502,0.718939,0.360952
ps_adsorption,719,2025,0.8,1.45287,False,False,False,False,False,0.634002,0.718939,0.360952
ps_adsorption,720,2025,0.7,0.89419,False,False,False,False,False,0.647201,0.718939,0.360952
ps_adsorption,721,2025,0.55,0.056172,False,False,False,False,False,0.627761,0.718939,0.360952
ps_adsorption,722,2025,0.4,-0.781847,False,False,False,False,False,0.582209,0.718939,0.360952
ps_adsorption,723,2025,0.65,0.614851,False,False,False,False,False,0.595767,0.718939,0.360952
ps_adsorption,724,2025,0.35,-1.061187,False,False,False,False,False,0.546614,0.718939,0.360952
ps_adsorption,725,2025,0.5,-0.223168,False,False,False,False,False,0.537291,0.718939,0.360952
ps_adsorption,726,2025,0.5,-0.223168,False,False,False,False,False,0.529833,0.718939,0.360952
ps_adsorption,727,2025,0.45,-0.502508,False,False,False,False,False,0.513866,0.718939,0.360952
ps_adsorption,728,2025,0.7,0.89419,False,False,False,False,False,0.551093,0.718939,0.360952
ps_adsorption,729,2025,0.15,-2.178545,False,False,False,False,False,0.470874,0.718939,0.360952
ps_adsorption,730,2025,0.6,0.335511,False,False,False,False,False,0.4967,0.718939,0.360952
ps_adsorption,731,2025,0.65,0.614851,False,False,False,False,False,0.52736,0.718939,0.360952
ps_adsorption,732,2025,0.55,0.056172,False,False,False,False,False,0.531888,0.718939,0.360952
ps_adsorption,733,2025,0.65,0.614851,False,False,False,False,False,0.55551,0.718939,0.360952
ps_adsorption,734,2025,0.4,-0.781847,False,False,False,False,False,0.524408,0.718939,0.360952
ps_adsorption,735,2025,0.65,0.614851,False,False,False,False,False,0.549526,0.718939,0.360952
ps_adsorption,736,2025,0.5,-0.223168,False,False,False,False,False,0.539621,0.718939,0.360952
aloh3_conc,1,2011,0.575,0.561496,False,False,False,False,False,0.510913,0.580493,0.409289
aloh3_conc,2,2011,0.495,0.000762,False,False,False,False,False,0.50773,0.604515,0.385267
aloh3_conc,3,2011,0.545,0.351221,False,False,False,False,False,0.515184,0.617443,0.37234
aloh3_conc,4,2011,0.525,0.211037,False,False,False,False,False,0.517147,0.625044,0.364738
aloh3_conc,5,2011,0.61,0.806817,False,False,False,False,False,0.535718,0.629684,0.360098
aloh3_conc,6,2011,0.555,0.421312,False,False,False,False,False,0.539574,0.632572,0.35721
aloh3_conc,7,2011,0.45,-0.314651,False,False,False,False,False,0.52166,0.634389,0.355394
aloh3_conc,8,2011,0.525,0.211037,False,False,False,False,False,0.522328,0.635539,0.354243
aloh3_conc,9,2011,0.385,-0.770247,False,False,False,False,False,0.494862,0.636271,0.353512
aloh3_conc,10,2011,0.61,0.806817,False,False,False,False,False,0.51789,0.636737,0.353046
aloh3_conc,11,2011,0.28,-1.50621,False,False,False,False,False,0.470312,0.637034,0.352748
aloh3_conc,12,2011,0.53,0.246083,False,False,False,False,False,0.482249,0.637224,0.352558
aloh3_conc,13,2011,0.42,-0.524926,False,False,False,False,False,0.4698,0.637346,0.352437
aloh3_conc,14,2011,0.56,0.456358,False,False,False,False,False,0.48784,0.637423,0.352359
aloh3_conc,15,2011,0.395,-0.700155,False,False,False,False,False,0.469272,0.637473,0.352309
aloh3_conc,16,2011,0.395,-0.700155,False,False,False,False,False,0.454417,0.637505,0.352278
aloh3_conc,17,2011,0.49,-0.034284,False,False,False,False,False,0.461534,0.637525,0.352257
aloh3_conc,18,2011,0.575,0.561496,False,False,False,False,False,0.484227,0.637538,0.352244
aloh3_conc,19,2011,0.77,1.928284,False,False,False,False,False,0.541382,0.637547,0.352236
aloh3_conc,20,2011,0.37,-0.875385,False,False,False,False,False,0.507105,0.637552,0.352231
aloh3_conc,21,2011,0.395,-0.700155,False,False,False,False,False,0.484684,0.637555,0.352227
aloh3_conc,22,2011,0.36,-0.945476,False,False,False,False,False,0.459747,0.637558,0.352225
aloh3_conc,23,2011,0.455,-0.279605,False,False,False,False,False,0.458798,0.637559,0.352224
aloh3_conc,24,2011,0.45,-0.314651,False,False,False,False,False,0.457038,0.63756,0.352223
aloh3_conc,25,2011,0.47,-0.174467,False,False,False,False,False,0.459631,0.63756,0.352222
aloh3_conc,26,2011,0.515,0.140945,False,False,False,False,False,0.470705,0.637561,0.352222
aloh3_conc,27,2011,0.47,-0.174467,False,False,False,False,False,0.470564,0.637561,0.352222
aloh3_conc,28,2011,0.55,0.386266,False,False,False,False,False,0.486451,0.637561,0.352221
aloh3_conc,29,2011,0.39,-0.735201,False,False,False,False,False,0.467161,0.637561,0.352221
aloh3_conc,30,2011,0.505,0.070854,False,False,False,False,False,0.474729,0.637561,0.352221
aloh3_conc,31,2011,0.29,-1.436119,False,False,False,False,False,0.437783,0.637561,0.352221
aloh3_conc,32,2011,0.22,-1.926761,False,False,False,False,False,0.394226,0.637561,0.352221
aloh3_conc,33,2011,0.435,-0.419788,False,False,False,False,False,0.402381,0.637561,0.352221
aloh3_conc,34,2011,0.49,-0.034284,False,False,False,False,False,0.419905,0.637561,0.352221
aloh3_conc,35,2011,0.555,0.421312,False,False,False,False,False,0.446924,0.637561,0.352221
aloh3_conc,36,2011,0.365,-0.910431,False,False,False,False,False,0.430539,0.637561,0.352221
aloh3_conc,37,2011,0.77,1.928284,False,False,False,False,False,0.498431,0.637561,0.352221
aloh3_conc,38,2011,0.18,-2.207128,False,False,False,False,False,0.434745,0.637561,0.352221
aloh3_conc,39,2012,0.475,-0.139422,False,False,False,False,False,0.442796,0.637561,0.352221
aloh3_conc,40,2012,0.29,-1.436119,False,False,False,False,False,0.412237,0.637561,0.352221
aloh3_conc,41,2012,0.46,-0.244559,False,False,False,False,False,0.421789,0.637561,0.352221
aloh3_conc,42,2012,0.585,0.631587,False,False,False,False,False,0.454432,0.637561,0.352221
aloh3_conc,43,2012,0.485,-0.06933,False,False,False,False,False,0.460545,0.637561,0.352221
aloh3_conc,44,2012,0.59,0.666633,False,False,False,False,False,0.486436,0.637561,0.352221
aloh3_conc,45,2012,0.575,0.561496,False,False,False,False,False,0.504149,0.637561,0.352221
aloh3_conc,46,2012,0.505,0.070854,False,False,False,False,False,0.504319,0.637561,0.352221
aloh3_conc,47,2012,0.625,0.911954,False,False,False,False,False,0.528455,0.637561,0.352221
aloh3_conc,48,2012,0.67,1.227367,False,False,False,False,False,0.556764,0.637561,0.352221
aloh3_conc,49,2012,0.52,0.175991,False,False,False,False,False,0.549411,0.637561,0.352221
aloh3_conc,50,2012,0.335,-1.120706,False,False,False,False,False,0.506529,0.637561,0.352221
aloh3_conc,51,2012,0.7,1.437642,False,False,False,False,False,0.545223,0.637561,0.352221
aloh3_conc,52,2012,0.515,0.140945,False,False,False,False,False,0.539179,0.637561,0.352221
aloh3_conc,53,2012,0.47,-0.174467,False,False,False,False,False,0.525343,0.637561,0.352221
aloh3_conc,54,2012,0.47,-0.174467,False,False,False,False,False,0.514274,0.637561,0.352221
aloh3_conc,55,2012,0.465,-0.209513,False,False,False,False,False,0.504419,0.637561,0.352221
aloh3_conc,56,2012,0.665,1.192321,False,False,False,False,False,0.536536,0.637561,0.352221
aloh3_conc,57,2012,0.625,0.911954,False,False,False,False,False,0.554228,0.637561,0.352221
aloh3_conc,58,2012,0.495,0.000762,False,False,False,False,False,0.542383,0.637561,0.352221
aloh3_conc,59,2012,0.745,1.753055,False,False,False,False,False,0.582906,0.637561,0.352221
aloh3_conc,60,2012,0.44,-0.384743,False,False,False,False,False,0.554325,0.637561,0.352221
aloh3_conc,61,2012,0.33,-1.155752,False,False,False,False,False,0.50946,0.637561,0.352221
aloh3_conc,62,2012,0.545,0.351221,False,False,False,False,False,0.516568,0.637561,0.352221
aloh3_conc,63,2012,0.47,-0.174467,False,False,False,False,False,0.507254,0.637561,0.352221
aloh3_conc,64,2012,0.57,0.52645,False,False,False,False,False,0.519804,0.637561,0.352221
aloh3_conc,65,2012,0.53,0.246083,False,False,False,False,False,0.521843,0.637561,0.352221
aloh3_conc,66,2012,0.54,0.316175,False,False,False,False,False,0.525474,0.637561,0.352221
aloh3_conc,67,2012,0.325,-1.190798,False,False,False,False,False,0.485379,0.637561,0.352221
aloh3_conc,68,2012,0.37,-0.875385,False,False,False,False,False,0.462304,0.637561,0.352221
aloh3_conc,69,2012,0.39,-0.735201,False,False,False,False,False,0.447843,0.637561,0.352221
aloh3_conc,70,2012,0.435,-0.419788,False,False,False,False,False,0.445274,0.637561,0.352221
aloh3_conc,71,2012,0.345,-1.050614,False,False,False,False,False,0.425219,0.637561,0.352221
aloh3_conc,72,2012,0.43,-0.454834,False,False,False,False,False,0.426176,0.637561,0.352221
aloh3_conc,73,2012,0.615,0.841863,False,False,False,False,False,0.46394,0.637561,0.352221
aloh3_conc,74,2012,0.175,-2.242173,False,False,False,False,False,0.406152,0.637561,0.352221
aloh3_conc,75,2012,0.6,0.736725,False,False,False,False,False,0.444922,0.637561,0.352221
aloh3_conc,76,2012,0.475,-0.139422,False,False,False,False,False,0.450937,0.637561,0.352221
aloh3_conc,77,2012,0.56,0.456358,False,False,False,False,False,0.47275,0.637561,0.352221
aloh3_conc,78,2012,0.35,-1.015568,False,False,False,False,False,0.4482,0.637561,0.352221
aloh3_conc,79,2012,0.615,0.841863,False,False,False,False,False,0.48156,0.637561,0.352221
aloh3_conc,80,2012,0.72,1.577826,False,False,False,False,False,0.529248,0.637561,0.352221
aloh3_conc,81,2012,0.38,-0.805293,False,False,False,False,False,0.499398,0.637561,0.352221
aloh3_conc,82,2012,0.465,-0.209513,False,False,False,False,False,0.492519,0.637561,0.352221
aloh3_conc,83,2013,0.55,0.386266,False,False,False,False,False,0.504015,0.637561,0.352221
aloh3_conc,84,2013,0.575,0.561496,False,False,False,False,False,0.518212,0.637561,0.352221
aloh3_conc,85,2013,0.525,0.211037,False,False,False,False,False,0.51957,0.637561,0.352221
aloh3_conc,86,2013,0.555,0.421312,False,False,False,False,False,0.526656,0.637561,0.352221
aloh3_conc,87,2013,0.595,0.701679,False,False,False,False,False,0.540325,0.637561,0.352221
aloh3_conc,88,2013,0.72,1.577826,False,False,False,False,False,0.57626,0.637561,0.352221
aloh3_conc,89,2013,0.475,-0.139422,False,False,False,False,False,0.556008,0.637561,0.352221
aloh3_conc,90,2013,0.56,0.456358,False,False,False,False,False,0.556806,0.637561,0.352221
aloh3_conc,91,2013,0.285,-1.471164,False,False,False,False,False,0.502445,0.637561,0.352221
aloh3_conc,92,2013,0.29,-1.436119,False,False,False,False,False,0.459956,0.637561,0.352221
aloh3_conc,93,2013,0.57,0.52645,False,False,False,False,False,0.481965,0.637561,0.352221
aloh3_conc,94,2013,0.565,0.491404,False,False,False,False,False,0.498572,0.637561,0.352221
aloh3_conc,95,2013,0.605,0.771771,False,False,False,False,False,0.519857,0.637561,0.352221
aloh3_conc,96,2013,0.405,-0.630064,False,False,False,False,False,0.496886,0.637561,0.352221
aloh3_conc,97,2013,0.315,-1.260889,False,False,False,False,False,0.460509,0.637561,0.352221
aloh3_conc,98,2013,0.43,-0.454834,False,False,False,False,False,0.454407,0.637561,0.352221
aloh3_conc,99,2013,0.395,-0.700155,False,False,False,False,False,0.442526,0.637561,0.352221
aloh3_conc,100,2013,0.375,-0.840339,False,False,False,False,False,0.42902,0.637561,0.352221
aloh3_conc,101,2013,0.665,1.192321,False,False,False,False,False,0.476216,0.637561,0.352221
aloh3_conc,102,2013,0.36,-0.945476,False,False,False,False,False,0.452973,0.637561,0.352221
aloh3_conc,103,2013,0.47,-0.174467,False,False,False,False,False,0.456378,0.637561,0.352221
aloh3_conc,104,2013,0.65,1.087184,False,False,False,False,False,0.495103,0.637561,0.352221
aloh3_conc,105,2013,0.655,1.12223,False,False,False,False,False,0.527082,0.637561,0.352221
aloh3_conc,106,2013,0.265,-1.611348,False,False,False,False,False,0.474666,0.637561,0.352221
aloh3_conc,107,2013,0.535,0.281129,False,False,False,False,False,0.486733,0.637561,0.352221
aloh3_conc,108,2013,0.605,0.771771,False,False,False,False,False,0.510386,0.637561,0.352221
aloh3_conc,109,2013,0.62,0.876908,False,False,False,False,False,0.532309,0.637561,0.352221
aloh3_conc,110,2013,0.335,-1.120706,False,False,False,False,False,0.492847,0.637561,0.352221
aloh3_conc,111,2013,0.605,0.771771,False,False,False,False,False,0.515278,0.637561,0.352221
aloh3_conc,112,2013,0.425,-0.48988,False,False,False,False,False,0.497222,0.637561,0.352221
aloh3_conc,113,2013,0.22,-1.926761,False,False,False,False,False,0.441778,0.637561,0.352221
aloh3_conc,114,2013,0.415,-0.559972,False,False,False,False,False,0.436422,0.637561,0.352221
aloh3_conc,115,2013,0.81,2.208651,False,False,False,False,False,0.511138,0.637561,0.352221
aloh3_conc,116,2013,0.415,-0.559972,False,False,False,False,False,0.49191,0.637561,0.352221
aloh3_conc,117,2013,0.455,-0.279605,False,False,False,False,False,0.484528,0.637561,0.352221
aloh3_conc,118,2013,0.675,1.262413,False,False,False,False,False,0.522623,0.637561,0.352221
aloh3_conc,119,2013,0.37,-0.875385,False,False,False,False,False,0.492098,0.637561,0.352221
aloh3_conc,120,2013,0.555,0.421312,False,False,False,False,False,0.504678,0.637561,0.352221
aloh3_conc,121,2013,0.705,1.472688,False,False,False,False,False,0.544743,0.637561,0.352221
aloh3_conc,122,2013,0.43,-0.454834,False,False,False,False,False,0.521794,0.637561,0.352221
aloh3_conc,123,2013,0.63,0.947,False,False,False,False,False,0.543435,0.637561,0.352221
aloh3_conc,124,2013,0.495,0.000762,False,False,False,False,False,0.533748,0.637561,0.352221
aloh3_conc,125,2013,0.34,-1.08566,False,False,False,False,False,0.494999,0.637561,0.352221
aloh3_conc,126,2013,0.505,0.070854,False,False,False,False,False,0.496999,0.637561,0.352221
aloh3_conc,127,2013,0.455,-0.279605,False,False,False,False,False,0.488599,0.637561,0.352221
aloh3_conc,128,2013,0.36,-0.945476,False,False,False,False,False,0.462879,0.637561,0.352221
aloh3_conc,129,2013,0.64,1.017092,False,False,False,False,False,0.498303,0.637561,0.352221
aloh3_conc,130,2013,0.5,0.035808,False,False,False,False,False,0.498643,0.637561,0.352221
aloh3_conc,131,2013,0.61,0.806817,False,False,False,False,False,0.520914,0.637561,0.352221
aloh3_conc,132,2013,0.455,-0.279605,False,False,False,False,False,0.507731,0.637561,0.352221
aloh3_conc,133,2013,0.295,-1.401073,False,False,False,False,False,0.465185,0.637561,0.352221
aloh3_conc,134,2013,0.68,1.297459,False,False,False,False,False,0.508148,0.637561,0.352221
aloh3_conc,135,2014,0.395,-0.700155,False,False,False,False,False,0.485518,0.637561,0.352221
aloh3_conc,136,2014,0.475,-0.139422,False,False,False,False,False,0.483415,0.637561,0.352221
aloh3_conc,137,2014,0.625,0.911954,False,False,False,False,False,0.511732,0.637561,0.352221
aloh3_conc,138,2014,0.32,-1.225843,False,False,False,False,False,0.473385,0.637561,0.352221
aloh3_conc,139,2014,0.74,1.718009,False,False,False,False,False,0.526708,0.637561,0.352221
aloh3_conc,140,2014,0.735,1.682963,False,False,False,False,False,0.568367,0.637561,0.352221
aloh3_conc,141,2014,0.535,0.281129,False,False,False,False,False,0.561693,0.637561,0.352221
aloh3_conc,142,2014,0.63,0.947,False,False,False,False,False,0.575355,0.637561,0.352221
aloh3_conc,143,2014,0.175,-2.242173,False,False,False,False,False,0.495284,0.637561,0.352221
aloh3_conc,144,2014,0.68,1.297459,False,False,False,False,False,0.532227,0.637561,0.352221
aloh3_conc,145,2014,0.46,-0.244559,False,False,False,False,False,0.517782,0.637561,0.352221
aloh3_conc,146,2014,0.755,1.823147,False,False,False,False,False,0.565225,0.637561,0.352221
aloh3_conc,147,2014,0.625,0.911954,False,False,False,False,False,0.57718,0.637561,0.352221
aloh3_conc,148,2014,0.405,-0.630064,False,False,False,False,False,0.542744,0.637561,0.352221
aloh3_conc,149,2014,0.635,0.982046,False,False,False,False,False,0.561195,0.637561,0.352221
aloh3_conc,150,2014,0.545,0.351221,False,False,False,False,False,0.557956,0.637561,0.352221
aloh3_conc,151,2014,0.37,-0.875385,False,False,False,False,False,0.520365,0.637561,0.352221
aloh3_conc,152,2014,0.52,0.175991,False,False,False,False,False,0.520292,0.637561,0.352221
aloh3_conc,153,2014,0.375,-0.840339,False,False,False,False,False,0.491234,0.637561,0.352221
aloh3_conc,154,2014,0.305,-1.330981,False,False,False,False,False,0.453987,0.637561,0.352221
aloh3_conc,155,2014,0.675,1.262413,False,False,False,False,False,0.49819,0.637561,0.352221
aloh3_conc,156,2014,0.81,2.208651,False,False,False,False,False,0.560552,0.637561,0.352221
aloh3_conc,157,2014,0.32,-1.225843,False,False,False,False,False,0.512441,0.637561,0.352221
aloh3_conc,158,2014,0.805,2.173605,False,False,False,True,False,0.570953,0.637561,0.352221
aloh3_conc,159,2014,0.445,-0.349697,False,False,False,False,False,0.545762,0.637561,0.352221
aloh3_conc,160,2014,0.625,0.911954,False,False,False,False,False,0.56161,0.637561,0.352221
aloh3_conc,161,2014,0.37,-0.875385,False,False,False,False,False,0.523288,0.637561,0.352221
aloh3_conc,162,2014,0.41,-0.595018,False,False,False,False,False,0.50063,0.637561,0.352221
aloh3_conc,163,2014,0.51,0.105899,False,False,False,False,False,0.502504,0.637561,0.352221
aloh3_conc,164,2014,0.395,-0.700155,False,False,False,False,False,0.481003,0.637561,0.352221
aloh3_conc,165,2014,0.595,0.701679,False,False,False,False,False,0.503803,0.637561,0.352221
aloh3_conc,166,2014,0.6,0.736725,False,False,False,False,False,0.523042,0.637561,0.352221
aloh3_conc,167,2014,0.785,2.033422,False,False,False,False,False,0.575434,0.637561,0.352221
aloh3_conc,168,2014,0.63,0.947,False,False,False,False,False,0.586347,0.637561,0.352221
aloh3_conc,169,2014,0.46,-0.244559,False,False,False,False,False,0.561078,0.637561,0.352221
aloh3_conc,170,2014,0.775,1.96333,False,False,False,False,False,0.603862,0.637561,0.352221
aloh3_conc,171,2014,0.625,0.911954,False,False,False,False,False,0.60809,0.637561,0.352221
aloh3_conc,172,2014,0.505,0.070854,False,False,False,False,False,0.587472,0.637561,0.352221
aloh3_conc,173,2014,0.67,1.227367,False,False,False,False,False,0.603977,0.637561,0.352221
aloh3_conc,174,2014,0.4,-0.66511,False,False,False,False,False,0.563182,0.637561,0.352221
aloh3_conc,175,2014,0.565,0.491404,False,False,False,False,False,0.563546,0.637561,0.352221
aloh3_conc,176,2014,0.595,0.701679,False,False,False,False,False,0.569836,0.637561,0.352221
aloh3_conc,177,2014,0.645,1.052138,False,False,False,False,False,0.584869,0.637561,0.352221
aloh3_conc,178,2014,0.505,0.070854,False,False,False,False,False,0.568895,0.637561,0.352221
aloh3_conc,179,2014,0.71,1.507734,False,False,False,False,False,0.597116,0.637561,0.352221
aloh3_conc,180,2014,0.515,0.140945,False,False,False,False,False,0.580693,0.637561,0.352221
aloh3_conc,181,2014,0.49,-0.034284,False,False,False,False,False,0.562554,0.637561,0.352221
aloh3_conc,182,2014,0.64,1.017092,False,False,False,False,False,0.578044,0.637561,0.352221
aloh3_conc,183,2014,0.37,-0.875385,False,False,False,False,False,0.536435,0.637561,0.352221
aloh3_conc,184,2015,0.645,1.052138,False,False,False,False,False,0.558148,0.637561,0.352221
aloh3_conc,185,2015,0.43,-0.454834,False,False,False,False,False,0.532518,0.637561,0.352221
aloh3_conc,186,2015,0.28,-1.50621,False,False,False,False,False,0.482015,0.637561,0.352221
aloh3_conc,187,2015,0.605,0.771771,False,False,False,False,False,0.506612,0.637561,0.352221
aloh3_conc,188,2015,0.745,1.753055,False,False,False,False,False,0.554289,0.637561,0.352221
aloh3_conc,189,2015,0.44,-0.384743,False,False,False,False,False,0.531431,0.637561,0.352221
aloh3_conc,190,2015,0.85,2.489018,False,False,False,False,False,0.595145,0.637561,0.352221
aloh3_conc,191,2015,0.64,1.017092,False,False,False,False,False,0.604116,0.637561,0.352221
aloh3_conc,192,2015,0.685,1.332505,False,False,False,False,False,0.620293,0.637561,0.352221
aloh3_conc,193,2015,0.675,1.262413,False,False,False,False,False,0.631234,0.637561,0.352221
aloh3_conc,194,2015,0.41,-0.595018,False,False,False,False,False,0.586987,0.637561,0.352221
aloh3_conc,195,2015,0.535,0.281129,False,False,False,False,False,0.57659,0.637561,0.352221
aloh3_conc,196,2015,0.42,-0.524926,False,False,False,False,False,0.545272,0.637561,0.352221
aloh3_conc,197,2015,0.42,-0.524926,False,False,False,False,False,0.520218,0.637561,0.352221
aloh3_conc,198,2015,0.525,0.211037,False,False,False,False,False,0.521174,0.637561,0.352221
aloh3_conc,199,2015,0.54,0.316175,False,False,False,False,False,0.524939,0.637561,0.352221
aloh3_conc,200,2015,0.51,0.105899,False,False,False,False,False,0.521951,0.637561,0.352221
aloh3_conc,201,2015,0.47,-0.174467,False,False,False,False,False,0.511561,0.637561,0.352221
aloh3_conc,202,2015,0.635,0.982046,False,False,False,False,False,0.536249,0.637561,0.352221
aloh3_conc,203,2015,0.415,-0.559972,False,False,False,False,False,0.511999,0.637561,0.352221
aloh3_conc,204,2015,0.445,-0.349697,False,False,False,False,False,0.498599,0.637561,0.352221
aloh3_conc,205,2015,0.455,-0.279605,False,False,False,False,False,0.489879,0.637561,0.352221
aloh3_conc,206,2015,0.345,-1.050614,False,False,False,False,False,0.460904,0.637561,0.352221
aloh3_conc,207,2015,0.555,0.421312,False,False,False,False,False,0.479723,0.637561,0.352221
aloh3_conc,208,2015,0.615,0.841863,False,False,False,False,False,0.506778,0.637561,0.352221
aloh3_conc,209,2015,0.4,-0.66511,False,False,False,False,False,0.485423,0.637561,0.352221
aloh3_conc,210,2015,0.65,1.087184,False,False,False,False,False,0.518338,0.637561,0.352221
aloh3_conc,211,2015,0.39,-0.735201,False,False,False,False,False,0.49267,0.637561,0.352221
aloh3_conc,212,2015,0.55,0.386266,False,False,False,False,False,0.504136,0.637561,0.352221
aloh3_conc,213,2015,0.63,0.947,False,False,False,False,False,0.529309,0.637561,0.352221
aloh3_conc,214,2015,0.375,-0.840339,False,False,False,False,False,0.498447,0.637561,0.352221
aloh3_conc,215,2015,0.39,-0.735201,False,False,False,False,False,0.476758,0.637561,0.352221
aloh3_conc,216,2015,0.515,0.140945,False,False,False,False,False,0.484406,0.637561,0.352221
aloh3_conc,217,2015,0.17,-2.277219,False,False,False,False,False,0.421525,0.637561,0.352221
aloh3_conc,218,2015,0.615,0.841863,False,False,False,False,False,0.46022,0.637561,0.352221
aloh3_conc,219,2015,0.535,0.281129,False,False,False,False,False,0.475176,0.637561,0.352221
aloh3_conc,220,2015,0.45,-0.314651,False,False,False,False,False,0.470141,0.637561,0.352221
aloh3_conc,221,2015,0.565,0.491404,False,False,False,False,False,0.489113,0.637561,0.352221
aloh3_conc,222,2015,0.465,-0.209513,False,False,False,False,False,0.48429,0.637561,0.352221
aloh3_conc,223,2015,0.535,0.281129,False,False,False,False,False,0.494432,0.637561,0.352221
aloh3_conc,224,2015,0.23,-1.856669,False,False,False,False,False,0.441546,0.637561,0.352221
aloh3_conc,225,2015,0.44,-0.384743,False,False,False,False,False,0.441237,0.637561,0.352221
aloh3_conc,226,2015,0.75,1.788101,False,False,False,False,False,0.502989,0.637561,0.352221
aloh3_conc,227,2015,0.345,-1.050614,False,False,False,False,False,0.471391,0.637561,0.352221
aloh3_conc,228,2015,0.365,-0.910431,False,False,False,False,False,0.450113,0.637561,0.352221
aloh3_conc,229,2015,0.14,-2.487494,False,False,False,False,False,0.38809,0.637561,0.352221
aloh3_conc,230,2015,0.34,-1.08566,False,False,False,False,False,0.378472,0.637561,0.352221
aloh3_conc,231,2015,0.345,-1.050614,False,False,False,False,False,0.371778,0.637561,0.352221
aloh3_conc,232,2015,0.57,0.52645,False,False,False,False,False,0.411422,0.637561,0.352221
aloh3_conc,233,2015,0.55,0.386266,False,False,False,False,False,0.439138,0.637561,0.352221
aloh3_conc,234,2015,0.57,0.52645,False,False,False,False,False,0.46531,0.637561,0.352221
aloh3_conc,235,2015,0.57,0.52645,False,False,False,False,False,0.486248,0.637561,0.352221
aloh3_conc,236,2015,0.47,-0.174467,False,False,False,False,False,0.482999,0.637561,0.352221
aloh3_conc,237,2015,0.43,-0.454834,False,False,False,False,False,0.472399,0.637561,0.352221
aloh3_conc,238,2015,0.36,-0.945476,False,False,False,False,False,0.449919,0.637561,0.352221
aloh3_conc,239,2015,0.765,1.893239,False,False,False,False,False,0.512935,0.637561,0.352221
aloh3_conc,240,2015,0.4,-0.66511,False,False,False,False,False,0.490348,0.637561,0.352221
aloh3_conc,241,2016,0.125,-2.592632,False,False,False,False,False,0.417279,0.637561,0.352221
aloh3_conc,242,2016,0.41,-0.595018,False,False,False,False,False,0.415823,0.637561,0.352221
aloh3_conc,243,2016,0.525,0.211037,False,False,False,False,False,0.437658,0.637561,0.352221
aloh3_conc,244,2016,0.215,-1.961807,False,False,False,False,False,0.393127,0.637561,0.352221
aloh3_conc,245,2016,0.415,-0.559972,False,False,False,False,False,0.397501,0.637561,0.352221
aloh3_conc,246,2016,0.455,-0.279605,False,False,False,False,False,0.409001,0.637561,0.352221
aloh3_conc,247,2016,0.52,0.175991,False,False,False,False,False,0.431201,0.637561,0.352221
aloh3_conc,248,2016,0.54,0.316175,False,False,False,False,False,0.452961,0.637561,0.352221
aloh3_conc,249,2016,0.67,1.227367,False,False,True,False,False,0.496369,0.637561,0.352221
aloh3_conc,250,2016,0.35,-1.015568,False,False,False,False,False,0.467095,0.637561,0.352221
aloh3_conc,251,2016,0.595,0.701679,False,False,False,False,False,0.492676,0.637561,0.352221
aloh3_conc,252,2016,0.52,0.175991,False,False,False,False,False,0.498141,0.637561,0.352221
aloh3_conc,253,2016,0.4,-0.66511,False,False,False,False,False,0.478513,0.637561,0.352221
aloh3_conc,254,2016,0.25,-1.716485,False,False,False,False,False,0.43281,0.637561,0.352221
aloh3_conc,255,2016,0.505,0.070854,False,False,False,False,False,0.447248,0.637561,0.352221
aloh3_conc,256,2016,0.39,-0.735201,False,False,False,False,False,0.435798,0.637561,0.352221
aloh3_conc,257,2016,0.595,0.701679,False,False,False,False,False,0.467639,0.637561,0.352221
aloh3_conc,258,2016,0.44,-0.384743,False,False,False,False,False,0.462111,0.637561,0.352221
aloh3_conc,259,2016,0.595,0.701679,False,False,False,False,False,0.488689,0.637561,0.352221
aloh3_conc,260,2016,0.53,0.246083,False,False,False,False,False,0.496951,0.637561,0.352221
aloh3_conc,261,2016,0.33,-1.155752,False,False,False,False,False,0.463561,0.637561,0.352221
aloh3_conc,262,2016,0.36,-0.945476,False,False,False,False,False,0.442849,0.637561,0.352221
aloh3_conc,263,2016,0.455,-0.279605,False,False,False,False,False,0.445279,0.637561,0.352221
aloh3_conc,264,2016,0.34,-1.08566,False,False,False,False,False,0.424223,0.637561,0.352221
aloh3_conc,265,2016,0.5,0.035808,False,False,False,False,False,0.439379,0.637561,0.352221
aloh3_conc,266,2016,0.395,-0.700155,False,False,False,False,False,0.430503,0.637561,0.352221
aloh3_conc,267,2016,0.255,-1.68144,False,False,False,False,False,0.395402,0.637561,0.352221
aloh3_conc,268,2016,0.565,0.491404,False,False,False,False,False,0.429322,0.637561,0.352221
aloh3_conc,269,2016,0.475,-0.139422,False,False,False,False,False,0.438457,0.637561,0.352221
aloh3_conc,270,2016,0.665,1.192321,False,False,False,False,False,0.483766,0.637561,0.352221
aloh3_conc,271,2016,0.315,-1.260889,False,False,False,False,False,0.450013,0.637561,0.352221
aloh3_conc,272,2016,0.48,-0.104376,False,False,False,False,False,0.45601,0.637561,0.352221
aloh3_conc,273,2016,0.36,-0.945476,False,False,False,False,False,0.436808,0.637561,0.352221
aloh3_conc,274,2016,0.27,-1.576302,False,False,False,False,False,0.403447,0.637561,0.352221
aloh3_conc,275,2016,0.495,0.000762,False,False,False,False,False,0.421757,0.637561,0.352221
aloh3_conc,276,2016,0.335,-1.120706,False,False,False,False,False,0.404406,0.637561,0.352221
aloh3_conc,277,2016,0.585,0.631587,False,False,False,False,False,0.440525,0.637561,0.352221
aloh3_conc,278,2016,0.65,1.087184,False,False,False,False,False,0.48242,0.637561,0.352221
aloh3_conc,279,2016,0.65,1.087184,False,False,False,False,False,0.515936,0.637561,0.352221
aloh3_conc,280,2016,0.29,-1.436119,False,False,False,False,False,0.470749,0.637561,0.352221
aloh3_conc,281,2016,0.305,-1.330981,False,False,False,False,False,0.437599,0.637561,0.352221
aloh3_conc,282,2016,0.535,0.281129,False,False,False,False,False,0.457079,0.637561,0.352221
aloh3_conc,283,2016,0.47,-0.174467,False,False,False,False,False,0.459663,0.637561,0.352221
aloh3_conc,284,2016,0.545,0.351221,False,False,False,False,False,0.476731,0.637561,0.352221
aloh3_conc,285,2016,0.645,1.052138,False,False,False,False,False,0.510385,0.637561,0.352221
aloh3_conc,286,2016,0.785,2.033422,False,False,False,False,False,0.565308,0.637561,0.352221
aloh3_conc,287,2016,0.48,-0.104376,False,False,False,False,False,0.548246,0.637561,0.352221
aloh3_conc,288,2016,0.33,-1.155752,False,False,False,False,False,0.504597,0.637561,0.352221
aloh3_conc,289,2016,0.455,-0.279605,False,False,False,False,False,0.494677,0.637561,0.352221
aloh3_conc,290,2016,0.41,-0.595018,False,False,False,False,False,0.477742,0.637561,0.352221
aloh3_conc,291,2016,0.565,0.491404,False,False,False,False,False,0.495194,0.637561,0.352221
aloh3_conc,292,2016,0.495,0.000762,False,False,False,False,False,0.495155,0.637561,0.352221
aloh3_conc,293,2016,0.55,0.386266,False,False,False,False,False,0.506124,0.637561,0.352221
aloh3_conc,294,2016,0.345,-1.050614,False,False,False,False,False,0.473899,0.637561,0.352221
aloh3_conc,295,2016,0.315,-1.260889,False,False,False,False,False,0.442119,0.637561,0.352221
aloh3_conc,296,2016,0.63,0.947,False,False,False,False,False,0.479695,0.637561,0.352221
aloh3_conc,297,2016,0.665,1.192321,False,False,False,False,False,0.516756,0.637561,0.352221
aloh3_conc,298,2016,0.19,-2.137036,False,False,False,False,False,0.451405,0.637561,0.352221
aloh3_conc,299,2016,0.51,0.105899,False,False,False,False,False,0.463124,0.637561,0.352221
aloh3_conc,300,2016,0.155,-2.382357,False,False,False,True,False,0.401499,0.637561,0.352221
aloh3_conc,301,2016,0.575,0.561496,False,False,False,False,False,0.436199,0.637561,0.352221
aloh3_conc,302,2017,0.275,-1.541256,False,False,False,False,False,0.40396,0.637561,0.352221
aloh3_conc,303,2017,0.5,0.035808,False,False,False,False,False,0.423168,0.637561,0.352221
aloh3_conc,304,2017,0.47,-0.174467,False,False,False,False,False,0.432534,0.637561,0.352221
aloh3_conc,305,2017,0.34,-1.08566,False,False,False,False,False,0.414027,0.637561,0.352221
aloh3_conc,306,2017,0.595,0.701679,False,False,False,False,False,0.450222,0.637561,0.352221
aloh3_conc,307,2017,0.69,1.367551,False,False,False,False,False,0.498177,0.637561,0.352221
aloh3_conc,308,2017,0.515,0.140945,False,False,False,False,False,0.501542,0.637561,0.352221
aloh3_conc,309,2017,0.29,-1.436119,False,False,False,False,False,0.459234,0.637561,0.352221
aloh3_conc,310,2017,0.32,-1.225843,False,False,False,False,False,0.431387,0.637561,0.352221
aloh3_conc,311,2017,0.575,0.561496,False,False,False,False,False,0.460109,0.637561,0.352221
aloh3_conc,312,2017,0.325,-1.190798,False,False,False,False,False,0.433088,0.637561,0.352221
aloh3_conc,313,2017,0.52,0.175991,False,False,False,False,False,0.45047,0.637561,0.352221
aloh3_conc,314,2017,0.385,-0.770247,False,False,False,False,False,0.437376,0.637561,0.352221
aloh3_conc,315,2017,0.525,0.211037,False,False,False,False,False,0.454901,0.637561,0.352221
aloh3_conc,316,2017,0.535,0.281129,False,False,False,False,False,0.470921,0.637561,0.352221
aloh3_conc,317,2017,0.605,0.771771,False,False,False,False,False,0.497737,0.637561,0.352221
aloh3_conc,318,2017,0.245,-1.751531,False,False,False,False,False,0.447189,0.637561,0.352221
aloh3_conc,319,2017,0.325,-1.190798,False,False,False,False,False,0.422751,0.637561,0.352221
aloh3_conc,320,2017,0.615,0.841863,False,False,False,False,False,0.461201,0.637561,0.352221
aloh3_conc,321,2017,0.23,-1.856669,False,False,False,False,False,0.414961,0.637561,0.352221
aloh3_conc,322,2017,0.35,-1.015568,False,False,False,False,False,0.401969,0.637561,0.352221
aloh3_conc,323,2017,0.49,-0.034284,False,False,False,False,False,0.419575,0.637561,0.352221
aloh3_conc,324,2017,0.495,0.000762,False,False,False,False,False,0.43466,0.637561,0.352221
aloh3_conc,325,2017,0.3,-1.366027,False,False,False,False,False,0.407728,0.637561,0.352221
aloh3_conc,326,2017,0.4,-0.66511,False,False,False,False,False,0.406182,0.637561,0.352221
aloh3_conc,327,2017,0.635,0.982046,False,False,False,False,False,0.451946,0.637561,0.352221
aloh3_conc,328,2017,0.5,0.035808,False,False,False,False,False,0.461557,0.637561,0.352221
aloh3_conc,329,2017,0.415,-0.559972,False,False,False,False,False,0.452245,0.637561,0.352221
aloh3_conc,330,2017,0.52,0.175991,False,False,False,False,False,0.465796,0.637561,0.352221
aloh3_conc,331,2017,0.6,0.736725,False,False,False,False,False,0.492637,0.637561,0.352221
aloh3_conc,332,2017,0.415,-0.559972,False,False,False,False,False,0.47711,0.637561,0.352221
aloh3_conc,333,2017,0.28,-1.50621,False,False,False,False,False,0.437688,0.637561,0.352221
aloh3_conc,334,2017,0.59,0.666633,False,False,False,False,False,0.46815,0.637561,0.352221
aloh3_conc,335,2017,0.68,1.297459,False,False,False,False,False,0.51052,0.637561,0.352221
aloh3_conc,336,2017,0.57,0.52645,False,False,False,False,False,0.522416,0.637561,0.352221
aloh3_conc,337,2017,0.645,1.052138,False,False,False,False,False,0.546933,0.637561,0.352221
aloh3_conc,338,2017,0.26,-1.646394,False,False,False,False,False,0.489546,0.637561,0.352221
aloh3_conc,339,2017,0.72,1.577826,False,False,False,False,False,0.535637,0.637561,0.352221
aloh3_conc,340,2017,0.635,0.982046,False,False,False,False,False,0.55551,0.637561,0.352221
aloh3_conc,341,2017,0.635,0.982046,False,False,False,False,False,0.571408,0.637561,0.352221
aloh3_conc,342,2017,0.62,0.876908,False,False,False,False,False,0.581126,0.637561,0.352221
aloh3_conc,343,2017,0.465,-0.209513,False,False,False,False,False,0.557901,0.637561,0.352221
aloh3_conc,344,2017,0.735,1.682963,False,False,False,False,False,0.593321,0.637561,0.352221
aloh3_conc,345,2017,0.66,1.157275,False,False,False,False,False,0.606657,0.637561,0.352221
aloh3_conc,346,2017,0.715,1.54278,False,False,False,False,False,0.628325,0.637561,0.352221
aloh3_conc,347,2017,0.55,0.386266,False,False,False,False,False,0.61266,0.637561,0.352221
aloh3_conc,348,2017,0.875,2.664248,False,False,False,False,True,0.665128,0.637561,0.352221
aloh3_conc,349,2017,0.345,-1.050614,False,False,False,False,False,0.601103,0.637561,0.352221
aloh3_conc,350,2017,0.68,1.297459,False,False,False,False,False,0.616882,0.637561,0.352221
aloh3_conc,351,2017,0.49,-0.034284,False,False,False,False,False,0.591506,0.637561,0.352221
aloh3_conc,352,2017,0.645,1.052138,False,False,False,False,False,0.602205,0.637561,0.352221
aloh3_conc,353,2017,0.05,-3.11832,True,False,False,False,False,0.491764,0.637561,0.352221
aloh3_conc,354,2017,0.47,-0.174467,False,False,False,False,False,0.487411,0.637561,0.352221
aloh3_conc,355,2017,0.77,1.928284,False,False,False,False,False,0.543929,0.637561,0.352221
aloh3_conc,356,2017,0.42,-0.524926,False,False,False,False,False,0.519143,0.637561,0.352221
aloh3_conc,357,2018,0.51,0.105899,False,False,False,False,False,0.517314,0.637561,0.352221
aloh3_conc,358,2018,0.665,1.192321,False,False,False,False,False,0.546851,0.637561,0.352221
aloh3_conc,359,2018,0.565,0.491404,False,False,False,False,False,0.550481,0.637561,0.352221
aloh3_conc,360,2018,0.465,-0.209513,False,False,False,False,False,0.533385,0.637561,0.352221
aloh3_conc,361,2018,0.56,0.456358,False,False,False,False,False,0.538708,0.637561,0.352221
aloh3_conc,362,2018,0.43,-0.454834,False,False,False,False,False,0.516966,0.637561,0.352221
aloh3_conc,363,2018,0.51,0.105899,False,False,False,False,False,0.515573,0.637561,0.352221
aloh3_conc,364,2018,0.445,-0.349697,False,False,False,False,False,0.501458,0.637561,0.352221
aloh3_conc,365,2018,0.24,-1.786577,False,False,False,False,False,0.449167,0.637561,0.352221
aloh3_conc,366,2018,0.795,2.103514,False,False,False,False,False,0.518333,0.637561,0.352221
aloh3_conc,367,2018,0.41,-0.595018,False,False,False,False,False,0.496667,0.637561,0.352221
aloh3_conc,368,2018,0.525,0.211037,False,False,False,False,False,0.502333,0.637561,0.352221
aloh3_conc,369,2018,0.315,-1.260889,False,False,False,False,False,0.464867,0.637561,0.352221
aloh3_conc,370,2018,0.235,-1.821623,False,False,False,False,False,0.418893,0.637561,0.352221
aloh3_conc,371,2018,0.5,0.035808,False,False,False,False,False,0.435115,0.637561,0.352221
aloh3_conc,372,2018,0.655,1.12223,False,False,False,False,False,0.479092,0.637561,0.352221
aloh3_conc,373,2018,0.445,-0.349697,False,False,False,False,False,0.472273,0.637561,0.352221
aloh3_conc,374,2018,0.405,-0.630064,False,False,False,False,False,0.458819,0.637561,0.352221
aloh3_conc,375,2018,0.295,-1.401073,False,False,False,False,False,0.426055,0.637561,0.352221
aloh3_conc,376,2018,0.36,-0.945476,False,False,False,False,False,0.412844,0.637561,0.352221
aloh3_conc,377,2018,0.355,-0.980522,False,False,False,False,False,0.401275,0.637561,0.352221
aloh3_conc,378,2018,0.23,-1.856669,False,False,False,False,False,0.36702,0.637561,0.352221
aloh3_conc,379,2018,0.455,-0.279605,False,False,False,False,False,0.384616,0.637561,0.352221
aloh3_conc,380,2018,0.54,0.316175,False,False,False,False,False,0.415693,0.637561,0.352221
aloh3_conc,381,2018,0.71,1.507734,False,False,False,False,False,0.474554,0.637561,0.352221
aloh3_conc,382,2018,0.305,-1.330981,False,False,False,False,False,0.440643,0.637561,0.352221
aloh3_conc,383,2018,0.655,1.12223,False,False,False,False,False,0.483515,0.637561,0.352221
aloh3_conc,384,2018,0.485,-0.06933,False,False,False,False,False,0.483812,0.637561,0.352221
aloh3_conc,385,2018,0.41,-0.595018,False,False,False,False,False,0.469049,0.637561,0.352221
aloh3_conc,386,2018,0.455,-0.279605,False,False,False,False,False,0.46624,0.637561,0.352221
aloh3_conc,387,2018,0.44,-0.384743,False,False,False,False,False,0.460992,0.637561,0.352221
aloh3_conc,388,2018,0.45,-0.314651,False,False,False,False,False,0.458793,0.637561,0.352221
aloh3_conc,389,2018,0.81,2.208651,False,False,False,False,False,0.529035,0.637561,0.352221
aloh3_conc,390,2018,0.545,0.351221,False,False,False,False,False,0.532228,0.637561,0.352221
aloh3_conc,391,2018,0.66,1.157275,False,False,False,False,False,0.557782,0.637561,0.352221
aloh3_conc,392,2018,0.535,0.281129,False,False,False,False,False,0.553226,0.637561,0.352221
aloh3_conc,393,2018,0.385,-0.770247,False,False,False,False,False,0.519581,0.637561,0.352221
aloh3_conc,394,2018,0.425,-0.48988,False,False,False,False,False,0.500664,0.637561,0.352221
aloh3_conc,395,2018,0.36,-0.945476,False,False,False,False,False,0.472532,0.637561,0.352221
aloh3_conc,396,2018,0.57,0.52645,False,False,False,False,False,0.492025,0.637561,0.352221
aloh3_conc,397,2018,0.375,-0.840339,False,False,False,False,False,0.46862,0.637561,0.352221
aloh3_conc,398,2018,0.73,1.647917,False,False,False,False,False,0.520896,0.637561,0.352221
aloh3_conc,399,2018,0.31,-1.295935,False,False,False,False,False,0.478717,0.637561,0.352221
aloh3_conc,400,2018,0.38,-0.805293,False,False,False,False,False,0.458974,0.637561,0.352221
aloh3_conc,401,2018,0.36,-0.945476,False,False,False,False,False,0.439179,0.637561,0.352221
aloh3_conc,402,2018,0.52,0.175991,False,False,False,False,False,0.455343,0.637561,0.352221
aloh3_conc,403,2018,0.515,0.140945,False,False,False,False,False,0.467274,0.637561,0.352221
aloh3_conc,404,2018,0.295,-1.401073,False,False,False,False,False,0.43282,0.637561,0.352221
aloh3_conc,405,2018,0.45,-0.314651,False,False,False,False,False,0.436256,0.637561,0.352221
aloh3_conc,406,2018,0.435,-0.419788,False,False,False,False,False,0.436005,0.637561,0.352221
aloh3_conc,407,2018,0.615,0.841863,False,False,False,False,False,0.471804,0.637561,0.352221
aloh3_conc,408,2018,0.68,1.297459,False,False,False,False,False,0.513443,0.637561,0.352221
aloh3_conc,409,2018,0.425,-0.48988,False,False,False,False,False,0.495754,0.637561,0.352221
aloh3_conc,410,2018,0.54,0.316175,False,False,False,False,False,0.504603,0.637561,0.352221
aloh3_conc,411,2018,0.19,-2.137036,False,False,False,False,False,0.441683,0.637561,0.352221
aloh3_conc,412,2018,0.7,1.437642,False,False,False,False,False,0.493346,0.637561,0.352221
aloh3_conc,413,2018,0.465,-0.209513,False,False,False,False,False,0.487677,0.637561,0.352221
aloh3_conc,414,2018,0.405,-0.630064,False,False,False,False,False,0.471142,0.637561,0.352221
aloh3_conc,415,2019,0.33,-1.155752,False,False,False,False,False,0.442913,0.637561,0.352221
aloh3_conc,416,2019,0.27,-1.576302,False,False,False,False,False,0.408331,0.637561,0.352221
aloh3_conc,417,2019,0.47,-0.174467,False,False,False,False,False,0.420664,0.637561,0.352221
aloh3_conc,418,2019,0.675,1.262413,False,False,False,False,False,0.471532,0.637561,0.352221
aloh3_conc,419,2019,0.53,0.246083,False,False,False,False,False,0.483225,0.637561,0.352221
aloh3_conc,420,2019,0.49,-0.034284,False,False,False,False,False,0.48458,0.637561,0.352221
aloh3_conc,421,2019,0.47,-0.174467,False,False,False,False,False,0.481664,0.637561,0.352221
aloh3_conc,422,2019,0.395,-0.700155,False,False,False,False,False,0.464331,0.637561,0.352221
aloh3_conc,423,2019,0.345,-1.050614,False,False,True,False,False,0.440465,0.637561,0.352221
aloh3_conc,424,2019,0.515,0.140945,False,False,False,False,False,0.455372,0.637561,0.352221
aloh3_conc,425,2019,0.68,1.297459,False,False,False,False,False,0.500298,0.637561,0.352221
aloh3_conc,426,2019,0.355,-0.980522,False,False,False,False,False,0.471238,0.637561,0.352221
aloh3_conc,427,2019,0.375,-0.840339,False,False,False,False,False,0.45199,0.637561,0.352221
aloh3_conc,428,2019,0.355,-0.980522,False,False,False,False,False,0.432592,0.637561,0.352221
aloh3_conc,429,2019,0.61,0.806817,False,False,False,False,False,0.468074,0.637561,0.352221
aloh3_conc,430,2019,0.26,-1.646394,False,False,False,False,False,0.426459,0.637561,0.352221
aloh3_conc,431,2019,0.635,0.982046,False,False,False,False,False,0.468167,0.637561,0.352221
aloh3_conc,432,2019,0.44,-0.384743,False,False,False,False,False,0.462534,0.637561,0.352221
aloh3_conc,433,2019,0.34,-1.08566,False,False,False,False,False,0.438027,0.637561,0.352221
aloh3_conc,434,2019,0.545,0.351221,False,False,False,False,False,0.459422,0.637561,0.352221
aloh3_conc,435,2019,0.46,-0.244559,False,False,False,False,False,0.459537,0.637561,0.352221
aloh3_conc,436,2019,0.725,1.612872,False,False,False,False,False,0.51263,0.637561,0.352221
aloh3_conc,437,2019,0.43,-0.454834,False,False,False,False,False,0.496104,0.637561,0.352221
aloh3_conc,438,2019,0.71,1.507734,False,False,False,False,False,0.538883,0.637561,0.352221
aloh3_conc,439,2019,0.615,0.841863,False,False,False,False,False,0.554106,0.637561,0.352221
aloh3_conc,440,2019,0.74,1.718009,False,False,False,False,False,0.591285,0.637561,0.352221
aloh3_conc,441,2019,0.575,0.561496,False,False,False,False,False,0.588028,0.637561,0.352221
aloh3_conc,442,2019,0.41,-0.595018,False,False,False,False,False,0.552423,0.637561,0.352221
aloh3_conc,443,2019,0.52,0.175991,False,False,False,False,False,0.545938,0.637561,0.352221
aloh3_conc,444,2019,0.3,-1.366027,False,False,False,False,False,0.49675,0.637561,0.352221
aloh3_conc,445,2019,0.655,1.12223,False,False,False,False,False,0.5284,0.637561,0.352221
aloh3_conc,446,2019,0.355,-0.980522,False,False,False,False,False,0.49372,0.637561,0.352221
aloh3_conc,447,2019,0.585,0.631587,False,False,False,False,False,0.511976,0.637561,0.352221
aloh3_conc,448,2019,0.595,0.701679,False,False,False,False,False,0.528581,0.637561,0.352221
aloh3_conc,449,2019,0.66,1.157275,False,False,False,False,False,0.554865,0.637561,0.352221
aloh3_conc,450,2019,0.46,-0.244559,False,False,False,False,False,0.535892,0.637561,0.352221
aloh3_conc,451,2019,0.545,0.351221,False,False,False,False,False,0.537713,0.637561,0.352221
aloh3_conc,452,2019,0.55,0.386266,False,False,False,False,False,0.540171,0.637561,0.352221
aloh3_conc,453,2019,0.52,0.175991,False,False,False,False,False,0.536137,0.637561,0.352221
aloh3_conc,454,2019,0.565,0.491404,False,False,False,False,False,0.541909,0.637561,0.352221
aloh3_conc,455,2019,0.415,-0.559972,False,False,False,False,False,0.516527,0.637561,0.352221
aloh3_conc,456,2019,0.38,-0.805293,False,False,False,False,False,0.489222,0.637561,0.352221
aloh3_conc,457,2019,0.54,0.316175,False,False,False,False,False,0.499378,0.637561,0.352221
aloh3_conc,458,2019,0.475,-0.139422,False,False,False,False,False,0.494502,0.637561,0.352221
aloh3_conc,459,2019,0.515,0.140945,False,False,False,False,False,0.498602,0.637561,0.352221
aloh3_conc,460,2019,0.4,-0.66511,False,False,False,False,False,0.478881,0.637561,0.352221
aloh3_conc,461,2019,0.67,1.227367,False,False,False,False,False,0.517105,0.637561,0.352221
aloh3_conc,462,2019,0.605,0.771771,False,False,False,False,False,0.534684,0.637561,0.352221
aloh3_conc,463,2019,0.28,-1.50621,False,False,False,False,False,0.483747,0.637561,0.352221
aloh3_conc,464,2019,0.73,1.647917,False,False,False,False,False,0.532998,0.637561,0.352221
aloh3_conc,465,2020,0.34,-1.08566,False,False,False,False,False,0.494398,0.637561,0.352221
aloh3_conc,466,2020,0.39,-0.735201,False,False,False,False,False,0.473519,0.637561,0.352221
aloh3_conc,467,2020,0.39,-0.735201,False,False,False,False,False,0.456815,0.637561,0.352221
aloh3_conc,468,2020,0.645,1.052138,False,False,False,False,False,0.494452,0.637561,0.352221
aloh3_conc,469,2020,0.535,0.281129,False,False,False,False,False,0.502562,0.637561,0.352221
aloh3_conc,470,2020,0.385,-0.770247,False,False,False,False,False,0.479049,0.637561,0.352221
aloh3_conc,471,2020,0.37,-0.875385,False,False,False,False,False,0.457239,0.637561,0.352221
aloh3_conc,472,2020,0.485,-0.06933,False,False,False,False,False,0.462791,0.637561,0.352221
aloh3_conc,473,2020,0.465,-0.209513,False,False,False,False,False,0.463233,0.637561,0.352221
aloh3_conc,474,2020,0.375,-0.840339,False,False,False,False,False,0.445587,0.637561,0.352221
aloh3_conc,475,2020,0.615,0.841863,False,False,False,False,False,0.479469,0.637561,0.352221
aloh3_conc,476,2020,0.66,1.157275,False,False,False,False,False,0.515575,0.637561,0.352221
aloh3_conc,477,2020,0.555,0.421312,False,False,False,False,False,0.52346,0.637561,0.352221
aloh3_conc,478,2020,0.56,0.456358,False,False,False,False,False,0.530768,0.637561,0.352221
aloh3_conc,479,2020,0.215,-1.961807,False,False,False,False,False,0.467615,0.637561,0.352221
aloh3_conc,480,2020,0.245,-1.751531,False,False,False,False,False,0.423092,0.637561,0.352221
aloh3_conc,481,2020,0.81,2.208651,False,False,False,False,False,0.500473,0.637561,0.352221
aloh3_conc,482,2020,0.355,-0.980522,False,False,False,False,False,0.471379,0.637561,0.352221
aloh3_conc,483,2020,0.61,0.806817,False,False,False,False,False,0.499103,0.637561,0.352221
aloh3_conc,484,2020,0.34,-1.08566,False,False,False,False,False,0.467282,0.637561,0.352221
aloh3_conc,485,2020,0.41,-0.595018,False,False,False,False,False,0.455826,0.637561,0.352221
aloh3_conc,486,2020,0.45,-0.314651,False,False,False,False,False,0.454661,0.637561,0.352221
aloh3_conc,487,2020,0.62,0.876908,False,False,False,False,False,0.487729,0.637561,0.352221
aloh3_conc,488,2020,0.67,1.227367,False,False,False,False,False,0.524183,0.637561,0.352221
aloh3_conc,489,2020,0.525,0.211037,False,False,False,False,False,0.524346,0.637561,0.352221
aloh3_conc,490,2020,0.26,-1.646394,False,False,False,False,False,0.471477,0.637561,0.352221
aloh3_conc,491,2020,0.39,-0.735201,False,False,False,False,False,0.455182,0.637561,0.352221
aloh3_conc,492,2020,0.675,1.262413,False,False,False,False,False,0.499145,0.637561,0.352221
aloh3_conc,493,2020,0.545,0.351221,False,False,False,False,False,0.508316,0.637561,0.352221
aloh3_conc,494,2020,0.45,-0.314651,False,False,False,False,False,0.496653,0.637561,0.352221
aloh3_conc,495,2020,0.565,0.491404,False,False,False,False,False,0.510322,0.637561,0.352221
aloh3_conc,496,2020,0.525,0.211037,False,False,False,False,False,0.513258,0.637561,0.352221
aloh3_conc,497,2020,0.525,0.211037,False,False,False,False,False,0.515606,0.637561,0.352221
aloh3_conc,498,2020,0.465,-0.209513,False,False,False,False,False,0.505485,0.637561,0.352221
aloh3_conc,499,2020,0.61,0.806817,False,False,False,False,False,0.526388,0.637561,0.352221
aloh3_conc,500,2020,0.7,1.437642,False,False,False,False,False,0.56111,0.637561,0.352221
aloh3_conc,501,2020,0.6,0.736725,False,False,False,False,False,0.568888,0.637561,0.352221
aloh3_conc,502,2020,0.515,0.140945,False,False,False,False,False,0.558111,0.637561,0.352221
aloh3_conc,503,2020,0.52,0.175991,False,False,False,False,False,0.550489,0.637561,0.352221
aloh3_conc,504,2020,0.525,0.211037,False,False,False,False,False,0.545391,0.637561,0.352221
aloh3_conc,505,2020,0.49,-0.034284,False,False,False,False,False,0.534313,0.637561,0.352221
aloh3_conc,506,2020,0.645,1.052138,False,False,False,False,False,0.55645,0.637561,0.352221
aloh3_conc,507,2021,0.55,0.386266,False,False,False,False,False,0.55516,0.637561,0.352221
aloh3_conc,508,2021,0.795,2.103514,False,False,False,False,False,0.603128,0.637561,0.352221
aloh3_conc,509,2021,0.48,-0.104376,False,False,False,False,False,0.578502,0.637561,0.352221
aloh3_conc,510,2021,0.71,1.507734,False,False,False,False,False,0.604802,0.637561,0.352221
aloh3_conc,511,2021,0.545,0.351221,False,False,False,False,False,0.592842,0.637561,0.352221
aloh3_conc,512,2021,0.665,1.192321,False,False,False,False,False,0.607273,0.637561,0.352221
aloh3_conc,513,2021,0.415,-0.559972,False,False,False,False,False,0.568819,0.637561,0.352221
aloh3_conc,514,2021,0.41,-0.595018,False,False,False,False,False,0.537055,0.637561,0.352221
aloh3_conc,515,2021,0.515,0.140945,False,False,False,False,False,0.532644,0.637561,0.352221
aloh3_conc,516,2021,0.28,-1.50621,False,False,False,False,False,0.482115,0.637561,0.352221
aloh3_conc,517,2021,0.575,0.561496,False,False,False,False,False,0.500692,0.637561,0.352221
aloh3_conc,518,2021,0.425,-0.48988,False,False,False,False,False,0.485554,0.637561,0.352221
aloh3_conc,519,2021,0.655,1.12223,False,False,False,False,False,0.519443,0.637561,0.352221
aloh3_conc,520,2021,0.42,-0.524926,False,False,False,False,False,0.499554,0.637561,0.352221
aloh3_conc,521,2021,0.545,0.351221,False,False,False,False,False,0.508643,0.637561,0.352221
aloh3_conc,522,2021,0.785,2.033422,False,False,False,False,False,0.563915,0.637561,0.352221
aloh3_conc,523,2021,0.225,-1.891715,False,False,False,False,False,0.496132,0.637561,0.352221
aloh3_conc,524,2021,0.705,1.472688,False,False,False,False,False,0.537905,0.637561,0.352221
aloh3_conc,525,2021,0.45,-0.314651,False,False,False,False,False,0.520324,0.637561,0.352221
aloh3_conc,526,2021,0.63,0.947,False,False,False,False,False,0.542259,0.637561,0.352221
aloh3_conc,527,2021,0.73,1.647917,False,False,False,False,False,0.579808,0.637561,0.352221
aloh3_conc,528,2021,0.34,-1.08566,False,False,False,False,False,0.531846,0.637561,0.352221
aloh3_conc,529,2021,0.55,0.386266,False,False,False,False,False,0.535477,0.637561,0.352221
aloh3_conc,530,2021,0.44,-0.384743,False,False,False,False,False,0.516381,0.637561,0.352221
aloh3_conc,531,2021,0.48,-0.104376,False,False,False,False,False,0.509105,0.637561,0.352221
aloh3_conc,532,2021,0.305,-1.330981,False,False,False,False,False,0.468284,0.637561,0.352221
aloh3_conc,533,2021,0.38,-0.805293,False,False,False,False,False,0.450627,0.637561,0.352221
aloh3_conc,534,2021,0.49,-0.034284,False,False,False,False,False,0.458502,0.637561,0.352221
aloh3_conc,535,2021,0.59,0.666633,False,False,False,False,False,0.484801,0.637561,0.352221
aloh3_conc,536,2021,0.335,-1.120706,False,False,False,False,False,0.454841,0.637561,0.352221
aloh3_conc,537,2021,0.51,0.105899,False,False,False,False,False,0.465873,0.637561,0.352221
aloh3_conc,538,2021,0.625,0.911954,False,False,False,False,False,0.497698,0.637561,0.352221
aloh3_conc,539,2021,0.52,0.175991,False,False,False,False,False,0.502159,0.637561,0.352221
aloh3_conc,540,2021,0.635,0.982046,False,False,False,False,False,0.528727,0.637561,0.352221
aloh3_conc,541,2021,0.64,1.017092,False,False,False,False,False,0.550982,0.637561,0.352221
aloh3_conc,542,2021,0.39,-0.735201,False,False,False,False,False,0.518785,0.637561,0.352221
aloh3_conc,543,2022,0.385,-0.770247,False,False,False,False,False,0.492028,0.637561,0.352221
aloh3_conc,544,2022,0.355,-0.980522,False,False,False,False,False,0.464623,0.637561,0.352221
aloh3_conc,545,2022,0.685,1.332505,False,False,False,False,False,0.508698,0.637561,0.352221
aloh3_conc,546,2022,0.515,0.140945,False,False,False,False,False,0.509958,0.637561,0.352221
aloh3_conc,547,2022,0.31,-1.295935,False,False,False,False,False,0.469967,0.637561,0.352221
aloh3_conc,548,2022,0.375,-0.840339,False,False,False,False,False,0.450973,0.637561,0.352221
aloh3_conc,549,2022,0.5,0.035808,False,False,False,False,False,0.460779,0.637561,0.352221
aloh3_conc,550,2022,0.6,0.736725,False,False,False,False,False,0.488623,0.637561,0.352221
aloh3_conc,551,2022,0.54,0.316175,False,False,False,False,False,0.498898,0.637561,0.352221
aloh3_conc,552,2022,0.445,-0.349697,False,False,False,False,False,0.488119,0.637561,0.352221
aloh3_conc,553,2022,0.56,0.456358,False,False,False,False,False,0.502495,0.637561,0.352221
aloh3_conc,554,2022,0.44,-0.384743,False,False,False,False,False,0.489996,0.637561,0.352221
aloh3_conc,555,2022,0.685,1.332505,False,False,False,False,False,0.528997,0.637561,0.352221
aloh3_conc,556,2022,0.375,-0.840339,False,False,False,False,False,0.498197,0.637561,0.352221
aloh3_conc,557,2022,0.465,-0.209513,False,False,False,False,False,0.491558,0.637561,0.352221
aloh3_conc,558,2022,0.3,-1.366027,False,False,False,False,False,0.453246,0.637561,0.352221
aloh3_conc,559,2022,0.4,-0.66511,False,False,False,False,False,0.442597,0.637561,0.352221
aloh3_conc,560,2022,0.65,1.087184,False,False,False,False,False,0.484078,0.637561,0.352221
aloh3_conc,561,2022,0.505,0.070854,False,False,False,False,False,0.488262,0.637561,0.352221
aloh3_conc,562,2022,0.635,0.982046,False,False,False,False,False,0.51761,0.637561,0.352221
aloh3_conc,563,2022,0.645,1.052138,False,False,False,False,False,0.543088,0.637561,0.352221
aloh3_conc,564,2022,0.285,-1.471164,False,False,False,False,False,0.49147,0.637561,0.352221
aloh3_conc,565,2022,0.37,-0.875385,False,False,False,False,False,0.467176,0.637561,0.352221
aloh3_conc,566,2022,0.53,0.246083,False,False,False,False,False,0.479741,0.637561,0.352221
aloh3_conc,567,2022,0.44,-0.384743,False,False,False,False,False,0.471793,0.637561,0.352221
aloh3_conc,568,2022,0.38,-0.805293,False,False,False,False,False,0.453434,0.637561,0.352221
aloh3_conc,569,2022,0.345,-1.050614,False,False,False,False,False,0.431747,0.637561,0.352221
aloh3_conc,570,2022,0.405,-0.630064,False,False,False,False,False,0.426398,0.637561,0.352221
aloh3_conc,571,2022,0.55,0.386266,False,False,False,False,False,0.451118,0.637561,0.352221
aloh3_conc,572,2022,0.3,-1.366027,False,False,False,False,False,0.420895,0.637561,0.352221
aloh3_conc,573,2022,0.465,-0.209513,False,False,False,False,False,0.429716,0.637561,0.352221
aloh3_conc,574,2022,0.375,-0.840339,False,False,False,False,False,0.418773,0.637561,0.352221
aloh3_conc,575,2022,0.515,0.140945,False,False,False,False,False,0.438018,0.637561,0.352221
aloh3_conc,576,2022,0.69,1.367551,False,False,False,False,False,0.488414,0.637561,0.352221
aloh3_conc,577,2022,0.825,2.313789,False,False,False,False,False,0.555732,0.637561,0.352221
aloh3_conc,578,2022,0.545,0.351221,False,False,False,False,False,0.553585,0.637561,0.352221
aloh3_conc,579,2022,0.37,-0.875385,False,False,False,False,False,0.516868,0.637561,0.352221
aloh3_conc,580,2022,0.28,-1.50621,False,False,False,False,False,0.469495,0.637561,0.352221
aloh3_conc,581,2022,0.36,-0.945476,False,False,False,False,False,0.447596,0.637561,0.352221
aloh3_conc,582,2022,0.47,-0.174467,False,False,False,False,False,0.452077,0.637561,0.352221
aloh3_conc,583,2022,0.33,-1.155752,False,False,False,False,False,0.427661,0.637561,0.352221
aloh3_conc,584,2022,0.32,-1.225843,False,False,False,False,False,0.406129,0.637561,0.352221
aloh3_conc,585,2022,0.36,-0.945476,False,False,False,False,False,0.396903,0.637561,0.352221
aloh3_conc,586,2022,0.545,0.351221,False,False,False,False,False,0.426523,0.637561,0.352221
aloh3_conc,587,2022,0.365,-0.910431,False,False,False,False,False,0.414218,0.637561,0.352221
aloh3_conc,588,2022,0.5,0.035808,False,False,False,False,False,0.431374,0.637561,0.352221
aloh3_conc,589,2022,0.505,0.070854,False,False,False,False,False,0.4461,0.637561,0.352221
aloh3_conc,590,2023,0.38,-0.805293,False,False,False,False,False,0.43288,0.637561,0.352221
aloh3_conc,591,2023,0.63,0.947,False,False,False,False,False,0.472304,0.637561,0.352221
aloh3_conc,592,2023,0.665,1.192321,False,False,False,False,False,0.510843,0.637561,0.352221
aloh3_conc,593,2023,0.305,-1.330981,False,False,False,False,False,0.469674,0.637561,0.352221
aloh3_conc,594,2023,0.35,-1.015568,False,False,False,False,False,0.445739,0.637561,0.352221
aloh3_conc,595,2023,0.46,-0.244559,False,False,False,False,False,0.448592,0.637561,0.352221
aloh3_conc,596,2023,0.575,0.561496,False,False,False,False,False,0.473873,0.637561,0.352221
aloh3_conc,597,2023,0.565,0.491404,False,False,False,False,False,0.492099,0.637561,0.352221
aloh3_conc,598,2023,0.665,1.192321,False,False,False,False,False,0.526679,0.637561,0.352221
aloh3_conc,599,2023,0.45,-0.314651,False,False,False,False,False,0.511343,0.637561,0.352221
aloh3_conc,600,2023,0.56,0.456358,False,False,False,False,False,0.521074,0.637561,0.352221
aloh3_conc,601,2024,0.515,0.140945,False,False,False,False,False,0.51986,0.637561,0.352221
aloh3_conc,602,2024,0.41,-0.595018,False,False,False,False,False,0.497888,0.637561,0.352221
aloh3_conc,603,2024,0.69,1.367551,False,False,False,False,False,0.53631,0.637561,0.352221
aloh3_conc,604,2024,0.185,-2.172082,False,False,False,False,False,0.466048,0.637561,0.352221
aloh3_conc,605,2024,0.255,-1.68144,False,False,False,False,False,0.423838,0.637561,0.352221
aloh3_conc,606,2024,0.59,0.666633,False,False,False,False,False,0.457071,0.637561,0.352221
aloh3_conc,607,2024,0.645,1.052138,False,False,False,False,False,0.494657,0.637561,0.352221
aloh3_conc,608,2024,0.515,0.140945,False,False,False,False,False,0.498725,0.637561,0.352221
aloh3_conc,609,2024,0.355,-0.980522,False,False,False,False,False,0.46998,0.637561,0.352221
aloh3_conc,610,2024,0.605,0.771771,False,False,False,False,False,0.496984,0.637561,0.352221
aloh3_conc,611,2024,0.785,2.033422,False,False,False,False,False,0.554587,0.637561,0.352221
aloh3_conc,612,2024,0.6,0.736725,False,False,False,False,False,0.56367,0.637561,0.352221
aloh3_conc,613,2024,0.45,-0.314651,False,False,False,False,False,0.540936,0.637561,0.352221
aloh3_conc,614,2024,0.42,-0.524926,False,False,False,False,False,0.516749,0.637561,0.352221
aloh3_conc,615,2024,0.635,0.982046,False,False,False,False,False,0.540399,0.637561,0.352221
aloh3_conc,616,2024,0.22,-1.926761,False,False,False,False,False,0.476319,0.637561,0.352221
aloh3_conc,617,2024,0.675,1.262413,False,False,False,False,False,0.516055,0.637561,0.352221
aloh3_conc,618,2024,0.415,-0.559972,False,False,False,False,False,0.495844,0.637561,0.352221
aloh3_conc,619,2024,0.445,-0.349697,False,False,False,False,False,0.485675,0.637561,0.352221
aloh3_conc,620,2024,0.625,0.911954,False,False,False,False,False,0.51354,0.637561,0.352221
aloh3_conc,621,2024,0.755,1.823147,False,False,False,False,False,0.561832,0.637561,0.352221
aloh3_conc,622,2024,0.48,-0.104376,False,False,False,False,False,0.545466,0.637561,0.352221
aloh3_conc,623,2024,0.67,1.227367,False,False,False,False,False,0.570373,0.637561,0.352221
aloh3_conc,624,2024,0.4,-0.66511,False,False,False,False,False,0.536298,0.637561,0.352221
aloh3_conc,625,2024,0.6,0.736725,False,False,False,False,False,0.549038,0.637561,0.352221
aloh3_conc,626,2024,0.695,1.402596,False,False,False,False,False,0.578231,0.637561,0.352221
aloh3_conc,627,2024,0.62,0.876908,False,False,False,False,False,0.586585,0.637561,0.352221
aloh3_conc,628,2024,0.49,-0.034284,False,False,False,False,False,0.567268,0.637561,0.352221
aloh3_conc,629,2024,0.42,-0.524926,False,False,False,False,False,0.537814,0.637561,0.352221
aloh3_conc,630,2024,0.23,-1.856669,False,False,False,False,False,0.476251,0.637561,0.352221
aloh3_conc,631,2024,0.57,0.52645,False,False,False,False,False,0.495001,0.637561,0.352221
aloh3_conc,632,2024,0.59,0.666633,False,False,False,False,False,0.514001,0.637561,0.352221
aloh3_conc,633,2024,0.6,0.736725,False,False,False,False,False,0.531201,0.637561,0.352221
aloh3_conc,634,2024,0.545,0.351221,False,False,False,False,False,0.533961,0.637561,0.352221
aloh3_conc,635,2024,0.41,-0.595018,False,False,False,False,False,0.509168,0.637561,0.352221
aloh3_conc,636,2024,0.555,0.421312,False,False,False,False,False,0.518335,0.637561,0.352221
aloh3_conc,637,2024,0.685,1.332505,False,False,False,False,False,0.551668,0.637561,0.352221
aloh3_conc,638,2024,0.3,-1.366027,False,False,False,False,False,0.501334,0.637561,0.352221
aloh3_conc,639,2024,0.595,0.701679,False,False,False,False,False,0.520067,0.637561,0.352221
aloh3_conc,640,2024,0.545,0.351221,False,False,False,False,False,0.525054,0.637561,0.352221
aloh3_conc,641,2024,0.375,-0.840339,False,False,False,False,False,0.495043,0.637561,0.352221
aloh3_conc,642,2024,0.25,-1.716485,False,False,False,False,False,0.446035,0.637561,0.352221
aloh3_conc,643,2024,0.52,0.175991,False,False,False,False,False,0.460828,0.637561,0.352221
aloh3_conc,644,2024,0.43,-0.454834,False,False,False,False,False,0.454662,0.637561,0.352221
aloh3_conc,645,2024,0.465,-0.209513,False,False,False,False,False,0.45673,0.637561,0.352221
aloh3_conc,646,2024,0.38,-0.805293,False,False,False,False,False,0.441384,0.637561,0.352221
aloh3_conc,647,2024,0.415,-0.559972,False,False,False,False,False,0.436107,0.637561,0.352221
aloh3_conc,648,2024,0.725,1.612872,False,False,False,False,False,0.493886,0.637561,0.352221
aloh3_conc,649,2024,0.32,-1.225843,False,False,False,False,False,0.459108,0.637561,0.352221
aloh3_conc,650,2024,0.745,1.753055,False,False,False,False,False,0.516287,0.637561,0.352221
aloh3_conc,651,2024,0.285,-1.471164,False,False,False,False,False,0.470029,0.637561,0.352221
aloh3_conc,652,2024,0.285,-1.471164,False,False,False,False,False,0.433024,0.637561,0.352221
aloh3_conc,653,2024,0.475,-0.139422,False,False,False,False,False,0.441419,0.637561,0.352221
aloh3_conc,654,2024,0.635,0.982046,False,False,False,False,False,0.480135,0.637561,0.352221
aloh3_conc,655,2024,0.515,0.140945,False,False,False,False,False,0.487108,0.637561,0.352221
aloh3_conc,656,2024,0.715,1.54278,False,False,False,False,False,0.532686,0.637561,0.352221
aloh3_conc,657,2024,0.55,0.386266,False,False,False,False,False,0.536149,0.637561,0.352221
aloh3_conc,658,2024,0.695,1.402596,False,False,False,False,False,0.567919,0.637561,0.352221
aloh3_conc,659,2024,0.63,0.947,False,False,False,False,False,0.580335,0.637561,0.352221
aloh3_conc,660,2024,0.52,0.175991,False,False,False,False,False,0.568268,0.637561,0.352221
aloh3_conc,661,2024,0.56,0.456358,False,False,False,False,False,0.566615,0.637561,0.352221
aloh3_conc,662,2024,0.595,0.701679,False,True,False,False,False,0.572292,0.637561,0.352221
aloh3_conc,663,2024,0.795,2.103514,False,True,False,False,False,0.616833,0.637561,0.352221
aloh3_conc,664,2024,0.705,1.472688,False,True,False,False,False,0.634467,0.637561,0.352221
aloh3_conc,665,2024,0.415,-0.559972,False,False,False,False,False,0.590573,0.637561,0.352221
aloh3_conc,666,2024,0.36,-0.945476,False,False,False,False,False,0.544459,0.637561,0.352221
aloh3_conc,667,2024,0.405,-0.630064,False,False,False,False,False,0.516567,0.637561,0.352221
aloh3_conc,668,2024,0.495,0.000762,False,False,False,False,False,0.512254,0.637561,0.352221
aloh3_conc,669,2024,0.485,-0.06933,False,False,False,False,False,0.506803,0.637561,0.352221
aloh3_conc,670,2024,0.295,-1.401073,False,False,False,False,False,0.464442,0.637561,0.352221
aloh3_conc,671,2024,0.375,-0.840339,False,False,False,False,False,0.446554,0.637561,0.352221
aloh3_conc,672,2024,0.54,0.316175,False,False,False,False,False,0.465243,0.637561,0.352221
aloh3_conc,673,2024,0.565,0.491404,False,False,False,False,False,0.485194,0.637561,0.352221
aloh3_conc,674,2024,0.565,0.491404,False,False,False,False,False,0.501156,0.637561,0.352221
aloh3_conc,675,2024,0.605,0.771771,False,False,False,False,False,0.521924,0.637561,0.352221
aloh3_conc,676,2024,0.545,0.351221,False,False,False,False,False,0.52654,0.637561,0.352221
aloh3_conc,677,2024,0.485,-0.06933,False,False,False,False,False,0.518232,0.637561,0.352221
aloh3_conc,678,2024,0.37,-0.875385,False,False,False,False,False,0.488585,0.637561,0.352221
aloh3_conc,679,2024,0.655,1.12223,False,False,False,False,False,0.521868,0.637561,0.352221
aloh3_conc,680,2024,0.55,0.386266,False,False,False,False,False,0.527495,0.637561,0.352221
aloh3_conc,681,2024,0.315,-1.260889,False,False,False,False,False,0.484996,0.637561,0.352221
aloh3_conc,682,2024,0.4,-0.66511,False,False,False,False,False,0.467997,0.637561,0.352221
aloh3_conc,683,2024,0.33,-1.155752,False,False,False,False,False,0.440397,0.637561,0.352221
aloh3_conc,684,2024,0.175,-2.242173,False,False,False,False,False,0.387318,0.637561,0.352221
aloh3_conc,685,2024,0.355,-0.980522,False,False,False,False,False,0.380854,0.637561,0.352221
aloh3_conc,686,2024,0.4,-0.66511,False,False,False,False,False,0.384683,0.637561,0.352221
aloh3_conc,687,2024,0.49,-0.034284,False,False,False,False,False,0.405747,0.637561,0.352221
aloh3_conc,688,2024,0.285,-1.471164,False,False,False,False,False,0.381597,0.637561,0.352221
aloh3_conc,689,2024,0.485,-0.06933,False,True,False,False,False,0.402278,0.637561,0.352221
aloh3_conc,690,2025,0.555,0.421312,False,False,False,False,False,0.432822,0.637561,0.352221
aloh3_conc,691,2025,0.815,2.243697,False,False,False,False,False,0.509258,0.637561,0.352221
aloh3_conc,692,2025,0.655,1.12223,False,False,False,False,False,0.538406,0.637561,0.352221
aloh3_conc,693,2025,0.455,-0.279605,False,False,False,False,False,0.521725,0.637561,0.352221
aloh3_conc,694,2025,0.61,0.806817,False,False,False,False,False,0.53938,0.637561,0.352221
aloh3_conc,695,2025,0.555,0.421312,False,False,False,False,False,0.542504,0.637561,0.352221
aloh3_conc,696,2025,0.405,-0.630064,False,False,False,False,False,0.515003,0.637561,0.352221
aloh3_conc,697,2025,0.61,0.806817,False,False,False,False,False,0.534003,0.637561,0.352221
aloh3_conc,698,2025,0.345,-1.050614,False,False,False,False,False,0.496202,0.637561,0.352221
aloh3_conc,699,2025,0.355,-0.980522,False,False,False,False,False,0.467962,0.637561,0.352221
aloh3_conc,700,2025,0.41,-0.595018,False,False,False,False,False,0.456369,0.637561,0.352221
aloh3_conc,701,2025,0.52,0.175991,False,False,False,False,False,0.469095,0.637561,0.352221
aloh3_conc,702,2025,0.59,0.666633,False,False,False,False,False,0.493276,0.637561,0.352221
aloh3_conc,703,2025,0.51,0.105899,False,False,False,False,False,0.496621,0.637561,0.352221
aloh3_conc,704,2025,0.72,1.577826,False,False,False,False,False,0.541297,0.637561,0.352221
aloh3_conc,705,2025,0.435,-0.419788,False,False,False,False,False,0.520037,0.637561,0.352221
aloh3_conc,706,2025,0.345,-1.050614,False,False,False,False,False,0.48503,0.637561,0.352221
aloh3_conc,707,2025,0.61,0.806817,False,False,False,False,False,0.510024,0.637561,0.352221
aloh3_conc,708,2025,0.425,-0.48988,False,False,False,False,False,0.493019,0.637561,0.352221
aloh3_conc,709,2025,0.545,0.351221,False,False,False,False,False,0.503415,0.637561,0.352221
aloh3_conc,710,2025,0.435,-0.419788,False,False,False,False,False,0.489732,0.637561,0.352221
aloh3_conc,711,2025,0.4,-0.66511,False,False,False,False,False,0.471786,0.637561,0.352221
aloh3_conc,712,2025,0.43,-0.454834,False,False,False,False,False,0.463429,0.637561,0.352221
aloh3_conc,713,2025,0.615,0.841863,False,False,False,False,False,0.493743,0.637561,0.352221
aloh3_conc,714,2025,0.615,0.841863,False,False,False,False,False,0.517994,0.637561,0.352221
aloh3_conc,715,2025,0.205,-2.031898,False,False,False,False,False,0.455395,0.637561,0.352221
aloh3_conc,716,2025,0.56,0.456358,False,False,False,False,False,0.476316,0.637561,0.352221
aloh3_conc,717,2025,0.57,0.52645,False,False,False,False,False,0.495053,0.637561,0.352221
aloh3_conc,718,2025,0.625,0.911954,False,False,False,False,False,0.521042,0.637561,0.352221
aloh3_conc,719,2025,0.505,0.070854,False,False,False,False,False,0.517834,0.637561,0.352221
aloh3_conc,720,2025,0.73,1.647917,False,False,False,False,False,0.560267,0.637561,0.352221
aloh3_conc,721,2025,0.425,-0.48988,False,False,False,False,False,0.533214,0.637561,0.352221
aloh3_conc,722,2025,0.63,0.947,False,False,False,False,False,0.552571,0.637561,0.352221
aloh3_conc,723,2025,0.795,2.103514,False,False,False,False,False,0.601057,0.637561,0.352221
aloh3_conc,724,2025,0.55,0.386266,False,False,False,False,False,0.590845,0.637561,0.352221
aloh3_conc,725,2025,0.38,-0.805293,False,False,False,False,False,0.548676,0.637561,0.352221
aloh3_conc,726,2025,0.59,0.666633,False,False,False,False,False,0.556941,0.637561,0.352221
aloh3_conc,727,2025,0.48,-0.104376,False,False,False,False,False,0.541553,0.637561,0.352221
aloh3_conc,728,2025,0.465,-0.209513,False,False,False,False,False,0.526242,0.637561,0.352221
aloh3_conc,729,2025,0.575,0.561496,False,False,False,False,False,0.535994,0.637561,0.352221
aloh3_conc,730,2025,0.185,-2.172082,False,False,False,False,False,0.465795,0.637561,0.352221
aloh3_conc,731,2025,0.395,-0.700155,False,False,False,False,False,0.451636,0.637561,0.352221
aloh3_conc,732,2025,0.5,0.035808,False,False,False,False,False,0.461309,0.637561,0.352221
aloh3_conc,733,2025,0.505,0.070854,False,False,False,False,False,0.470047,0.637561,0.352221
aloh3_conc,734,2025,0.47,-0.174467,False,False,False,False,False,0.470038,0.637561,0.352221
aloh3_conc,735,2025,0.53,0.246083,False,False,False,False,False,0.48203,0.637561,0.352221
aloh3_conc,736,2025,0.5,0.035808,False,False,False,False,False,0.485624,0.637561,0.352221
thiomersal_conc,1,2011,0.433333,-0.456132,False,False,False,False,False,0.489964,0.597237,0.411006
thiomersal_conc,2,2011,0.516667,0.080837,False,False,False,False,False,0.495304,0.623367,0.384876
thiomersal_conc,3,2011,0.35,-0.993101,False,False,False,False,False,0.466243,0.637429,0.370814
thiomersal_conc,4,2011,0.55,0.295625,False,False,False,False,False,0.482995,0.645698,0.362545
thiomersal_conc,5,2011,0.383333,-0.778313,False,False,False,False,False,0.463062,0.650745,0.357498
thiomersal_conc,6,2011,0.55,0.295625,False,False,False,False,False,0.48045,0.653886,0.354357
thiomersal_conc,7,2011,0.283333,-1.422676,False,False,False,False,False,0.441027,0.655862,0.35238
thiomersal_conc,8,2011,0.166667,-2.174432,False,False,False,False,False,0.386155,0.657114,0.351129
thiomersal_conc,9,2011,0.5,-0.026557,False,False,False,False,False,0.408924,0.657909,0.350333
thiomersal_conc,10,2011,0.5,-0.026557,False,False,False,False,False,0.427139,0.658416,0.349826
thiomersal_conc,11,2011,0.4,-0.670919,False,False,False,False,False,0.421711,0.65874,0.349503
thiomersal_conc,12,2011,0.45,-0.348738,False,False,False,False,False,0.427369,0.658947,0.349296
thiomersal_conc,13,2011,0.366667,-0.885707,False,False,False,False,False,0.415228,0.659079,0.349164
thiomersal_conc,14,2011,0.65,0.939987,False,False,False,False,False,0.462183,0.659163,0.349079
thiomersal_conc,15,2011,0.433333,-0.456132,False,False,False,False,False,0.456413,0.659217,0.349025
thiomersal_conc,16,2011,0.816667,2.013925,False,False,False,False,False,0.528464,0.659252,0.348991
thiomersal_conc,17,2011,0.483333,-0.13395,False,False,False,False,False,0.519438,0.659274,0.348969
thiomersal_conc,18,2011,0.683333,1.154775,False,False,False,False,False,0.552217,0.659288,0.348954
thiomersal_conc,19,2011,0.466667,-0.241344,False,False,False,False,False,0.535107,0.659297,0.348945
thiomersal_conc,20,2011,0.833333,2.121319,False,False,False,False,False,0.594752,0.659303,0.34894
thiomersal_conc,21,2011,0.383333,-0.778313,False,False,False,False,False,0.552468,0.659307,0.348936
thiomersal_conc,22,2011,0.516667,0.080837,False,False,False,False,False,0.545308,0.659309,0.348934
thiomersal_conc,23,2011,0.533333,0.188231,False,False,False,False,False,0.542913,0.659311,0.348932
thiomersal_conc,24,2011,0.6,0.617806,False,False,False,False,False,0.55433,0.659312,0.348931
thiomersal_conc,25,2011,0.55,0.295625,False,False,False,False,False,0.553464,0.659312,0.34893
thiomersal_conc,26,2011,0.65,0.939987,False,False,False,False,False,0.572771,0.659313,0.34893
thiomersal_conc,27,2011,0.666667,1.047381,False,False,False,False,False,0.591551,0.659313,0.34893
thiomersal_conc,28,2011,0.483333,-0.13395,False,False,False,False,False,0.569907,0.659313,0.34893
thiomersal_conc,29,2011,0.6,0.617806,False,False,False,False,False,0.575926,0.659313,0.348929
thiomersal_conc,30,2011,0.316667,-1.207888,False,False,False,False,False,0.524074,0.659313,0.348929
thiomersal_conc,31,2011,0.583333,0.510412,False,False,False,False,False,0.535926,0.659313,0.348929
thiomersal_conc,32,2011,0.783333,1.799138,False,False,False,False,False,0.585407,0.659313,0.348929
thiomersal_conc,33,2011,0.466667,-0.241344,False,False,False,False,False,0.561659,0.659313,0.348929
thiomersal_conc,34,2011,0.5,-0.026557,False,False,False,False,False,0.549327,0.659313,0.348929
thiomersal_conc,35,2011,0.616667,0.7252,False,False,False,False,False,0.562795,0.659313,0.348929
thiomersal_conc,36,2011,0.383333,-0.778313,False,False,False,False,False,0.526903,0.659313,0.348929
thiomersal_conc,37,2011,0.416667,-0.563526,False,False,False,False,False,0.504856,0.659313,0.348929
thiomersal_conc,38,2011,0.733333,1.476956,False,False,False,False,False,0.550551,0.659313,0.348929
thiomersal_conc,39,2012,0.633333,0.832594,False,False,False,False,False,0.567108,0.659313,0.348929
thiomersal_conc,40,2012,0.666667,1.047381,False,False,False,False,False,0.587019,0.659313,0.348929
thiomersal_conc,41,2012,0.55,0.295625,False,False,False,False,False,0.579616,0.659313,0.348929
thiomersal_conc,42,2012,0.516667,0.080837,False,False,False,False,False,0.567026,0.659313,0.348929
thiomersal_conc,43,2012,0.45,-0.348738,False,False,False,False,False,0.543621,0.659313,0.348929
thiomersal_conc,44,2012,0.683333,1.154775,False,False,False,False,False,0.571563,0.659313,0.348929
thiomersal_conc,45,2012,0.45,-0.348738,False,False,False,False,False,0.547251,0.659313,0.348929
thiomersal_conc,46,2012,0.466667,-0.241344,False,False,False,False,False,0.531134,0.659313,0.348929
thiomersal_conc,47,2012,0.433333,-0.456132,False,False,False,False,False,0.511574,0.659313,0.348929
thiomersal_conc,48,2012,0.35,-0.993101,False,False,False,False,False,0.479259,0.659313,0.348929
thiomersal_conc,49,2012,0.55,0.295625,False,False,False,False,False,0.493407,0.659313,0.348929
thiomersal_conc,50,2012,0.283333,-1.422676,False,False,False,False,False,0.451392,0.659313,0.348929
thiomersal_conc,51,2012,0.55,0.295625,False,False,False,False,False,0.471114,0.659313,0.348929
thiomersal_conc,52,2012,0.8,1.906531,False,False,False,False,False,0.536891,0.659313,0.348929
thiomersal_conc,53,2012,0.35,-0.993101,False,False,False,False,False,0.499513,0.659313,0.348929
thiomersal_conc,54,2012,0.55,0.295625,False,False,False,False,False,0.50961,0.659313,0.348929
thiomersal_conc,55,2012,0.533333,0.188231,False,False,False,False,False,0.514355,0.659313,0.348929
thiomersal_conc,56,2012,0.283333,-1.422676,False,False,False,False,False,0.468151,0.659313,0.348929
thiomersal_conc,57,2012,0.666667,1.047381,False,False,False,False,False,0.507854,0.659313,0.348929
thiomersal_conc,58,2012,0.433333,-0.456132,False,False,False,False,False,0.49295,0.659313,0.348929
thiomersal_conc,59,2012,0.533333,0.188231,False,False,False,False,False,0.501026,0.659313,0.348929
thiomersal_conc,60,2012,0.533333,0.188231,False,False,False,False,False,0.507488,0.659313,0.348929
thiomersal_conc,61,2012,0.416667,-0.563526,False,False,False,False,False,0.489324,0.659313,0.348929
thiomersal_conc,62,2012,0.483333,-0.13395,False,False,False,False,False,0.488126,0.659313,0.348929
thiomersal_conc,63,2012,0.733333,1.476956,False,False,False,False,False,0.537167,0.659313,0.348929
thiomersal_conc,64,2012,0.416667,-0.563526,False,False,False,False,False,0.513067,0.659313,0.348929
thiomersal_conc,65,2012,0.783333,1.799138,False,False,False,False,False,0.56712,0.659313,0.348929
thiomersal_conc,66,2012,0.65,0.939987,False,False,False,False,False,0.583696,0.659313,0.348929
thiomersal_conc,67,2012,0.733333,1.476956,False,False,False,False,False,0.613624,0.659313,0.348929
thiomersal_conc,68,2012,0.716667,1.369563,False,False,False,False,False,0.634232,0.659313,0.348929
thiomersal_conc,69,2012,0.833333,2.121319,False,False,False,False,True,0.674052,0.659313,0.348929
thiomersal_conc,70,2012,0.5,-0.026557,False,False,False,False,False,0.639242,0.659313,0.348929
thiomersal_conc,71,2012,0.45,-0.348738,False,False,False,False,False,0.601394,0.659313,0.348929
thiomersal_conc,72,2012,0.483333,-0.13395,False,False,False,False,False,0.577782,0.659313,0.348929
thiomersal_conc,73,2012,0.75,1.58435,False,False,False,False,False,0.612225,0.659313,0.348929
thiomersal_conc,74,2012,0.066667,-2.818795,False,False,False,False,False,0.503114,0.659313,0.348929
thiomersal_conc,75,2012,0.383333,-0.778313,False,False,False,False,False,0.479157,0.659313,0.348929
thiomersal_conc,76,2012,0.616667,0.7252,False,False,False,False,False,0.506659,0.659313,0.348929
thiomersal_conc,77,2012,0.833333,2.121319,False,False,False,False,False,0.571994,0.659313,0.348929
thiomersal_conc,78,2012,0.483333,-0.13395,False,False,False,False,False,0.554262,0.659313,0.348929
thiomersal_conc,79,2012,0.5,-0.026557,False,False,False,False,False,0.54341,0.659313,0.348929
thiomersal_conc,80,2012,0.566667,0.403019,False,False,False,False,False,0.548061,0.659313,0.348929
thiomersal_conc,81,2012,0.266667,-1.53007,False,False,False,False,False,0.491782,0.659313,0.348929
thiomersal_conc,82,2012,0.3,-1.315282,False,False,False,False,False,0.453426,0.659313,0.348929
thiomersal_conc,83,2013,0.466667,-0.241344,False,False,False,False,False,0.456074,0.659313,0.348929
thiomersal_conc,84,2013,0.366667,-0.885707,False,False,False,False,False,0.438192,0.659313,0.348929
thiomersal_conc,85,2013,0.45,-0.348738,False,False,False,False,False,0.440554,0.659313,0.348929
thiomersal_conc,86,2013,0.483333,-0.13395,False,False,False,False,False,0.44911,0.659313,0.348929
thiomersal_conc,87,2013,0.483333,-0.13395,False,False,False,False,False,0.455955,0.659313,0.348929
thiomersal_conc,88,2013,0.583333,0.510412,False,False,False,False,False,0.48143,0.659313,0.348929
thiomersal_conc,89,2013,0.45,-0.348738,False,False,False,False,False,0.475144,0.659313,0.348929
thiomersal_conc,90,2013,0.666667,1.047381,False,False,False,False,False,0.513449,0.659313,0.348929
thiomersal_conc,91,2013,0.45,-0.348738,False,False,False,False,False,0.500759,0.659313,0.348929
thiomersal_conc,92,2013,0.683333,1.154775,False,False,False,False,False,0.537274,0.659313,0.348929
thiomersal_conc,93,2013,0.75,1.58435,False,False,False,False,False,0.579819,0.659313,0.348929
thiomersal_conc,94,2013,0.583333,0.510412,False,False,False,False,False,0.580522,0.659313,0.348929
thiomersal_conc,95,2013,0.483333,-0.13395,False,False,False,False,False,0.561084,0.659313,0.348929
thiomersal_conc,96,2013,0.6,0.617806,False,False,False,False,False,0.568867,0.659313,0.348929
thiomersal_conc,97,2013,0.45,-0.348738,False,False,False,False,False,0.545094,0.659313,0.348929
thiomersal_conc,98,2013,0.45,-0.348738,False,False,False,False,False,0.526075,0.659313,0.348929
thiomersal_conc,99,2013,0.533333,0.188231,False,False,False,False,False,0.527527,0.659313,0.348929
thiomersal_conc,100,2013,0.75,1.58435,False,False,False,False,False,0.572021,0.659313,0.348929
thiomersal_conc,101,2013,0.433333,-0.456132,False,False,False,False,False,0.544284,0.659313,0.348929
thiomersal_conc,102,2013,0.5,-0.026557,False,False,False,False,False,0.535427,0.659313,0.348929
thiomersal_conc,103,2013,0.433333,-0.456132,False,False,False,False,False,0.515008,0.659313,0.348929
thiomersal_conc,104,2013,0.333333,-1.100494,False,False,False,False,False,0.478673,0.659313,0.348929
thiomersal_conc,105,2013,0.55,0.295625,False,False,False,False,False,0.492939,0.659313,0.348929
thiomersal_conc,106,2013,0.716667,1.369563,False,False,False,False,False,0.537684,0.659313,0.348929
thiomersal_conc,107,2013,0.416667,-0.563526,False,False,False,False,False,0.513481,0.659313,0.348929
thiomersal_conc,108,2013,0.466667,-0.241344,False,False,False,False,False,0.504118,0.659313,0.348929
thiomersal_conc,109,2013,0.533333,0.188231,False,False,False,False,False,0.509961,0.659313,0.348929
thiomersal_conc,110,2013,0.416667,-0.563526,False,False,False,False,False,0.491302,0.659313,0.348929
thiomersal_conc,111,2013,0.683333,1.154775,False,False,False,False,False,0.529708,0.659313,0.348929
thiomersal_conc,112,2013,0.4,-0.670919,False,False,False,False,False,0.503767,0.659313,0.348929
thiomersal_conc,113,2013,0.683333,1.154775,False,False,False,False,False,0.53968,0.659313,0.348929
thiomersal_conc,114,2013,0.15,-2.281826,False,False,False,False,False,0.461744,0.659313,0.348929
thiomersal_conc,115,2013,0.433333,-0.456132,False,False,False,False,False,0.456062,0.659313,0.348929
thiomersal_conc,116,2013,0.516667,0.080837,False,False,False,False,False,0.468183,0.659313,0.348929
thiomersal_conc,117,2013,0.433333,-0.456132,False,False,False,False,False,0.461213,0.659313,0.348929
thiomersal_conc,118,2013,0.516667,0.080837,False,False,False,False,False,0.472304,0.659313,0.348929
thiomersal_conc,119,2013,0.466667,-0.241344,False,False,False,False,False,0.471176,0.659313,0.348929
thiomersal_conc,120,2013,0.633333,0.832594,False,False,False,False,False,0.503608,0.659313,0.348929
thiomersal_conc,121,2013,0.533333,0.188231,False,False,False,False,False,0.509553,0.659313,0.348929
thiomersal_conc,122,2013,0.666667,1.047381,False,False,False,False,False,0.540976,0.659313,0.348929
thiomersal_conc,123,2013,0.733333,1.476956,False,False,False,False,False,0.579447,0.659313,0.348929
thiomersal_conc,124,2013,0.416667,-0.563526,False,False,False,False,False,0.546891,0.659313,0.348929
thiomersal_conc,125,2013,0.6,0.617806,False,False,False,False,False,0.557513,0.659313,0.348929
thiomersal_conc,126,2013,0.833333,2.121319,False,False,False,False,False,0.612677,0.659313,0.348929
thiomersal_conc,127,2013,0.45,-0.348738,False,False,False,False,False,0.580142,0.659313,0.348929
thiomersal_conc,128,2013,0.583333,0.510412,False,False,False,False,False,0.58078,0.659313,0.348929
thiomersal_conc,129,2013,0.55,0.295625,False,False,False,False,False,0.574624,0.659313,0.348929
thiomersal_conc,130,2013,0.533333,0.188231,False,False,False,False,False,0.566366,0.659313,0.348929
thiomersal_conc,131,2013,0.65,0.939987,False,False,False,False,False,0.583093,0.659313,0.348929
thiomersal_conc,132,2013,0.533333,0.188231,False,False,False,False,False,0.573141,0.659313,0.348929
thiomersal_conc,133,2013,0.716667,1.369563,False,False,False,False,False,0.601846,0.659313,0.348929
thiomersal_conc,134,2013,0.416667,-0.563526,False,False,False,False,False,0.56481,0.659313,0.348929
thiomersal_conc,135,2014,0.8,1.906531,False,False,False,False,False,0.611848,0.659313,0.348929
thiomersal_conc,136,2014,0.733333,1.476956,False,False,False,False,False,0.636145,0.659313,0.348929
thiomersal_conc,137,2014,0.683333,1.154775,False,False,False,False,False,0.645583,0.659313,0.348929
thiomersal_conc,138,2014,0.433333,-0.456132,False,False,False,False,False,0.603133,0.659313,0.348929
thiomersal_conc,139,2014,0.7,1.262169,False,False,False,False,False,0.622506,0.659313,0.348929
thiomersal_conc,140,2014,0.4,-0.670919,False,False,False,False,False,0.578005,0.659313,0.348929
thiomersal_conc,141,2014,0.516667,0.080837,False,False,False,False,False,0.565737,0.659313,0.348929
thiomersal_conc,142,2014,0.216667,-1.852251,False,False,False,False,False,0.495923,0.659313,0.348929
thiomersal_conc,143,2014,0.333333,-1.100494,False,False,False,False,False,0.463405,0.659313,0.348929
thiomersal_conc,144,2014,0.533333,0.188231,False,False,False,False,False,0.477391,0.659313,0.348929
thiomersal_conc,145,2014,0.683333,1.154775,False,False,False,False,False,0.518579,0.659313,0.348929
thiomersal_conc,146,2014,0.3,-1.315282,False,False,False,False,False,0.474863,0.659313,0.348929
thiomersal_conc,147,2014,0.516667,0.080837,False,False,False,False,False,0.483224,0.659313,0.348929
thiomersal_conc,148,2014,0.416667,-0.563526,False,False,False,False,False,0.469913,0.659313,0.348929
thiomersal_conc,149,2014,0.333333,-1.100494,False,False,False,False,False,0.442597,0.659313,0.348929
thiomersal_conc,150,2014,0.45,-0.348738,False,False,False,False,False,0.444077,0.659313,0.348929
thiomersal_conc,151,2014,0.533333,0.188231,False,False,False,False,False,0.461929,0.659313,0.348929
thiomersal_conc,152,2014,0.65,0.939987,False,False,False,False,False,0.499543,0.659313,0.348929
thiomersal_conc,153,2014,0.4,-0.670919,False,False,False,False,False,0.479634,0.659313,0.348929
thiomersal_conc,154,2014,0.266667,-1.53007,False,False,False,False,False,0.437041,0.659313,0.348929
thiomersal_conc,155,2014,0.383333,-0.778313,False,False,False,False,False,0.426299,0.659313,0.348929
thiomersal_conc,156,2014,0.433333,-0.456132,False,False,False,False,False,0.427706,0.659313,0.348929
thiomersal_conc,157,2014,0.533333,0.188231,False,False,False,False,False,0.448832,0.659313,0.348929
thiomersal_conc,158,2014,0.833333,2.121319,False,False,False,False,False,0.525732,0.659313,0.348929
thiomersal_conc,159,2014,0.45,-0.348738,False,False,False,False,False,0.510586,0.659313,0.348929
thiomersal_conc,160,2014,0.483333,-0.13395,False,False,False,False,False,0.505135,0.659313,0.348929
thiomersal_conc,161,2014,0.516667,0.080837,False,False,False,False,False,0.507441,0.659313,0.348929
thiomersal_conc,162,2014,0.616667,0.7252,False,False,False,False,False,0.529286,0.659313,0.348929
thiomersal_conc,163,2014,0.6,0.617806,False,False,False,False,False,0.543429,0.659313,0.348929
thiomersal_conc,164,2014,0.766667,1.691744,False,False,False,False,False,0.588077,0.659313,0.348929
thiomersal_conc,165,2014,0.566667,0.403019,False,False,False,False,False,0.583795,0.659313,0.348929
thiomersal_conc,166,2014,0.25,-1.637463,False,False,False,False,False,0.517036,0.659313,0.348929
thiomersal_conc,167,2014,0.566667,0.403019,False,False,False,False,False,0.526962,0.659313,0.348929
thiomersal_conc,168,2014,0.516667,0.080837,False,False,False,False,False,0.524903,0.659313,0.348929
thiomersal_conc,169,2014,0.616667,0.7252,False,False,False,False,False,0.543256,0.659313,0.348929
thiomersal_conc,170,2014,0.366667,-0.885707,False,False,False,False,False,0.507938,0.659313,0.348929
thiomersal_conc,171,2014,0.566667,0.403019,False,False,False,False,False,0.519684,0.659313,0.348929
thiomersal_conc,172,2014,0.5,-0.026557,False,False,False,False,False,0.515747,0.659313,0.348929
thiomersal_conc,173,2014,0.266667,-1.53007,False,False,False,False,False,0.465931,0.659313,0.348929
thiomersal_conc,174,2014,0.55,0.295625,False,False,False,False,False,0.482745,0.659313,0.348929
thiomersal_conc,175,2014,0.4,-0.670919,False,False,False,False,False,0.466196,0.659313,0.348929
thiomersal_conc,176,2014,0.4,-0.670919,False,False,False,False,False,0.452957,0.659313,0.348929
thiomersal_conc,177,2014,0.516667,0.080837,False,False,False,False,False,0.465699,0.659313,0.348929
thiomersal_conc,178,2014,0.75,1.58435,False,False,False,False,False,0.522559,0.659313,0.348929
thiomersal_conc,179,2014,0.266667,-1.53007,False,False,False,False,False,0.47138,0.659313,0.348929
thiomersal_conc,180,2014,0.6,0.617806,False,False,False,False,False,0.497104,0.659313,0.348929
thiomersal_conc,181,2014,0.45,-0.348738,False,False,False,False,False,0.487683,0.659313,0.348929
thiomersal_conc,182,2014,0.75,1.58435,False,False,False,False,False,0.540147,0.659313,0.348929
thiomersal_conc,183,2014,0.283333,-1.422676,False,False,False,False,False,0.488784,0.659313,0.348929
thiomersal_conc,184,2015,0.65,0.939987,False,False,False,False,False,0.521027,0.659313,0.348929
thiomersal_conc,185,2015,0.6,0.617806,False,False,False,False,False,0.536822,0.659313,0.348929
thiomersal_conc,186,2015,0.516667,0.080837,False,False,False,False,False,0.532791,0.659313,0.348929
thiomersal_conc,187,2015,0.616667,0.7252,False,False,False,False,False,0.549566,0.659313,0.348929
thiomersal_conc,188,2015,0.616667,0.7252,False,False,False,False,False,0.562986,0.659313,0.348929
thiomersal_conc,189,2015,0.766667,1.691744,False,False,False,False,False,0.603722,0.659313,0.348929
thiomersal_conc,190,2015,0.35,-0.993101,False,False,False,False,False,0.552978,0.659313,0.348929
thiomersal_conc,191,2015,0.333333,-1.100494,False,False,False,False,False,0.509049,0.659313,0.348929
thiomersal_conc,192,2015,0.466667,-0.241344,False,False,False,False,False,0.500572,0.659313,0.348929
thiomersal_conc,193,2015,0.45,-0.348738,False,False,False,False,False,0.490458,0.659313,0.348929
thiomersal_conc,194,2015,0.416667,-0.563526,False,False,False,False,False,0.4757,0.659313,0.348929
thiomersal_conc,195,2015,0.816667,2.013925,False,False,False,False,False,0.543893,0.659313,0.348929
thiomersal_conc,196,2015,0.833333,2.121319,False,False,False,True,False,0.601781,0.659313,0.348929
thiomersal_conc,197,2015,0.483333,-0.13395,False,False,False,True,False,0.578092,0.659313,0.348929
thiomersal_conc,198,2015,0.416667,-0.563526,False,False,False,False,False,0.545807,0.659313,0.348929
thiomersal_conc,199,2015,0.433333,-0.456132,False,False,False,False,False,0.523312,0.659313,0.348929
thiomersal_conc,200,2015,0.616667,0.7252,False,False,False,False,False,0.541983,0.659313,0.348929
thiomersal_conc,201,2015,0.5,-0.026557,False,False,False,False,False,0.533586,0.659313,0.348929
thiomersal_conc,202,2015,0.533333,0.188231,False,False,False,False,False,0.533536,0.659313,0.348929
thiomersal_conc,203,2015,0.366667,-0.885707,False,False,False,False,False,0.500162,0.659313,0.348929
thiomersal_conc,204,2015,0.5,-0.026557,False,False,False,False,False,0.50013,0.659313,0.348929
thiomersal_conc,205,2015,0.433333,-0.456132,False,False,False,False,False,0.48677,0.659313,0.348929
thiomersal_conc,206,2015,0.55,0.295625,False,False,False,False,False,0.499416,0.659313,0.348929
thiomersal_conc,207,2015,0.483333,-0.13395,False,False,False,False,False,0.4962,0.659313,0.348929
thiomersal_conc,208,2015,0.566667,0.403019,False,False,False,False,False,0.510293,0.659313,0.348929
thiomersal_conc,209,2015,0.566667,0.403019,False,False,False,False,False,0.521568,0.659313,0.348929
thiomersal_conc,210,2015,0.516667,0.080837,False,False,False,False,False,0.520588,0.659313,0.348929
thiomersal_conc,211,2015,0.466667,-0.241344,False,False,False,False,False,0.509803,0.659313,0.348929
thiomersal_conc,212,2015,0.416667,-0.563526,False,False,False,False,False,0.491176,0.659313,0.348929
thiomersal_conc,213,2015,0.083333,-2.711401,False,False,False,False,False,0.409607,0.659313,0.348929
thiomersal_conc,214,2015,0.4,-0.670919,False,False,False,False,False,0.407686,0.659313,0.348929
thiomersal_conc,215,2015,0.083333,-2.711401,False,False,False,True,True,0.342815,0.659313,0.348929
thiomersal_conc,216,2015,0.533333,0.188231,False,False,False,False,False,0.380919,0.659313,0.348929
thiomersal_conc,217,2015,0.416667,-0.563526,False,False,False,False,False,0.388069,0.659313,0.348929
thiomersal_conc,218,2015,0.516667,0.080837,False,False,False,False,False,0.413788,0.659313,0.348929
thiomersal_conc,219,2015,0.216667,-1.852251,False,False,False,False,False,0.374364,0.659313,0.348929
thiomersal_conc,220,2015,0.5,-0.026557,False,False,False,False,False,0.399491,0.659313,0.348929
thiomersal_conc,221,2015,0.333333,-1.100494,False,False,False,False,False,0.38626,0.659313,0.348929
thiomersal_conc,222,2015,0.716667,1.369563,False,False,False,False,False,0.452341,0.659313,0.348929
thiomersal_conc,223,2015,0.366667,-0.885707,False,False,False,False,False,0.435206,0.659313,0.348929
thiomersal_conc,224,2015,0.433333,-0.456132,False,False,False,False,False,0.434832,0.659313,0.348929
thiomersal_conc,225,2015,0.516667,0.080837,False,False,False,False,False,0.451199,0.659313,0.348929
thiomersal_conc,226,2015,0.65,0.939987,False,False,False,False,False,0.490959,0.659313,0.348929
thiomersal_conc,227,2015,0.7,1.262169,False,False,False,False,False,0.532767,0.659313,0.348929
thiomersal_conc,228,2015,0.833333,2.121319,False,False,True,False,False,0.59288,0.659313,0.348929
thiomersal_conc,229,2015,0.683333,1.154775,False,False,False,False,False,0.610971,0.659313,0.348929
thiomersal_conc,230,2015,0.666667,1.047381,False,False,False,False,False,0.62211,0.659313,0.348929
thiomersal_conc,231,2015,0.366667,-0.885707,False,False,False,False,False,0.571021,0.659313,0.348929
thiomersal_conc,232,2015,0.383333,-0.778313,False,False,False,False,False,0.533484,0.659313,0.348929
thiomersal_conc,233,2015,0.416667,-0.563526,False,False,False,False,False,0.51012,0.659313,0.348929
thiomersal_conc,234,2015,0.233333,-1.744857,False,False,False,False,False,0.454763,0.659313,0.348929
thiomersal_conc,235,2015,0.533333,0.188231,False,False,False,False,False,0.470477,0.659313,0.348929
thiomersal_conc,236,2015,0.616667,0.7252,False,False,False,False,False,0.499715,0.659313,0.348929
thiomersal_conc,237,2015,0.466667,-0.241344,False,False,False,False,False,0.493105,0.659313,0.348929
thiomersal_conc,238,2015,0.733333,1.476956,False,False,False,False,False,0.541151,0.659313,0.348929
thiomersal_conc,239,2015,0.366667,-0.885707,False,False,False,False,False,0.506254,0.659313,0.348929
thiomersal_conc,240,2015,0.266667,-1.53007,False,False,False,False,False,0.458337,0.659313,0.348929
thiomersal_conc,241,2016,0.5,-0.026557,False,False,False,False,False,0.466669,0.659313,0.348929
thiomersal_conc,242,2016,0.716667,1.369563,False,False,False,False,False,0.516669,0.659313,0.348929
thiomersal_conc,243,2016,0.583333,0.510412,False,False,False,False,False,0.530002,0.659313,0.348929
thiomersal_conc,244,2016,0.45,-0.348738,False,False,False,False,False,0.514001,0.659313,0.348929
thiomersal_conc,245,2016,0.65,0.939987,False,False,False,False,False,0.541201,0.659313,0.348929
thiomersal_conc,246,2016,0.466667,-0.241344,False,False,False,False,False,0.526294,0.659313,0.348929
thiomersal_conc,247,2016,0.45,-0.348738,False,False,False,False,False,0.511035,0.659313,0.348929
thiomersal_conc,248,2016,0.616667,0.7252,False,False,False,False,False,0.532162,0.659313,0.348929
thiomersal_conc,249,2016,0.366667,-0.885707,False,False,False,False,False,0.499063,0.659313,0.348929
thiomersal_conc,250,2016,0.6,0.617806,False,False,False,False,False,0.51925,0.659313,0.348929
thiomersal_conc,251,2016,0.533333,0.188231,False,False,False,False,False,0.522067,0.659313,0.348929
thiomersal_conc,252,2016,0.466667,-0.241344,False,False,False,False,False,0.510987,0.659313,0.348929
thiomersal_conc,253,2016,0.5,-0.026557,False,False,False,False,False,0.508789,0.659313,0.348929
thiomersal_conc,254,2016,0.616667,0.7252,False,False,False,False,False,0.530365,0.659313,0.348929
thiomersal_conc,255,2016,0.566667,0.403019,False,False,False,False,False,0.537625,0.659313,0.348929
thiomersal_conc,256,2016,0.266667,-1.53007,False,False,False,False,False,0.483433,0.659313,0.348929
thiomersal_conc,257,2016,0.566667,0.403019,False,False,False,False,False,0.50008,0.659313,0.348929
thiomersal_conc,258,2016,0.166667,-2.174432,False,False,False,False,False,0.433397,0.659313,0.348929
thiomersal_conc,259,2016,0.466667,-0.241344,False,False,False,False,False,0.440051,0.659313,0.348929
thiomersal_conc,260,2016,0.3,-1.315282,False,False,False,False,False,0.412041,0.659313,0.348929
thiomersal_conc,261,2016,0.316667,-1.207888,False,False,False,False,False,0.392966,0.659313,0.348929
thiomersal_conc,262,2016,0.5,-0.026557,False,False,False,False,False,0.414373,0.659313,0.348929
thiomersal_conc,263,2016,0.383333,-0.778313,False,False,False,False,False,0.408165,0.659313,0.348929
thiomersal_conc,264,2016,0.45,-0.348738,False,False,False,False,False,0.416532,0.659313,0.348929
thiomersal_conc,265,2016,0.583333,0.510412,False,False,False,False,False,0.449892,0.659313,0.348929
thiomersal_conc,266,2016,0.6,0.617806,False,False,False,False,False,0.479914,0.659313,0.348929
thiomersal_conc,267,2016,0.6,0.617806,False,False,False,False,False,0.503931,0.659313,0.348929
thiomersal_conc,268,2016,0.4,-0.670919,False,False,False,False,False,0.483145,0.659313,0.348929
thiomersal_conc,269,2016,0.45,-0.348738,False,False,False,False,False,0.476516,0.659313,0.348929
thiomersal_conc,270,2016,0.35,-0.993101,False,False,False,False,False,0.451213,0.659313,0.348929
thiomersal_conc,271,2016,0.716667,1.369563,False,False,False,False,False,0.504303,0.659313,0.348929
thiomersal_conc,272,2016,0.533333,0.188231,False,False,False,False,False,0.510109,0.659313,0.348929
thiomersal_conc,273,2016,0.533333,0.188231,False,False,False,False,False,0.514754,0.659313,0.348929
thiomersal_conc,274,2016,0.4,-0.670919,False,False,False,False,False,0.491803,0.659313,0.348929
thiomersal_conc,275,2016,0.6,0.617806,False,False,False,False,False,0.513443,0.659313,0.348929
thiomersal_conc,276,2016,0.566667,0.403019,False,False,False,False,False,0.524088,0.659313,0.348929
thiomersal_conc,277,2016,0.466667,-0.241344,False,False,False,False,False,0.512603,0.659313,0.348929
thiomersal_conc,278,2016,0.683333,1.154775,False,False,False,False,False,0.546749,0.659313,0.348929
thiomersal_conc,279,2016,0.533333,0.188231,False,False,False,False,False,0.544066,0.659313,0.348929
thiomersal_conc,280,2016,0.633333,0.832594,False,False,False,False,False,0.56192,0.659313,0.348929
thiomersal_conc,281,2016,0.55,0.295625,False,False,False,False,False,0.559536,0.659313,0.348929
thiomersal_conc,282,2016,0.683333,1.154775,False,False,False,False,False,0.584295,0.659313,0.348929
thiomersal_conc,283,2016,0.566667,0.403019,False,False,False,False,False,0.580769,0.659313,0.348929
thiomersal_conc,284,2016,0.45,-0.348738,False,False,False,False,False,0.554616,0.659313,0.348929
thiomersal_conc,285,2016,0.566667,0.403019,False,False,False,False,False,0.557026,0.659313,0.348929
thiomersal_conc,286,2016,0.5,-0.026557,False,False,False,False,False,0.545621,0.659313,0.348929
thiomersal_conc,287,2016,0.533333,0.188231,False,False,False,False,False,0.543163,0.659313,0.348929
thiomersal_conc,288,2016,0.616667,0.7252,False,False,False,False,False,0.557864,0.659313,0.348929
thiomersal_conc,289,2016,0.566667,0.403019,False,False,False,False,False,0.559624,0.659313,0.348929
thiomersal_conc,290,2016,0.383333,-0.778313,False,False,False,False,False,0.524366,0.659313,0.348929
thiomersal_conc,291,2016,0.45,-0.348738,False,False,False,False,False,0.509493,0.659313,0.348929
thiomersal_conc,292,2016,0.433333,-0.456132,False,False,False,False,False,0.494261,0.659313,0.348929
thiomersal_conc,293,2016,0.2,-1.959645,False,False,False,False,False,0.435409,0.659313,0.348929
thiomersal_conc,294,2016,0.65,0.939987,False,False,False,False,False,0.478327,0.659313,0.348929
thiomersal_conc,295,2016,0.766667,1.691744,False,False,False,False,False,0.535995,0.659313,0.348929
thiomersal_conc,296,2016,0.533333,0.188231,False,False,False,False,False,0.535463,0.659313,0.348929
thiomersal_conc,297,2016,0.366667,-0.885707,False,False,False,False,False,0.501703,0.659313,0.348929
thiomersal_conc,298,2016,0.683333,1.154775,False,False,False,False,False,0.538029,0.659313,0.348929
thiomersal_conc,299,2016,0.2,-1.959645,False,False,False,False,False,0.470424,0.659313,0.348929
thiomersal_conc,300,2016,0.5,-0.026557,False,False,False,False,False,0.476339,0.659313,0.348929
thiomersal_conc,301,2016,0.433333,-0.456132,False,False,False,False,False,0.467738,0.659313,0.348929
thiomersal_conc,302,2017,0.5,-0.026557,False,False,False,False,False,0.47419,0.659313,0.348929
thiomersal_conc,303,2017,0.65,0.939987,False,False,False,False,False,0.509352,0.659313,0.348929
thiomersal_conc,304,2017,0.633333,0.832594,False,False,False,False,False,0.534148,0.659313,0.348929
thiomersal_conc,305,2017,0.5,-0.026557,False,False,False,False,False,0.527319,0.659313,0.348929
thiomersal_conc,306,2017,0.266667,-1.53007,False,False,False,False,False,0.475188,0.659313,0.348929
thiomersal_conc,307,2017,0.4,-0.670919,False,False,False,False,False,0.460151,0.659313,0.348929
thiomersal_conc,308,2017,0.533333,0.188231,False,False,False,False,False,0.474787,0.659313,0.348929
thiomersal_conc,309,2017,0.4,-0.670919,False,False,False,False,False,0.45983,0.659313,0.348929
thiomersal_conc,310,2017,0.466667,-0.241344,False,False,False,False,False,0.461197,0.659313,0.348929
thiomersal_conc,311,2017,0.316667,-1.207888,False,False,False,False,False,0.432291,0.659313,0.348929
thiomersal_conc,312,2017,0.5,-0.026557,False,False,False,False,False,0.445833,0.659313,0.348929
thiomersal_conc,313,2017,0.716667,1.369563,False,False,False,False,False,0.5,0.659313,0.348929
thiomersal_conc,314,2017,0.75,1.58435,False,False,False,False,False,0.55,0.659313,0.348929
thiomersal_conc,315,2017,0.333333,-1.100494,False,False,False,False,False,0.506666,0.659313,0.348929
thiomersal_conc,316,2017,0.416667,-0.563526,False,False,False,False,False,0.488666,0.659313,0.348929
thiomersal_conc,317,2017,0.716667,1.369563,False,False,False,False,False,0.534267,0.659313,0.348929
thiomersal_conc,318,2017,0.316667,-1.207888,False,False,False,False,False,0.490747,0.659313,0.348929
thiomersal_conc,319,2017,0.55,0.295625,False,False,False,False,False,0.502597,0.659313,0.348929
thiomersal_conc,320,2017,0.433333,-0.456132,False,False,False,False,False,0.488744,0.659313,0.348929
thiomersal_conc,321,2017,0.3,-1.315282,False,False,False,False,False,0.450996,0.659313,0.348929
thiomersal_conc,322,2017,0.55,0.295625,False,False,False,False,False,0.470796,0.659313,0.348929
thiomersal_conc,323,2017,0.533333,0.188231,False,False,False,False,False,0.483304,0.659313,0.348929
thiomersal_conc,324,2017,0.45,-0.348738,False,False,False,False,False,0.476643,0.659313,0.348929
thiomersal_conc,325,2017,0.116667,-2.496614,False,False,False,False,False,0.404648,0.659313,0.348929
thiomersal_conc,326,2017,0.4,-0.670919,False,False,False,False,False,0.403718,0.659313,0.348929
thiomersal_conc,327,2017,0.516667,0.080837,False,False,False,False,False,0.426308,0.659313,0.348929
thiomersal_conc,328,2017,0.683333,1.154775,False,False,False,False,False,0.477713,0.659313,0.348929
thiomersal_conc,329,2017,0.716667,1.369563,False,False,False,False,False,0.525504,0.659313,0.348929
thiomersal_conc,330,2017,0.366667,-0.885707,False,False,False,False,False,0.493736,0.659313,0.348929
thiomersal_conc,331,2017,0.266667,-1.53007,False,False,False,False,False,0.448322,0.659313,0.348929
thiomersal_conc,332,2017,0.6,0.617806,False,False,False,False,False,0.478658,0.659313,0.348929
thiomersal_conc,333,2017,0.6,0.617806,False,False,False,False,False,0.502926,0.659313,0.348929
thiomersal_conc,334,2017,0.666667,1.047381,False,False,False,False,False,0.535674,0.659313,0.348929
thiomersal_conc,335,2017,0.3,-1.315282,False,False,False,False,False,0.48854,0.659313,0.348929
thiomersal_conc,336,2017,0.6,0.617806,False,False,False,False,False,0.510832,0.659313,0.348929
thiomersal_conc,337,2017,0.533333,0.188231,False,False,False,False,False,0.515332,0.659313,0.348929
thiomersal_conc,338,2017,0.25,-1.637463,False,False,False,False,False,0.462266,0.659313,0.348929
thiomersal_conc,339,2017,0.6,0.617806,False,False,False,False,False,0.489812,0.659313,0.348929
thiomersal_conc,340,2017,0.5,-0.026557,False,False,False,False,False,0.49185,0.659313,0.348929
thiomersal_conc,341,2017,0.266667,-1.53007,False,False,False,False,False,0.446813,0.659313,0.348929
thiomersal_conc,342,2017,0.483333,-0.13395,False,False,False,False,False,0.454117,0.659313,0.348929
thiomersal_conc,343,2017,0.566667,0.403019,False,False,False,False,False,0.476627,0.659313,0.348929
thiomersal_conc,344,2017,0.55,0.295625,False,False,False,False,False,0.491302,0.659313,0.348929
thiomersal_conc,345,2017,0.533333,0.188231,False,False,False,False,False,0.499708,0.659313,0.348929
thiomersal_conc,346,2017,0.55,0.295625,False,False,False,False,False,0.509766,0.659313,0.348929
thiomersal_conc,347,2017,0.5,-0.026557,False,False,False,False,False,0.507813,0.659313,0.348929
thiomersal_conc,348,2017,0.516667,0.080837,False,False,False,False,False,0.509584,0.659313,0.348929
thiomersal_conc,349,2017,0.4,-0.670919,False,False,False,False,False,0.487667,0.659313,0.348929
thiomersal_conc,350,2017,0.533333,0.188231,False,False,False,False,False,0.4968,0.659313,0.348929
thiomersal_conc,351,2017,0.3,-1.315282,False,False,False,False,False,0.45744,0.659313,0.348929
thiomersal_conc,352,2017,0.616667,0.7252,False,False,False,False,False,0.489286,0.659313,0.348929
thiomersal_conc,353,2017,0.416667,-0.563526,False,False,False,False,False,0.474762,0.659313,0.348929
thiomersal_conc,354,2017,0.216667,-1.852251,False,False,False,False,False,0.423143,0.659313,0.348929
thiomersal_conc,355,2017,0.65,0.939987,False,False,False,False,False,0.468514,0.659313,0.348929
thiomersal_conc,356,2017,0.2,-1.959645,False,False,False,False,False,0.414811,0.659313,0.348929
thiomersal_conc,357,2018,0.3,-1.315282,False,False,False,False,False,0.391849,0.659313,0.348929
thiomersal_conc,358,2018,0.466667,-0.241344,False,False,False,False,False,0.406813,0.659313,0.348929
thiomersal_conc,359,2018,0.5,-0.026557,False,False,False,False,False,0.42545,0.659313,0.348929
thiomersal_conc,360,2018,0.7,1.262169,False,False,False,False,False,0.48036,0.659313,0.348929
thiomersal_conc,361,2018,0.6,0.617806,False,False,False,False,False,0.504288,0.659313,0.348929
thiomersal_conc,362,2018,0.55,0.295625,False,False,False,False,False,0.51343,0.659313,0.348929
thiomersal_conc,363,2018,0.383333,-0.778313,False,False,False,False,False,0.487411,0.659313,0.348929
thiomersal_conc,364,2018,0.533333,0.188231,False,False,False,False,False,0.496595,0.659313,0.348929
thiomersal_conc,365,2018,0.833333,2.121319,False,False,False,False,False,0.563943,0.659313,0.348929
thiomersal_conc,366,2018,0.583333,0.510412,False,False,False,False,False,0.567821,0.659313,0.348929
thiomersal_conc,367,2018,0.55,0.295625,False,False,False,False,False,0.564257,0.659313,0.348929
thiomersal_conc,368,2018,0.633333,0.832594,False,False,False,False,False,0.578072,0.659313,0.348929
thiomersal_conc,369,2018,0.816667,2.013925,False,False,False,False,False,0.625791,0.659313,0.348929
thiomersal_conc,370,2018,0.283333,-1.422676,False,False,False,False,False,0.5573,0.659313,0.348929
thiomersal_conc,371,2018,0.416667,-0.563526,False,False,False,False,False,0.529173,0.659313,0.348929
thiomersal_conc,372,2018,0.483333,-0.13395,False,False,False,False,False,0.520005,0.659313,0.348929
thiomersal_conc,373,2018,0.466667,-0.241344,False,False,False,False,False,0.509337,0.659313,0.348929
thiomersal_conc,374,2018,0.483333,-0.13395,False,False,False,False,False,0.504137,0.659313,0.348929
thiomersal_conc,375,2018,0.75,1.58435,False,False,False,False,False,0.553309,0.659313,0.348929
thiomersal_conc,376,2018,0.633333,0.832594,False,False,False,False,False,0.569314,0.659313,0.348929
thiomersal_conc,377,2018,0.483333,-0.13395,False,False,False,False,False,0.552118,0.659313,0.348929
thiomersal_conc,378,2018,0.45,-0.348738,False,False,False,False,False,0.531694,0.659313,0.348929
thiomersal_conc,379,2018,0.766667,1.691744,False,False,False,False,False,0.578689,0.659313,0.348929
thiomersal_conc,380,2018,0.55,0.295625,False,False,False,False,False,0.572951,0.659313,0.348929
thiomersal_conc,381,2018,0.416667,-0.563526,False,False,False,False,False,0.541694,0.659313,0.348929
thiomersal_conc,382,2018,0.4,-0.670919,False,False,False,False,False,0.513355,0.659313,0.348929
thiomersal_conc,383,2018,0.466667,-0.241344,False,False,False,False,False,0.504018,0.659313,0.348929
thiomersal_conc,384,2018,0.416667,-0.563526,False,False,False,False,False,0.486547,0.659313,0.348929
thiomersal_conc,385,2018,0.383333,-0.778313,False,False,False,False,False,0.465905,0.659313,0.348929
thiomersal_conc,386,2018,0.566667,0.403019,False,False,False,False,False,0.486057,0.659313,0.348929
thiomersal_conc,387,2018,0.283333,-1.422676,False,False,False,False,False,0.445512,0.659313,0.348929
thiomersal_conc,388,2018,0.583333,0.510412,False,False,False,False,False,0.473076,0.659313,0.348929
thiomersal_conc,389,2018,0.483333,-0.13395,False,False,False,False,False,0.475128,0.659313,0.348929
thiomersal_conc,390,2018,0.333333,-1.100494,False,False,False,False,False,0.446769,0.659313,0.348929
thiomersal_conc,391,2018,0.833333,2.121319,False,False,False,False,False,0.524082,0.659313,0.348929
thiomersal_conc,392,2018,0.283333,-1.422676,False,False,False,False,False,0.475932,0.659313,0.348929
thiomersal_conc,393,2018,0.516667,0.080837,False,False,False,False,False,0.484079,0.659313,0.348929
thiomersal_conc,394,2018,0.633333,0.832594,False,False,False,False,False,0.51393,0.659313,0.348929
thiomersal_conc,395,2018,0.6,0.617806,False,False,False,False,False,0.531144,0.659313,0.348929
thiomersal_conc,396,2018,0.583333,0.510412,False,False,False,False,False,0.541582,0.659313,0.348929
thiomersal_conc,397,2018,0.45,-0.348738,False,False,False,False,False,0.523265,0.659313,0.348929
thiomersal_conc,398,2018,0.583333,0.510412,False,False,False,False,False,0.535279,0.659313,0.348929
thiomersal_conc,399,2018,0.333333,-1.100494,False,False,False,False,False,0.49489,0.659313,0.348929
thiomersal_conc,400,2018,0.683333,1.154775,False,False,False,False,False,0.532579,0.659313,0.348929
thiomersal_conc,401,2018,0.483333,-0.13395,False,False,False,False,False,0.52273,0.659313,0.348929
thiomersal_conc,402,2018,0.566667,0.403019,False,False,False,False,False,0.531517,0.659313,0.348929
thiomersal_conc,403,2018,0.516667,0.080837,False,False,False,False,False,0.528547,0.659313,0.348929
thiomersal_conc,404,2018,0.633333,0.832594,False,False,False,False,False,0.549504,0.659313,0.348929
thiomersal_conc,405,2018,0.65,0.939987,False,False,False,False,False,0.569603,0.659313,0.348929
thiomersal_conc,406,2018,0.433333,-0.456132,False,False,False,False,False,0.542349,0.659313,0.348929
thiomersal_conc,407,2018,0.616667,0.7252,False,False,False,False,False,0.557213,0.659313,0.348929
thiomersal_conc,408,2018,0.566667,0.403019,False,False,False,False,False,0.559104,0.659313,0.348929
thiomersal_conc,409,2018,0.45,-0.348738,False,False,False,False,False,0.537283,0.659313,0.348929
thiomersal_conc,410,2018,0.383333,-0.778313,False,False,False,False,False,0.506493,0.659313,0.348929
thiomersal_conc,411,2018,0.433333,-0.456132,False,False,False,False,False,0.491861,0.659313,0.348929
thiomersal_conc,412,2018,0.283333,-1.422676,False,False,False,False,False,0.450155,0.659313,0.348929
thiomersal_conc,413,2018,0.433333,-0.456132,False,False,False,False,False,0.446791,0.659313,0.348929
thiomersal_conc,414,2018,0.233333,-1.744857,False,False,False,False,False,0.4041,0.659313,0.348929
thiomersal_conc,415,2019,0.583333,0.510412,False,False,False,False,False,0.439946,0.659313,0.348929
thiomersal_conc,416,2019,0.666667,1.047381,False,False,False,False,False,0.48529,0.659313,0.348929
thiomersal_conc,417,2019,0.233333,-1.744857,False,False,False,False,False,0.434899,0.659313,0.348929
thiomersal_conc,418,2019,0.716667,1.369563,False,False,False,False,False,0.491252,0.659313,0.348929
thiomersal_conc,419,2019,0.633333,0.832594,False,False,False,False,False,0.519669,0.659313,0.348929
thiomersal_conc,420,2019,0.516667,0.080837,False,False,False,False,False,0.519068,0.659313,0.348929
thiomersal_conc,421,2019,0.316667,-1.207888,False,False,False,False,False,0.478588,0.659313,0.348929
thiomersal_conc,422,2019,0.5,-0.026557,False,False,False,False,False,0.48287,0.659313,0.348929
thiomersal_conc,423,2019,0.45,-0.348738,False,False,False,False,False,0.476296,0.659313,0.348929
thiomersal_conc,424,2019,0.4,-0.670919,False,False,False,False,False,0.461037,0.659313,0.348929
thiomersal_conc,425,2019,0.3,-1.315282,False,False,False,False,False,0.42883,0.659313,0.348929
thiomersal_conc,426,2019,0.75,1.58435,False,False,False,False,False,0.493064,0.659313,0.348929
thiomersal_conc,427,2019,0.633333,0.832594,False,False,False,False,False,0.521118,0.659313,0.348929
thiomersal_conc,428,2019,0.483333,-0.13395,False,False,False,False,False,0.513561,0.659313,0.348929
thiomersal_conc,429,2019,0.533333,0.188231,False,False,False,False,False,0.517515,0.659313,0.348929
thiomersal_conc,430,2019,0.433333,-0.456132,False,False,False,False,False,0.500679,0.659313,0.348929
thiomersal_conc,431,2019,0.633333,0.832594,False,False,False,False,False,0.52721,0.659313,0.348929
thiomersal_conc,432,2019,0.3,-1.315282,False,False,False,False,False,0.481768,0.659313,0.348929
thiomersal_conc,433,2019,0.25,-1.637463,False,False,False,False,False,0.435414,0.659313,0.348929
thiomersal_conc,434,2019,0.5,-0.026557,False,False,False,False,False,0.448331,0.659313,0.348929
thiomersal_conc,435,2019,0.266667,-1.53007,False,False,False,False,False,0.411998,0.659313,0.348929
thiomersal_conc,436,2019,0.316667,-1.207888,False,False,False,False,False,0.392932,0.659313,0.348929
thiomersal_conc,437,2019,0.7,1.262169,False,False,False,False,False,0.454346,0.659313,0.348929
thiomersal_conc,438,2019,0.366667,-0.885707,False,False,False,False,False,0.43681,0.659313,0.348929
thiomersal_conc,439,2019,0.733333,1.476956,False,False,False,False,False,0.496115,0.659313,0.348929
thiomersal_conc,440,2019,0.633333,0.832594,False,False,False,False,False,0.523558,0.659313,0.348929
thiomersal_conc,441,2019,0.816667,2.013925,False,False,False,False,False,0.58218,0.659313,0.348929
thiomersal_conc,442,2019,0.4,-0.670919,False,False,False,False,False,0.545744,0.659313,0.348929
thiomersal_conc,443,2019,0.5,-0.026557,False,False,False,False,False,0.536595,0.659313,0.348929
thiomersal_conc,444,2019,0.583333,0.510412,False,False,False,False,False,0.545943,0.659313,0.348929
thiomersal_conc,445,2019,0.566667,0.403019,False,False,False,False,False,0.550088,0.659313,0.348929
thiomersal_conc,446,2019,0.283333,-1.422676,False,False,False,False,False,0.496737,0.659313,0.348929
thiomersal_conc,447,2019,0.416667,-0.563526,False,False,False,False,False,0.480723,0.659313,0.348929
thiomersal_conc,448,2019,0.7,1.262169,False,False,False,False,False,0.524578,0.659313,0.348929
thiomersal_conc,449,2019,0.516667,0.080837,False,False,False,False,False,0.522996,0.659313,0.348929
thiomersal_conc,450,2019,0.333333,-1.100494,False,False,False,False,False,0.485063,0.659313,0.348929
thiomersal_conc,451,2019,0.633333,0.832594,False,False,False,False,False,0.514717,0.659313,0.348929
thiomersal_conc,452,2019,0.55,0.295625,False,False,False,False,False,0.521774,0.659313,0.348929
thiomersal_conc,453,2019,0.333333,-1.100494,False,False,False,False,False,0.484086,0.659313,0.348929
thiomersal_conc,454,2019,0.55,0.295625,False,False,False,False,False,0.497269,0.659313,0.348929
thiomersal_conc,455,2019,0.55,0.295625,False,False,False,False,False,0.507815,0.659313,0.348929
thiomersal_conc,456,2019,0.65,0.939987,False,False,False,False,False,0.536252,0.659313,0.348929
thiomersal_conc,457,2019,0.4,-0.670919,False,False,False,False,False,0.509002,0.659313,0.348929
thiomersal_conc,458,2019,0.633333,0.832594,False,False,False,False,False,0.533868,0.659313,0.348929
thiomersal_conc,459,2019,0.3,-1.315282,False,False,False,False,False,0.487094,0.659313,0.348929
thiomersal_conc,460,2019,0.4,-0.670919,False,False,False,False,False,0.469675,0.659313,0.348929
thiomersal_conc,461,2019,0.583333,0.510412,False,False,False,False,False,0.492407,0.659313,0.348929
thiomersal_conc,462,2019,0.55,0.295625,False,False,False,False,False,0.503926,0.659313,0.348929
thiomersal_conc,463,2019,0.366667,-0.885707,False,False,False,False,False,0.476474,0.659313,0.348929
thiomersal_conc,464,2019,0.35,-0.993101,False,False,False,False,False,0.451179,0.659313,0.348929
thiomersal_conc,465,2020,0.683333,1.154775,False,False,False,False,False,0.49761,0.659313,0.348929
thiomersal_conc,466,2020,0.666667,1.047381,False,False,False,False,False,0.531421,0.659313,0.348929
thiomersal_conc,467,2020,0.583333,0.510412,False,False,False,False,False,0.541804,0.659313,0.348929
thiomersal_conc,468,2020,0.366667,-0.885707,False,False,False,False,False,0.506776,0.659313,0.348929
thiomersal_conc,469,2020,0.733333,1.476956,False,False,False,False,False,0.552088,0.659313,0.348929
thiomersal_conc,470,2020,0.366667,-0.885707,False,False,False,False,False,0.515003,0.659313,0.348929
thiomersal_conc,471,2020,0.25,-1.637463,False,False,False,False,False,0.462003,0.659313,0.348929
thiomersal_conc,472,2020,0.416667,-0.563526,False,False,False,False,False,0.452936,0.659313,0.348929
thiomersal_conc,473,2020,0.316667,-1.207888,False,False,False,False,False,0.425682,0.659313,0.348929
thiomersal_conc,474,2020,0.5,-0.026557,False,False,False,False,False,0.440545,0.659313,0.348929
thiomersal_conc,475,2020,0.266667,-1.53007,False,False,False,False,False,0.40577,0.659313,0.348929
thiomersal_conc,476,2020,0.616667,0.7252,False,False,False,False,False,0.447949,0.659313,0.348929
thiomersal_conc,477,2020,0.366667,-0.885707,False,False,False,False,False,0.431693,0.659313,0.348929
thiomersal_conc,478,2020,0.833333,2.121319,False,False,False,False,False,0.512021,0.659313,0.348929
thiomersal_conc,479,2020,0.583333,0.510412,False,False,False,False,False,0.526283,0.659313,0.348929
thiomersal_conc,480,2020,0.366667,-0.885707,False,False,False,False,False,0.49436,0.659313,0.348929
thiomersal_conc,481,2020,0.7,1.262169,False,False,False,False,False,0.535488,0.659313,0.348929
thiomersal_conc,482,2020,0.4,-0.670919,False,False,False,False,False,0.50839,0.659313,0.348929
thiomersal_conc,483,2020,0.633333,0.832594,False,False,False,False,False,0.533379,0.659313,0.348929
thiomersal_conc,484,2020,0.65,0.939987,False,False,False,False,False,0.556703,0.659313,0.348929
thiomersal_conc,485,2020,0.566667,0.403019,False,False,False,False,False,0.558696,0.659313,0.348929
thiomersal_conc,486,2020,0.416667,-0.563526,False,False,False,False,False,0.53029,0.659313,0.348929
thiomersal_conc,487,2020,0.516667,0.080837,False,False,False,False,False,0.527565,0.659313,0.348929
thiomersal_conc,488,2020,0.383333,-0.778313,False,False,False,False,False,0.498719,0.659313,0.348929
thiomersal_conc,489,2020,0.6,0.617806,False,False,False,False,False,0.518975,0.659313,0.348929
thiomersal_conc,490,2020,0.433333,-0.456132,False,False,False,False,False,0.501847,0.659313,0.348929
thiomersal_conc,491,2020,0.633333,0.832594,False,False,False,False,False,0.528144,0.659313,0.348929
thiomersal_conc,492,2020,0.416667,-0.563526,False,False,False,False,False,0.505849,0.659313,0.348929
thiomersal_conc,493,2020,0.716667,1.369563,False,False,False,False,False,0.548012,0.659313,0.348929
thiomersal_conc,494,2020,0.366667,-0.885707,False,False,False,False,False,0.511743,0.659313,0.348929
thiomersal_conc,495,2020,0.816667,2.013925,False,False,False,False,False,0.572728,0.659313,0.348929
thiomersal_conc,496,2020,0.366667,-0.885707,False,False,False,False,False,0.531516,0.659313,0.348929
thiomersal_conc,497,2020,0.25,-1.637463,False,False,False,False,False,0.475212,0.659313,0.348929
thiomersal_conc,498,2020,0.5,-0.026557,False,False,False,False,False,0.48017,0.659313,0.348929
thiomersal_conc,499,2020,0.366667,-0.885707,False,False,False,False,False,0.457469,0.659313,0.348929
thiomersal_conc,500,2020,0.633333,0.832594,False,False,False,False,False,0.492642,0.659313,0.348929
thiomersal_conc,501,2020,0.25,-1.637463,False,False,False,False,False,0.444114,0.659313,0.348929
thiomersal_conc,502,2020,0.75,1.58435,False,False,False,False,False,0.505291,0.659313,0.348929
thiomersal_conc,503,2020,0.566667,0.403019,False,False,False,False,False,0.517566,0.659313,0.348929
thiomersal_conc,504,2020,0.3,-1.315282,False,False,False,False,False,0.474053,0.659313,0.348929
thiomersal_conc,505,2020,0.5,-0.026557,False,False,False,False,False,0.479242,0.659313,0.348929
thiomersal_conc,506,2020,0.7,1.262169,False,False,False,False,False,0.523394,0.659313,0.348929
thiomersal_conc,507,2021,0.45,-0.348738,False,False,False,False,False,0.508715,0.659313,0.348929
thiomersal_conc,508,2021,0.55,0.295625,False,False,False,False,False,0.516972,0.659313,0.348929
thiomersal_conc,509,2021,0.383333,-0.778313,False,False,False,False,False,0.490244,0.659313,0.348929
thiomersal_conc,510,2021,0.766667,1.691744,False,False,False,False,False,0.545529,0.659313,0.348929
thiomersal_conc,511,2021,0.25,-1.637463,False,False,False,False,False,0.486423,0.659313,0.348929
thiomersal_conc,512,2021,0.516667,0.080837,False,False,False,False,False,0.492472,0.659313,0.348929
thiomersal_conc,513,2021,0.616667,0.7252,False,False,False,False,False,0.517311,0.659313,0.348929
thiomersal_conc,514,2021,0.533333,0.188231,False,False,False,False,False,0.520515,0.659313,0.348929
thiomersal_conc,515,2021,0.5,-0.026557,False,False,False,False,False,0.516412,0.659313,0.348929
thiomersal_conc,516,2021,0.35,-0.993101,False,False,False,False,False,0.48313,0.659313,0.348929
thiomersal_conc,517,2021,0.366667,-0.885707,False,False,False,False,False,0.459837,0.659313,0.348929
thiomersal_conc,518,2021,0.483333,-0.13395,False,False,False,False,False,0.464536,0.659313,0.348929
thiomersal_conc,519,2021,0.716667,1.369563,False,False,False,False,False,0.514962,0.659313,0.348929
thiomersal_conc,520,2021,0.466667,-0.241344,False,False,False,False,False,0.505303,0.659313,0.348929
thiomersal_conc,521,2021,0.416667,-0.563526,False,False,False,False,False,0.487576,0.659313,0.348929
thiomersal_conc,522,2021,0.416667,-0.563526,False,False,False,False,False,0.473394,0.659313,0.348929
thiomersal_conc,523,2021,0.183333,-2.067038,False,False,False,False,False,0.415382,0.659313,0.348929
thiomersal_conc,524,2021,0.516667,0.080837,False,False,False,False,False,0.435639,0.659313,0.348929
thiomersal_conc,525,2021,0.483333,-0.13395,False,False,False,False,False,0.445178,0.659313,0.348929
thiomersal_conc,526,2021,0.5,-0.026557,False,False,False,False,False,0.456142,0.659313,0.348929
thiomersal_conc,527,2021,0.633333,0.832594,False,False,False,False,False,0.49158,0.659313,0.348929
thiomersal_conc,528,2021,0.35,-0.993101,False,False,False,False,False,0.463264,0.659313,0.348929
thiomersal_conc,529,2021,0.5,-0.026557,False,False,False,False,False,0.470611,0.659313,0.348929
thiomersal_conc,530,2021,0.483333,-0.13395,False,False,False,False,False,0.473156,0.659313,0.348929
thiomersal_conc,531,2021,0.416667,-0.563526,False,False,False,False,False,0.461858,0.659313,0.348929
thiomersal_conc,532,2021,0.45,-0.348738,False,False,False,False,False,0.459486,0.659313,0.348929
thiomersal_conc,533,2021,0.783333,1.799138,False,False,False,False,False,0.524256,0.659313,0.348929
thiomersal_conc,534,2021,0.4,-0.670919,False,False,False,False,False,0.499405,0.659313,0.348929
thiomersal_conc,535,2021,0.366667,-0.885707,False,False,False,False,False,0.472857,0.659313,0.348929
thiomersal_conc,536,2021,0.3,-1.315282,False,False,False,False,False,0.438286,0.659313,0.348929
thiomersal_conc,537,2021,0.65,0.939987,False,False,False,False,False,0.480629,0.659313,0.348929
thiomersal_conc,538,2021,0.516667,0.080837,False,False,False,False,False,0.487836,0.659313,0.348929
thiomersal_conc,539,2021,0.533333,0.188231,False,False,False,False,False,0.496936,0.659313,0.348929
thiomersal_conc,540,2021,0.466667,-0.241344,False,False,False,False,False,0.490882,0.659313,0.348929
thiomersal_conc,541,2021,0.583333,0.510412,False,False,False,False,False,0.509372,0.659313,0.348929
thiomersal_conc,542,2021,0.316667,-1.207888,False,False,False,False,False,0.470831,0.659313,0.348929
thiomersal_conc,543,2022,0.583333,0.510412,False,False,False,False,False,0.493331,0.659313,0.348929
thiomersal_conc,544,2022,0.65,0.939987,False,False,False,False,False,0.524665,0.659313,0.348929
thiomersal_conc,545,2022,0.45,-0.348738,False,False,False,False,False,0.509732,0.659313,0.348929
thiomersal_conc,546,2022,0.233333,-1.744857,False,False,False,False,False,0.454452,0.659313,0.348929
thiomersal_conc,547,2022,0.616667,0.7252,False,False,False,False,False,0.486895,0.659313,0.348929
thiomersal_conc,548,2022,0.433333,-0.456132,False,False,False,False,False,0.476183,0.659313,0.348929
thiomersal_conc,549,2022,0.633333,0.832594,False,False,False,False,False,0.507613,0.659313,0.348929
thiomersal_conc,550,2022,0.616667,0.7252,False,False,False,False,False,0.529424,0.659313,0.348929
thiomersal_conc,551,2022,0.666667,1.047381,False,False,False,False,False,0.556872,0.659313,0.348929
thiomersal_conc,552,2022,0.533333,0.188231,False,False,False,False,False,0.552164,0.659313,0.348929
thiomersal_conc,553,2022,0.616667,0.7252,False,False,False,False,False,0.565065,0.659313,0.348929
thiomersal_conc,554,2022,0.6,0.617806,False,False,False,False,False,0.572052,0.659313,0.348929
thiomersal_conc,555,2022,0.466667,-0.241344,False,False,False,False,False,0.550975,0.659313,0.348929
thiomersal_conc,556,2022,0.333333,-1.100494,False,False,False,False,False,0.507447,0.659313,0.348929
thiomersal_conc,557,2022,0.7,1.262169,False,False,False,False,False,0.545957,0.659313,0.348929
thiomersal_conc,558,2022,0.383333,-0.778313,False,False,False,False,False,0.513432,0.659313,0.348929
thiomersal_conc,559,2022,0.716667,1.369563,False,False,False,False,False,0.554079,0.659313,0.348929
thiomersal_conc,560,2022,0.5,-0.026557,False,False,False,False,False,0.543263,0.659313,0.348929
thiomersal_conc,561,2022,0.433333,-0.456132,False,False,False,False,False,0.521277,0.659313,0.348929
thiomersal_conc,562,2022,0.316667,-1.207888,False,False,False,False,False,0.480355,0.659313,0.348929
thiomersal_conc,563,2022,0.2,-1.959645,False,False,False,False,False,0.424284,0.659313,0.348929
thiomersal_conc,564,2022,0.55,0.295625,False,False,False,False,False,0.449427,0.659313,0.348929
thiomersal_conc,565,2022,0.55,0.295625,False,False,False,False,False,0.469542,0.659313,0.348929
thiomersal_conc,566,2022,0.366667,-0.885707,False,False,False,False,False,0.448967,0.659313,0.348929
thiomersal_conc,567,2022,0.1,-2.604007,False,False,False,False,False,0.379173,0.659313,0.348929
thiomersal_conc,568,2022,0.65,0.939987,False,False,False,False,False,0.433339,0.659313,0.348929
thiomersal_conc,569,2022,0.416667,-0.563526,False,False,False,False,False,0.430004,0.659313,0.348929
thiomersal_conc,570,2022,0.316667,-1.207888,False,False,False,False,False,0.407337,0.659313,0.348929
thiomersal_conc,571,2022,0.4,-0.670919,False,False,False,False,False,0.405869,0.659313,0.348929
thiomersal_conc,572,2022,0.516667,0.080837,False,False,False,False,False,0.428029,0.659313,0.348929
thiomersal_conc,573,2022,0.7,1.262169,False,False,False,False,False,0.482423,0.659313,0.348929
thiomersal_conc,574,2022,0.316667,-1.207888,False,False,False,False,False,0.449272,0.659313,0.348929
thiomersal_conc,575,2022,0.7,1.262169,False,False,False,False,False,0.499417,0.659313,0.348929
thiomersal_conc,576,2022,0.483333,-0.13395,False,False,False,False,False,0.496201,0.659313,0.348929
thiomersal_conc,577,2022,0.616667,0.7252,False,False,False,False,False,0.520294,0.659313,0.348929
thiomersal_conc,578,2022,0.316667,-1.207888,False,False,False,False,False,0.479568,0.659313,0.348929
thiomersal_conc,579,2022,0.583333,0.510412,False,False,False,False,False,0.500321,0.659313,0.348929
thiomersal_conc,580,2022,0.433333,-0.456132,False,False,False,False,False,0.486924,0.659313,0.348929
thiomersal_conc,581,2022,0.333333,-1.100494,False,False,False,False,False,0.456206,0.659313,0.348929
thiomersal_conc,582,2022,0.45,-0.348738,False,False,False,False,False,0.454965,0.659313,0.348929
thiomersal_conc,583,2022,0.533333,0.188231,False,False,False,False,False,0.470638,0.659313,0.348929
thiomersal_conc,584,2022,0.583333,0.510412,False,False,False,False,False,0.493177,0.659313,0.348929
thiomersal_conc,585,2022,0.616667,0.7252,False,False,False,False,False,0.517875,0.659313,0.348929
thiomersal_conc,586,2022,0.516667,0.080837,False,False,False,False,False,0.517633,0.659313,0.348929
thiomersal_conc,587,2022,0.216667,-1.852251,False,False,False,False,False,0.45744,0.659313,0.348929
thiomersal_conc,588,2022,0.616667,0.7252,False,False,False,False,False,0.489285,0.659313,0.348929
thiomersal_conc,589,2022,0.333333,-1.100494,False,False,False,False,False,0.458095,0.659313,0.348929
thiomersal_conc,590,2023,0.5,-0.026557,False,False,False,False,False,0.466476,0.659313,0.348929
thiomersal_conc,591,2023,0.666667,1.047381,False,False,False,False,False,0.506514,0.659313,0.348929
thiomersal_conc,592,2023,0.216667,-1.852251,False,False,False,False,False,0.448545,0.659313,0.348929
thiomersal_conc,593,2023,0.583333,0.510412,False,False,False,False,False,0.475502,0.659313,0.348929
thiomersal_conc,594,2023,0.616667,0.7252,False,False,False,False,False,0.503735,0.659313,0.348929
thiomersal_conc,595,2023,0.316667,-1.207888,False,False,False,False,False,0.466322,0.659313,0.348929
thiomersal_conc,596,2023,0.5,-0.026557,False,False,False,False,False,0.473057,0.659313,0.348929
thiomersal_conc,597,2023,0.566667,0.403019,False,False,False,False,False,0.491779,0.659313,0.348929
thiomersal_conc,598,2023,0.35,-0.993101,False,False,False,False,False,0.463423,0.659313,0.348929
thiomersal_conc,599,2023,0.483333,-0.13395,False,False,False,False,False,0.467405,0.659313,0.348929
thiomersal_conc,600,2023,0.833333,2.121319,False,False,False,False,False,0.540591,0.659313,0.348929
thiomersal_conc,601,2024,0.533333,0.188231,False,False,False,False,False,0.539139,0.659313,0.348929
thiomersal_conc,602,2024,0.5,-0.026557,False,False,False,False,False,0.531312,0.659313,0.348929
thiomersal_conc,603,2024,0.733333,1.476956,False,False,False,False,False,0.571716,0.659313,0.348929
thiomersal_conc,604,2024,0.35,-0.993101,False,False,False,False,False,0.527373,0.659313,0.348929
thiomersal_conc,605,2024,0.533333,0.188231,False,False,False,False,False,0.528565,0.659313,0.348929
thiomersal_conc,606,2024,0.466667,-0.241344,False,False,False,False,False,0.516185,0.659313,0.348929
thiomersal_conc,607,2024,0.633333,0.832594,False,False,False,False,False,0.539615,0.659313,0.348929
thiomersal_conc,608,2024,0.683333,1.154775,False,False,False,False,False,0.568359,0.659313,0.348929
thiomersal_conc,609,2024,0.55,0.295625,False,False,False,False,False,0.564687,0.659313,0.348929
thiomersal_conc,610,2024,0.566667,0.403019,False,False,False,False,False,0.565083,0.659313,0.348929
thiomersal_conc,611,2024,0.533333,0.188231,False,False,False,False,False,0.558733,0.659313,0.348929
thiomersal_conc,612,2024,0.383333,-0.778313,False,False,False,False,False,0.523653,0.659313,0.348929
thiomersal_conc,613,2024,0.5,-0.026557,False,False,False,False,False,0.518922,0.659313,0.348929
thiomersal_conc,614,2024,0.516667,0.080837,False,False,False,False,False,0.518471,0.659313,0.348929
thiomersal_conc,615,2024,0.65,0.939987,False,False,False,False,False,0.544777,0.659313,0.348929
thiomersal_conc,616,2024,0.566667,0.403019,False,False,False,False,False,0.549155,0.659313,0.348929
thiomersal_conc,617,2024,0.65,0.939987,False,False,False,False,False,0.569324,0.659313,0.348929
thiomersal_conc,618,2024,0.566667,0.403019,False,False,False,False,False,0.568792,0.659313,0.348929
thiomersal_conc,619,2024,0.366667,-0.885707,False,False,False,False,False,0.528367,0.659313,0.348929
thiomersal_conc,620,2024,0.566667,0.403019,False,False,False,False,False,0.536027,0.659313,0.348929
thiomersal_conc,621,2024,0.6,0.617806,False,False,False,False,False,0.548822,0.659313,0.348929
thiomersal_conc,622,2024,0.266667,-1.53007,False,False,False,False,False,0.492391,0.659313,0.348929
thiomersal_conc,623,2024,0.333333,-1.100494,False,False,False,False,False,0.460579,0.659313,0.348929
thiomersal_conc,624,2024,0.416667,-0.563526,False,False,False,False,False,0.451797,0.659313,0.348929
thiomersal_conc,625,2024,0.416667,-0.563526,False,False,False,False,False,0.444771,0.659313,0.348929
thiomersal_conc,626,2024,0.683333,1.154775,False,False,False,False,False,0.492483,0.659313,0.348929
thiomersal_conc,627,2024,0.583333,0.510412,False,False,False,False,False,0.510653,0.659313,0.348929
thiomersal_conc,628,2024,0.666667,1.047381,False,False,False,False,False,0.541856,0.659313,0.348929
thiomersal_conc,629,2024,0.533333,0.188231,False,False,False,False,False,0.540151,0.659313,0.348929
thiomersal_conc,630,2024,0.633333,0.832594,False,False,False,False,False,0.558788,0.659313,0.348929
thiomersal_conc,631,2024,0.516667,0.080837,False,False,False,False,False,0.550364,0.659313,0.348929
thiomersal_conc,632,2024,0.483333,-0.13395,False,False,False,False,False,0.536958,0.659313,0.348929
thiomersal_conc,633,2024,0.666667,1.047381,False,False,False,False,False,0.562899,0.659313,0.348929
thiomersal_conc,634,2024,0.45,-0.348738,False,False,False,False,False,0.540319,0.659313,0.348929
thiomersal_conc,635,2024,0.483333,-0.13395,False,False,False,False,False,0.528922,0.659313,0.348929
thiomersal_conc,636,2024,0.683333,1.154775,False,False,False,False,False,0.559804,0.659313,0.348929
thiomersal_conc,637,2024,0.716667,1.369563,False,False,False,False,False,0.591177,0.659313,0.348929
thiomersal_conc,638,2024,0.466667,-0.241344,False,False,False,False,False,0.566275,0.659313,0.348929
thiomersal_conc,639,2024,0.716667,1.369563,False,False,False,False,False,0.596353,0.659313,0.348929
thiomersal_conc,640,2024,0.25,-1.637463,False,False,False,False,False,0.527083,0.659313,0.348929
thiomersal_conc,641,2024,0.416667,-0.563526,False,False,False,False,False,0.504999,0.659313,0.348929
thiomersal_conc,642,2024,0.566667,0.403019,False,False,False,False,False,0.517333,0.659313,0.348929
thiomersal_conc,643,2024,0.516667,0.080837,False,False,False,False,False,0.5172,0.659313,0.348929
thiomersal_conc,644,2024,0.4,-0.670919,False,False,False,False,False,0.49376,0.659313,0.348929
thiomersal_conc,645,2024,0.283333,-1.422676,False,False,False,False,False,0.451674,0.659313,0.348929
thiomersal_conc,646,2024,0.466667,-0.241344,False,False,False,False,False,0.454673,0.659313,0.348929
thiomersal_conc,647,2024,0.6,0.617806,False,False,False,False,False,0.483738,0.659313,0.348929
thiomersal_conc,648,2024,0.466667,-0.241344,False,False,False,False,False,0.480324,0.659313,0.348929
thiomersal_conc,649,2024,0.7,1.262169,False,False,False,False,False,0.524259,0.659313,0.348929
thiomersal_conc,650,2024,0.6,0.617806,False,False,False,False,False,0.539407,0.659313,0.348929
thiomersal_conc,651,2024,0.416667,-0.563526,False,False,False,False,False,0.514859,0.659313,0.348929
thiomersal_conc,652,2024,0.65,0.939987,False,False,False,False,False,0.541887,0.659313,0.348929
thiomersal_conc,653,2024,0.5,-0.026557,False,False,False,False,False,0.53351,0.659313,0.348929
thiomersal_conc,654,2024,0.316667,-1.207888,False,False,False,False,False,0.490141,0.659313,0.348929
thiomersal_conc,655,2024,0.583333,0.510412,False,False,False,False,False,0.50878,0.659313,0.348929
thiomersal_conc,656,2024,0.7,1.262169,False,False,False,False,False,0.547024,0.659313,0.348929
thiomersal_conc,657,2024,0.45,-0.348738,False,False,False,False,False,0.527619,0.659313,0.348929
thiomersal_conc,658,2024,0.366667,-0.885707,False,False,False,False,False,0.495429,0.659313,0.348929
thiomersal_conc,659,2024,0.683333,1.154775,False,False,False,False,False,0.533009,0.659313,0.348929
thiomersal_conc,660,2024,0.8,1.906531,False,False,False,False,False,0.586408,0.659313,0.348929
thiomersal_conc,661,2024,0.433333,-0.456132,False,False,False,False,False,0.555793,0.659313,0.348929
thiomersal_conc,662,2024,0.566667,0.403019,False,False,False,False,False,0.557968,0.659313,0.348929
thiomersal_conc,663,2024,0.75,1.58435,False,False,False,False,False,0.596374,0.659313,0.348929
thiomersal_conc,664,2024,0.333333,-1.100494,False,False,False,False,False,0.543766,0.659313,0.348929
thiomersal_conc,665,2024,0.316667,-1.207888,False,False,False,False,False,0.498346,0.659313,0.348929
thiomersal_conc,666,2024,0.483333,-0.13395,False,False,False,False,False,0.495343,0.659313,0.348929
thiomersal_conc,667,2024,0.35,-0.993101,False,False,False,False,False,0.466275,0.659313,0.348929
thiomersal_conc,668,2024,0.316667,-1.207888,False,False,False,False,False,0.436353,0.659313,0.348929
thiomersal_conc,669,2024,0.65,0.939987,False,False,False,False,False,0.479083,0.659313,0.348929
thiomersal_conc,670,2024,0.483333,-0.13395,False,False,False,False,False,0.479933,0.659313,0.348929
thiomersal_conc,671,2024,0.716667,1.369563,False,False,False,False,False,0.527279,0.659313,0.348929
thiomersal_conc,672,2024,0.466667,-0.241344,False,False,False,False,False,0.515157,0.659313,0.348929
thiomersal_conc,673,2024,0.45,-0.348738,False,False,False,False,False,0.502126,0.659313,0.348929
thiomersal_conc,674,2024,0.833333,2.121319,False,False,False,False,False,0.568367,0.659313,0.348929
thiomersal_conc,675,2024,0.316667,-1.207888,False,False,False,False,False,0.518027,0.659313,0.348929
thiomersal_conc,676,2024,0.583333,0.510412,False,False,False,False,False,0.531088,0.659313,0.348929
thiomersal_conc,677,2024,0.6,0.617806,False,False,False,False,False,0.544871,0.659313,0.348929
thiomersal_conc,678,2024,0.683333,1.154775,False,False,False,False,False,0.572563,0.659313,0.348929
thiomersal_conc,679,2024,0.516667,0.080837,False,False,False,False,False,0.561384,0.659313,0.348929
thiomersal_conc,680,2024,0.433333,-0.456132,False,False,False,False,False,0.535774,0.659313,0.348929
thiomersal_conc,681,2024,0.6,0.617806,False,False,False,False,False,0.548619,0.659313,0.348929
thiomersal_conc,682,2024,0.5,-0.026557,False,False,False,False,False,0.538895,0.659313,0.348929
thiomersal_conc,683,2024,0.366667,-0.885707,False,False,False,False,False,0.504449,0.659313,0.348929
thiomersal_conc,684,2024,0.516667,0.080837,False,False,False,False,False,0.506893,0.659313,0.348929
thiomersal_conc,685,2024,0.333333,-1.100494,False,False,False,False,False,0.472181,0.659313,0.348929
thiomersal_conc,686,2024,0.6,0.617806,False,False,False,False,False,0.497745,0.659313,0.348929
thiomersal_conc,687,2024,0.15,-2.281826,False,False,False,False,False,0.428196,0.659313,0.348929
thiomersal_conc,688,2024,0.416667,-0.563526,False,False,False,False,False,0.42589,0.659313,0.348929
thiomersal_conc,689,2024,0.3,-1.315282,False,False,False,False,False,0.400712,0.659313,0.348929
thiomersal_conc,690,2025,0.45,-0.348738,False,False,False,False,False,0.41057,0.659313,0.348929
thiomersal_conc,691,2025,0.683333,1.154775,False,False,False,False,False,0.465122,0.659313,0.348929
thiomersal_conc,692,2025,0.316667,-1.207888,False,False,False,False,False,0.435431,0.659313,0.348929
thiomersal_conc,693,2025,0.616667,0.7252,False,False,False,False,False,0.471678,0.659313,0.348929
thiomersal_conc,694,2025,0.45,-0.348738,False,False,False,False,False,0.467343,0.659313,0.348929
thiomersal_conc,695,2025,0.6,0.617806,False,False,False,False,False,0.493874,0.659313,0.348929
thiomersal_conc,696,2025,0.316667,-1.207888,False,False,False,False,False,0.458433,0.659313,0.348929
thiomersal_conc,697,2025,0.35,-0.993101,False,False,False,False,False,0.436746,0.659313,0.348929
thiomersal_conc,698,2025,0.483333,-0.13395,False,False,False,False,False,0.446064,0.659313,0.348929
thiomersal_conc,699,2025,0.35,-0.993101,False,False,False,False,False,0.426851,0.659313,0.348929
thiomersal_conc,700,2025,0.566667,0.403019,False,False,False,False,False,0.454814,0.659313,0.348929
thiomersal_conc,701,2025,0.483333,-0.13395,False,False,False,False,False,0.460518,0.659313,0.348929
thiomersal_conc,702,2025,0.666667,1.047381,False,False,False,False,False,0.501748,0.659313,0.348929
thiomersal_conc,703,2025,0.416667,-0.563526,False,False,False,False,False,0.484731,0.659313,0.348929
thiomersal_conc,704,2025,0.5,-0.026557,False,False,False,False,False,0.487785,0.659313,0.348929
thiomersal_conc,705,2025,0.45,-0.348738,False,False,False,False,False,0.480228,0.659313,0.348929
thiomersal_conc,706,2025,0.416667,-0.563526,False,False,False,False,False,0.467516,0.659313,0.348929
thiomersal_conc,707,2025,0.616667,0.7252,False,False,False,False,False,0.497346,0.659313,0.348929
thiomersal_conc,708,2025,0.366667,-0.885707,False,False,False,False,False,0.47121,0.659313,0.348929
thiomersal_conc,709,2025,0.733333,1.476956,False,False,False,False,False,0.523635,0.659313,0.348929
thiomersal_conc,710,2025,0.683333,1.154775,False,False,False,False,False,0.555574,0.659313,0.348929
thiomersal_conc,711,2025,0.666667,1.047381,False,False,False,False,False,0.577793,0.659313,0.348929
thiomersal_conc,712,2025,0.35,-0.993101,False,False,False,False,False,0.532234,0.659313,0.348929
thiomersal_conc,713,2025,0.5,-0.026557,False,False,False,False,False,0.525787,0.659313,0.348929
thiomersal_conc,714,2025,0.45,-0.348738,False,False,False,False,False,0.51063,0.659313,0.348929
thiomersal_conc,715,2025,0.333333,-1.100494,False,False,False,False,False,0.475171,0.659313,0.348929
thiomersal_conc,716,2025,0.333333,-1.100494,False,False,False,False,False,0.446803,0.659313,0.348929
thiomersal_conc,717,2025,0.733333,1.476956,False,False,False,False,False,0.504109,0.659313,0.348929
thiomersal_conc,718,2025,0.466667,-0.241344,False,False,False,False,False,0.496621,0.659313,0.348929
thiomersal_conc,719,2025,0.283333,-1.422676,False,False,False,False,False,0.453963,0.659313,0.348929
thiomersal_conc,720,2025,0.483333,-0.13395,False,False,False,False,False,0.459837,0.659313,0.348929
thiomersal_conc,721,2025,0.6,0.617806,False,False,False,False,False,0.48787,0.659313,0.348929
thiomersal_conc,722,2025,0.483333,-0.13395,False,False,False,False,False,0.486963,0.659313,0.348929
thiomersal_conc,723,2025,0.366667,-0.885707,False,False,False,False,False,0.462903,0.659313,0.348929
thiomersal_conc,724,2025,0.683333,1.154775,False,False,False,False,False,0.506989,0.659313,0.348929
thiomersal_conc,725,2025,0.266667,-1.53007,False,False,False,False,False,0.458925,0.659313,0.348929
thiomersal_conc,726,2025,0.583333,0.510412,False,False,False,False,False,0.483807,0.659313,0.348929
thiomersal_conc,727,2025,0.6,0.617806,False,False,False,False,False,0.507045,0.659313,0.348929
thiomersal_conc,728,2025,0.433333,-0.456132,False,False,False,False,False,0.492303,0.659313,0.348929
thiomersal_conc,729,2025,0.283333,-1.422676,False,False,False,False,False,0.450509,0.659313,0.348929
thiomersal_conc,730,2025,0.716667,1.369563,False,False,False,False,False,0.50374,0.659313,0.348929
thiomersal_conc,731,2025,0.3,-1.315282,False,False,False,False,False,0.462992,0.659313,0.348929
thiomersal_conc,732,2025,0.566667,0.403019,False,False,False,False,False,0.483727,0.659313,0.348929
thiomersal_conc,733,2025,0.416667,-0.563526,False,False,False,False,False,0.470315,0.659313,0.348929
thiomersal_conc,734,2025,0.5,-0.026557,False,False,False,False,False,0.476252,0.659313,0.348929
thiomersal_conc,735,2025,0.533333,0.188231,False,False,False,False,False,0.487668,0.659313,0.348929
thiomersal_conc,736,2025,0.466667,-0.241344,False,False,False,False,False,0.483468,0.659313,0.348929
bactericidal_titer,1,2011,0.777778,1.494293,False,False,False,False,False,0.597222,0.642706,0.461461
bactericidal_titer,2,2011,0.666667,0.758641,False,False,False,False,False,0.611111,0.668137,0.43603
bactericidal_titer,3,2011,0.444444,-0.712663,False,False,False,False,False,0.577778,0.681822,0.422344
bactericidal_titer,4,2011,0.555556,0.022989,False,False,False,False,False,0.573333,0.68987,0.414297
bactericidal_titer,5,2011,0.555556,0.022989,False,False,False,False,False,0.569778,0.694782,0.409385
bactericidal_titer,6,2011,0.333333,-1.448315,False,False,False,False,False,0.522489,0.697839,0.406328
bactericidal_titer,7,2011,0.555556,0.022989,False,False,False,False,False,0.529102,0.699762,0.404404
bactericidal_titer,8,2011,0.666667,0.758641,False,False,False,False,False,0.556615,0.70098,0.403187
bactericidal_titer,9,2011,0.333333,-1.448315,False,False,False,False,False,0.511959,0.701754,0.402412
bactericidal_titer,10,2011,0.555556,0.022989,False,False,False,False,False,0.520678,0.702248,0.401919
bactericidal_titer,11,2011,0.444444,-0.712663,False,False,False,False,False,0.505431,0.702563,0.401604
bactericidal_titer,12,2011,0.666667,0.758641,False,False,False,False,False,0.537678,0.702764,0.401403
bactericidal_titer,13,2011,0.555556,0.022989,False,False,False,False,False,0.541254,0.702892,0.401274
bactericidal_titer,14,2011,0.666667,0.758641,False,False,False,False,False,0.566336,0.702975,0.401192
bactericidal_titer,15,2011,0.444444,-0.712663,False,False,False,False,False,0.541958,0.703027,0.401139
bactericidal_titer,16,2011,0.666667,0.758641,False,False,False,False,False,0.5669,0.703061,0.401106
bactericidal_titer,17,2011,0.555556,0.022989,False,False,False,False,False,0.564631,0.703083,0.401084
bactericidal_titer,18,2011,0.444444,-0.712663,False,False,False,False,False,0.540594,0.703096,0.40107
bactericidal_titer,19,2011,0.555556,0.022989,False,False,False,False,False,0.543586,0.703105,0.401061
bactericidal_titer,20,2011,0.555556,0.022989,False,False,False,False,False,0.54598,0.703111,0.401056
bactericidal_titer,21,2011,0.666667,0.758641,False,False,False,False,False,0.570117,0.703114,0.401052
bactericidal_titer,22,2011,0.444444,-0.712663,False,False,False,False,False,0.544983,0.703117,0.40105
bactericidal_titer,23,2011,0.444444,-0.712663,False,False,False,False,False,0.524875,0.703118,0.401048
bactericidal_titer,24,2011,0.555556,0.022989,False,False,False,False,False,0.531011,0.703119,0.401047
bactericidal_titer,25,2011,0.555556,0.022989,False,False,False,False,False,0.53592,0.70312,0.401047
bactericidal_titer,26,2011,0.666667,0.758641,False,False,False,False,False,0.562069,0.70312,0.401046
bactericidal_titer,27,2011,0.555556,0.022989,False,False,False,False,False,0.560767,0.70312,0.401046
bactericidal_titer,28,2011,0.555556,0.022989,False,False,False,False,False,0.559724,0.703121,0.401046
bactericidal_titer,29,2011,0.666667,0.758641,False,False,False,False,False,0.581113,0.703121,0.401046
bactericidal_titer,30,2011,0.111111,-2.91962,False,False,False,False,False,0.487112,0.703121,0.401046
bactericidal_titer,31,2011,0.444444,-0.712663,False,False,False,False,False,0.478579,0.703121,0.401046
bactericidal_titer,32,2011,0.444444,-0.712663,False,False,False,False,False,0.471752,0.703121,0.401046
bactericidal_titer,33,2011,0.666667,0.758641,False,False,False,False,False,0.510735,0.703121,0.401046
bactericidal_titer,34,2011,0.777778,1.494293,False,False,False,False,False,0.564144,0.703121,0.401046
bactericidal_titer,35,2011,0.666667,0.758641,False,False,False,False,False,0.584648,0.703121,0.401046
bactericidal_titer,36,2011,0.666667,0.758641,False,False,False,False,False,0.601052,0.703121,0.401046
bactericidal_titer,37,2011,0.444444,-0.712663,False,False,False,False,False,0.56973,0.703121,0.401046
bactericidal_titer,38,2011,0.777778,1.494293,False,False,False,False,False,0.61134,0.703121,0.401046
bactericidal_titer,39,2012,0.444444,-0.712663,False,False,False,False,False,0.577961,0.703121,0.401046
bactericidal_titer,40,2012,0.333333,-1.448315,False,False,False,False,False,0.529035,0.703121,0.401046
bactericidal_titer,41,2012,0.555556,0.022989,False,False,False,False,False,0.534339,0.703121,0.401046
bactericidal_titer,42,2012,0.777778,1.494293,False,False,False,False,False,0.583027,0.703121,0.401046
bactericidal_titer,43,2012,0.777778,1.494293,False,False,False,False,False,0.621977,0.703121,0.401046
bactericidal_titer,44,2012,0.555556,0.022989,False,False,False,False,False,0.608693,0.703121,0.401046
bactericidal_titer,45,2012,0.444444,-0.712663,False,False,False,False,False,0.575843,0.703121,0.401046
bactericidal_titer,46,2012,0.777778,1.494293,False,False,False,False,False,0.61623,0.703121,0.401046
bactericidal_titer,47,2012,0.666667,0.758641,False,False,False,False,False,0.626317,0.703121,0.401046
bactericidal_titer,48,2012,0.555556,0.022989,False,False,False,False,False,0.612165,0.703121,0.401046
bactericidal_titer,49,2012,0.666667,0.758641,False,False,False,False,False,0.623065,0.703121,0.401046
bactericidal_titer,50,2012,0.666667,0.758641,False,False,False,False,False,0.631786,0.703121,0.401046
bactericidal_titer,51,2012,0.555556,0.022989,False,False,False,False,False,0.61654,0.703121,0.401046
bactericidal_titer,52,2012,0.666667,0.758641,False,False,False,False,False,0.626565,0.703121,0.401046
bactericidal_titer,53,2012,0.555556,0.022989,False,False,False,False,False,0.612363,0.703121,0.401046
bactericidal_titer,54,2012,0.777778,1.494293,False,True,False,False,False,0.645446,0.703121,0.401046
bactericidal_titer,55,2012,0.444444,-0.712663,False,False,False,False,False,0.605246,0.703121,0.401046
bactericidal_titer,56,2012,0.555556,0.022989,False,False,False,False,False,0.595308,0.703121,0.401046
bactericidal_titer,57,2012,0.777778,1.494293,False,False,False,False,False,0.631802,0.703121,0.401046
bactericidal_titer,58,2012,0.444444,-0.712663,False,False,False,False,False,0.59433,0.703121,0.401046
bactericidal_titer,59,2012,0.444444,-0.712663,False,False,False,False,False,0.564353,0.703121,0.401046
bactericidal_titer,60,2012,0.444444,-0.712663,False,False,False,False,False,0.540371,0.703121,0.401046
bactericidal_titer,61,2012,0.333333,-1.448315,False,False,False,False,False,0.498964,0.703121,0.401046
bactericidal_titer,62,2012,0.555556,0.022989,False,False,False,False,False,0.510282,0.703121,0.401046
bactericidal_titer,63,2012,0.666667,0.758641,False,False,False,False,False,0.541559,0.703121,0.401046
bactericidal_titer,64,2012,0.444444,-0.712663,False,False,False,False,False,0.522136,0.703121,0.401046
bactericidal_titer,65,2012,0.444444,-0.712663,False,False,False,False,False,0.506598,0.703121,0.401046
bactericidal_titer,66,2012,0.555556,0.022989,False,False,False,False,False,0.516389,0.703121,0.401046
bactericidal_titer,67,2012,0.444444,-0.712663,False,False,False,False,False,0.502,0.703121,0.401046
bactericidal_titer,68,2012,0.444444,-0.712663,False,False,False,False,False,0.490489,0.703121,0.401046
bactericidal_titer,69,2012,0.555556,0.022989,False,False,False,False,False,0.503502,0.703121,0.401046
bactericidal_titer,70,2012,0.777778,1.494293,False,False,False,False,False,0.558358,0.703121,0.401046
bactericidal_titer,71,2012,0.888889,2.229946,False,False,False,False,False,0.624464,0.703121,0.401046
bactericidal_titer,72,2012,0.555556,0.022989,False,False,False,False,False,0.610682,0.703121,0.401046
bactericidal_titer,73,2012,0.222222,-2.183967,False,False,False,False,False,0.53299,0.703121,0.401046
bactericidal_titer,74,2012,0.666667,0.758641,False,False,False,False,False,0.559725,0.703121,0.401046
bactericidal_titer,75,2012,0.555556,0.022989,False,False,False,False,False,0.558891,0.703121,0.401046
bactericidal_titer,76,2012,0.444444,-0.712663,False,False,False,False,False,0.536002,0.703121,0.401046
bactericidal_titer,77,2012,0.666667,0.758641,False,False,False,False,False,0.562135,0.703121,0.401046
bactericidal_titer,78,2012,0.444444,-0.712663,False,False,False,False,False,0.538597,0.703121,0.401046
bactericidal_titer,79,2012,0.555556,0.022989,False,False,False,False,False,0.541989,0.703121,0.401046
bactericidal_titer,80,2012,0.444444,-0.712663,False,False,False,False,False,0.52248,0.703121,0.401046
bactericidal_titer,81,2012,0.666667,0.758641,False,False,False,False,False,0.551317,0.703121,0.401046
bactericidal_titer,82,2012,0.333333,-1.448315,False,False,False,False,False,0.50772,0.703121,0.401046
bactericidal_titer,83,2013,0.888889,2.229946,False,False,False,False,False,0.583954,0.703121,0.401046
bactericidal_titer,84,2013,0.444444,-0.712663,False,False,False,False,False,0.556052,0.703121,0.401046
bactericidal_titer,85,2013,0.444444,-0.712663,False,False,False,False,False,0.533731,0.703121,0.401046
bactericidal_titer,86,2013,0.555556,0.022989,False,False,False,False,False,0.538096,0.703121,0.401046
bactericidal_titer,87,2013,0.444444,-0.712663,False,False,False,False,False,0.519365,0.703121,0.401046
bactericidal_titer,88,2013,0.333333,-1.448315,False,False,False,False,False,0.482159,0.703121,0.401046
bactericidal_titer,89,2013,0.555556,0.022989,False,False,False,False,False,0.496838,0.703121,0.401046
bactericidal_titer,90,2013,0.555556,0.022989,False,False,False,False,False,0.508582,0.703121,0.401046
bactericidal_titer,91,2013,0.777778,1.494293,False,False,False,False,False,0.562421,0.703121,0.401046
bactericidal_titer,92,2013,0.777778,1.494293,False,False,False,False,False,0.605492,0.703121,0.401046
bactericidal_titer,93,2013,0.555556,0.022989,False,False,False,False,False,0.595505,0.703121,0.401046
bactericidal_titer,94,2013,0.555556,0.022989,False,False,False,False,False,0.587515,0.703121,0.401046
bactericidal_titer,95,2013,0.222222,-2.183967,False,False,False,False,False,0.514457,0.703121,0.401046
bactericidal_titer,96,2013,0.444444,-0.712663,False,False,False,False,False,0.500454,0.703121,0.401046
bactericidal_titer,97,2013,0.444444,-0.712663,False,False,False,False,False,0.489252,0.703121,0.401046
bactericidal_titer,98,2013,0.555556,0.022989,False,False,False,False,False,0.502513,0.703121,0.401046
bactericidal_titer,99,2013,0.777778,1.494293,False,False,False,False,False,0.557566,0.703121,0.401046
bactericidal_titer,100,2013,0.444444,-0.712663,False,False,False,False,False,0.534942,0.703121,0.401046
bactericidal_titer,101,2013,0.555556,0.022989,False,False,False,False,False,0.539064,0.703121,0.401046
bactericidal_titer,102,2013,0.444444,-0.712663,False,False,False,False,False,0.52014,0.703121,0.401046
bactericidal_titer,103,2013,0.222222,-2.183967,False,False,False,False,False,0.460557,0.703121,0.401046
bactericidal_titer,104,2013,0.555556,0.022989,False,False,False,False,False,0.479557,0.703121,0.401046
bactericidal_titer,105,2013,0.444444,-0.712663,False,False,False,False,False,0.472534,0.703121,0.401046
bactericidal_titer,106,2013,0.333333,-1.448315,False,False,False,False,False,0.444694,0.703121,0.401046
bactericidal_titer,107,2013,0.333333,-1.448315,False,False,False,False,False,0.422422,0.703121,0.401046
bactericidal_titer,108,2013,0.444444,-0.712663,False,False,False,False,False,0.426826,0.703121,0.401046
bactericidal_titer,109,2013,0.333333,-1.448315,False,False,False,False,False,0.408128,0.703121,0.401046
bactericidal_titer,110,2013,0.444444,-0.712663,False,False,False,False,False,0.415391,0.703121,0.401046
bactericidal_titer,111,2013,0.555556,0.022989,False,False,False,False,False,0.443424,0.703121,0.401046
bactericidal_titer,112,2013,0.444444,-0.712663,False,False,False,False,False,0.443628,0.703121,0.401046
bactericidal_titer,113,2013,0.555556,0.022989,False,False,False,False,False,0.466014,0.703121,0.401046
bactericidal_titer,114,2013,0.555556,0.022989,False,False,False,False,False,0.483922,0.703121,0.401046
bactericidal_titer,115,2013,0.333333,-1.448315,False,False,False,False,False,0.453804,0.703121,0.401046
bactericidal_titer,116,2013,0.666667,0.758641,False,False,False,False,False,0.496377,0.703121,0.401046
bactericidal_titer,117,2013,0.555556,0.022989,False,False,False,False,False,0.508212,0.703121,0.401046
bactericidal_titer,118,2013,0.444444,-0.712663,False,False,False,False,False,0.495459,0.703121,0.401046
bactericidal_titer,119,2013,0.555556,0.022989,False,False,False,False,False,0.507478,0.703121,0.401046
bactericidal_titer,120,2013,0.555556,0.022989,False,False,False,False,False,0.517094,0.703121,0.401046
bactericidal_titer,121,2013,0.444444,-0.712663,False,False,False,False,False,0.502564,0.703121,0.401046
bactericidal_titer,122,2013,0.777778,1.494293,False,False,False,False,False,0.557607,0.703121,0.401046
bactericidal_titer,123,2013,0.888889,2.229946,False,False,False,False,False,0.623863,0.703121,0.401046
bactericidal_titer,124,2013,0.555556,0.022989,False,False,False,False,False,0.610202,0.703121,0.401046
bactericidal_titer,125,2013,0.444444,-0.712663,False,False,False,False,False,0.57705,0.703121,0.401046
bactericidal_titer,126,2013,0.888889,2.229946,False,False,False,False,False,0.639418,0.703121,0.401046
bactericidal_titer,127,2013,0.777778,1.494293,False,False,False,False,False,0.66709,0.703121,0.401046
bactericidal_titer,128,2013,0.444444,-0.712663,False,False,False,False,False,0.622561,0.703121,0.401046
bactericidal_titer,129,2013,0.555556,0.022989,False,False,False,False,False,0.60916,0.703121,0.401046
bactericidal_titer,130,2013,0.444444,-0.712663,False,False,False,False,False,0.576217,0.703121,0.401046
bactericidal_titer,131,2013,0.333333,-1.448315,False,False,False,False,False,0.52764,0.703121,0.401046
bactericidal_titer,132,2013,0.444444,-0.712663,False,False,False,False,False,0.511001,0.703121,0.401046
bactericidal_titer,133,2013,0.777778,1.494293,False,False,False,False,False,0.564356,0.703121,0.401046
bactericidal_titer,134,2013,0.444444,-0.712663,False,False,False,False,False,0.540374,0.703121,0.401046
bactericidal_titer,135,2014,0.666667,0.758641,False,False,False,False,False,0.565632,0.703121,0.401046
bactericidal_titer,136,2014,0.444444,-0.712663,False,False,False,False,False,0.541395,0.703121,0.401046
bactericidal_titer,137,2014,0.444444,-0.712663,False,False,False,False,False,0.522005,0.703121,0.401046
bactericidal_titer,138,2014,0.444444,-0.712663,False,False,False,False,False,0.506493,0.703121,0.401046
bactericidal_titer,139,2014,0.333333,-1.448315,False,False,False,False,False,0.471861,0.703121,0.401046
bactericidal_titer,140,2014,0.444444,-0.712663,False,False,False,False,False,0.466378,0.703121,0.401046
bactericidal_titer,141,2014,0.555556,0.022989,False,False,False,False,False,0.484213,0.703121,0.401046
bactericidal_titer,142,2014,0.444444,-0.712663,False,False,False,False,False,0.476259,0.703121,0.401046
bactericidal_titer,143,2014,0.555556,0.022989,False,False,False,False,False,0.492119,0.703121,0.401046
bactericidal_titer,144,2014,0.555556,0.022989,False,False,False,False,False,0.504806,0.703121,0.401046
bactericidal_titer,145,2014,0.555556,0.022989,False,False,False,False,False,0.514956,0.703121,0.401046
bactericidal_titer,146,2014,0.666667,0.758641,False,False,False,False,False,0.545298,0.703121,0.401046
bactericidal_titer,147,2014,0.111111,-2.91962,False,False,False,False,False,0.458461,0.703121,0.401046
bactericidal_titer,148,2014,0.777778,1.494293,False,False,False,False,False,0.522324,0.703121,0.401046
bactericidal_titer,149,2014,0.555556,0.022989,False,False,False,False,False,0.52897,0.703121,0.401046
bactericidal_titer,150,2014,0.888889,2.229946,False,False,False,False,False,0.600954,0.703121,0.401046
bactericidal_titer,151,2014,0.555556,0.022989,False,False,False,False,False,0.591874,0.703121,0.401046
bactericidal_titer,152,2014,0.444444,-0.712663,False,False,False,False,False,0.562388,0.703121,0.401046
bactericidal_titer,153,2014,0.555556,0.022989,False,False,False,False,False,0.561022,0.703121,0.401046
bactericidal_titer,154,2014,0.222222,-2.183967,False,False,False,False,False,0.493262,0.703121,0.401046
bactericidal_titer,155,2014,0.444444,-0.712663,False,False,False,False,False,0.483498,0.703121,0.401046
bactericidal_titer,156,2014,0.333333,-1.448315,False,False,False,False,False,0.453465,0.703121,0.401046
bactericidal_titer,157,2014,0.444444,-0.712663,False,False,False,False,False,0.451661,0.703121,0.401046
bactericidal_titer,158,2014,0.888889,2.229946,False,False,False,False,False,0.539107,0.703121,0.401046
bactericidal_titer,159,2014,0.555556,0.022989,False,False,False,False,False,0.542397,0.703121,0.401046
bactericidal_titer,160,2014,0.555556,0.022989,False,False,False,False,False,0.545028,0.703121,0.401046
bactericidal_titer,161,2014,0.555556,0.022989,False,False,False,False,False,0.547134,0.703121,0.401046
bactericidal_titer,162,2014,0.666667,0.758641,False,False,False,False,False,0.57104,0.703121,0.401046
bactericidal_titer,163,2014,0.555556,0.022989,False,False,False,False,False,0.567943,0.703121,0.401046
bactericidal_titer,164,2014,0.888889,2.229946,False,False,False,False,False,0.632132,0.703121,0.401046
bactericidal_titer,165,2014,0.444444,-0.712663,False,False,False,False,False,0.594595,0.703121,0.401046
bactericidal_titer,166,2014,0.444444,-0.712663,False,False,False,False,False,0.564565,0.703121,0.401046
bactericidal_titer,167,2014,0.222222,-2.183967,False,False,False,False,False,0.496096,0.703121,0.401046
bactericidal_titer,168,2014,0.555556,0.022989,False,False,False,False,False,0.507988,0.703121,0.401046
bactericidal_titer,169,2014,0.555556,0.022989,False,False,False,False,False,0.517502,0.703121,0.401046
bactericidal_titer,170,2014,0.555556,0.022989,False,False,False,False,False,0.525112,0.703121,0.401046
bactericidal_titer,171,2014,0.444444,-0.712663,False,False,False,False,False,0.508979,0.703121,0.401046
bactericidal_titer,172,2014,0.444444,-0.712663,False,False,False,False,False,0.496072,0.703121,0.401046
bactericidal_titer,173,2014,0.555556,0.022989,False,False,False,False,False,0.507969,0.703121,0.401046
bactericidal_titer,174,2014,0.666667,0.758641,False,False,False,False,False,0.539708,0.703121,0.401046
bactericidal_titer,175,2014,0.666667,0.758641,False,False,False,False,False,0.5651,0.703121,0.401046
bactericidal_titer,176,2014,0.555556,0.022989,False,False,False,False,False,0.563191,0.703121,0.401046
bactericidal_titer,177,2014,0.555556,0.022989,False,False,False,False,False,0.561664,0.703121,0.401046
bactericidal_titer,178,2014,0.777778,1.494293,False,False,False,False,False,0.604887,0.703121,0.401046
bactericidal_titer,179,2014,0.555556,0.022989,False,False,False,False,False,0.59502,0.703121,0.401046
bactericidal_titer,180,2014,0.333333,-1.448315,False,False,False,False,False,0.542683,0.703121,0.401046
bactericidal_titer,181,2014,0.555556,0.022989,False,False,False,False,False,0.545258,0.703121,0.401046
bactericidal_titer,182,2014,0.666667,0.758641,False,False,False,False,False,0.569539,0.703121,0.401046
bactericidal_titer,183,2014,0.555556,0.022989,False,False,False,False,False,0.566743,0.703121,0.401046
bactericidal_titer,184,2015,0.333333,-1.448315,False,False,False,False,False,0.520061,0.703121,0.401046
bactericidal_titer,185,2015,0.555556,0.022989,False,False,False,False,False,0.52716,0.703121,0.401046
bactericidal_titer,186,2015,0.333333,-1.448315,False,False,False,False,False,0.488394,0.703121,0.401046
bactericidal_titer,187,2015,0.666667,0.758641,False,False,False,False,False,0.524049,0.703121,0.401046
bactericidal_titer,188,2015,0.777778,1.494293,False,False,False,False,False,0.574795,0.703121,0.401046
bactericidal_titer,189,2015,0.111111,-2.91962,False,False,False,False,False,0.482058,0.703121,0.401046
bactericidal_titer,190,2015,0.777778,1.494293,False,False,False,False,False,0.541202,0.703121,0.401046
bactericidal_titer,191,2015,0.444444,-0.712663,False,False,False,False,False,0.52185,0.703121,0.401046
bactericidal_titer,192,2015,0.444444,-0.712663,False,False,False,False,False,0.506369,0.703121,0.401046
bactericidal_titer,193,2015,0.555556,0.022989,False,False,False,False,False,0.516206,0.703121,0.401046
bactericidal_titer,194,2015,0.333333,-1.448315,False,False,False,False,False,0.479632,0.703121,0.401046
bactericidal_titer,195,2015,0.666667,0.758641,False,False,False,False,False,0.517039,0.703121,0.401046
bactericidal_titer,196,2015,0.333333,-1.448315,False,False,False,False,False,0.480298,0.703121,0.401046
bactericidal_titer,197,2015,0.666667,0.758641,False,False,False,False,False,0.517572,0.703121,0.401046
bactericidal_titer,198,2015,0.888889,2.229946,False,False,False,False,False,0.591835,0.703121,0.401046
bactericidal_titer,199,2015,0.444444,-0.712663,False,False,False,False,False,0.562357,0.703121,0.401046
bactericidal_titer,200,2015,0.777778,1.494293,False,False,False,False,False,0.605441,0.703121,0.401046
bactericidal_titer,201,2015,0.555556,0.022989,False,False,False,False,False,0.595464,0.703121,0.401046
bactericidal_titer,202,2015,0.444444,-0.712663,False,False,False,False,False,0.56526,0.703121,0.401046
bactericidal_titer,203,2015,0.666667,0.758641,False,False,False,False,False,0.585541,0.703121,0.401046
bactericidal_titer,204,2015,0.333333,-1.448315,False,False,False,False,False,0.5351,0.703121,0.401046
bactericidal_titer,205,2015,0.777778,1.494293,False,False,False,False,False,0.583635,0.703121,0.401046
bactericidal_titer,206,2015,0.666667,0.758641,False,False,False,False,False,0.600242,0.703121,0.401046
bactericidal_titer,207,2015,0.444444,-0.712663,False,False,False,False,False,0.569082,0.703121,0.401046
bactericidal_titer,208,2015,0.555556,0.022989,False,False,False,False,False,0.566377,0.703121,0.401046
bactericidal_titer,209,2015,0.222222,-2.183967,False,False,False,False,False,0.497546,0.703121,0.401046
bactericidal_titer,210,2015,0.444444,-0.712663,False,False,False,False,False,0.486926,0.703121,0.401046
bactericidal_titer,211,2015,0.666667,0.758641,False,False,False,False,False,0.522874,0.703121,0.401046
bactericidal_titer,212,2015,0.444444,-0.712663,False,False,False,False,False,0.507188,0.703121,0.401046
bactericidal_titer,213,2015,0.777778,1.494293,False,False,False,False,False,0.561306,0.703121,0.401046
bactericidal_titer,214,2015,0.555556,0.022989,False,False,False,False,False,0.560156,0.703121,0.401046
bactericidal_titer,215,2015,0.666667,0.758641,False,False,False,False,False,0.581458,0.703121,0.401046
bactericidal_titer,216,2015,0.333333,-1.448315,False,False,False,False,False,0.531833,0.703121,0.401046
bactericidal_titer,217,2015,0.666667,0.758641,False,False,False,False,False,0.5588,0.703121,0.401046
bactericidal_titer,218,2015,0.555556,0.022989,False,False,False,False,False,0.558151,0.703121,0.401046
bactericidal_titer,219,2015,0.555556,0.022989,False,False,False,False,False,0.557632,0.703121,0.401046
bactericidal_titer,220,2015,0.444444,-0.712663,False,False,False,False,False,0.534994,0.703121,0.401046
bactericidal_titer,221,2015,0.444444,-0.712663,False,False,False,False,False,0.516884,0.703121,0.401046
bactericidal_titer,222,2015,0.666667,0.758641,False,False,False,False,False,0.546841,0.703121,0.401046
bactericidal_titer,223,2015,0.888889,2.229946,False,False,False,False,False,0.61525,0.703121,0.401046
bactericidal_titer,224,2015,0.444444,-0.712663,False,False,False,False,False,0.581089,0.703121,0.401046
bactericidal_titer,225,2015,0.555556,0.022989,False,False,False,False,False,0.575983,0.703121,0.401046
bactericidal_titer,226,2015,0.333333,-1.448315,False,False,False,False,False,0.527453,0.703121,0.401046
bactericidal_titer,227,2015,0.444444,-0.712663,False,False,False,False,False,0.510851,0.703121,0.401046
bactericidal_titer,228,2015,0.666667,0.758641,False,False,False,False,False,0.542014,0.703121,0.401046
bactericidal_titer,229,2015,0.444444,-0.712663,False,False,False,False,False,0.5225,0.703121,0.401046
bactericidal_titer,230,2015,0.444444,-0.712663,False,False,False,False,False,0.506889,0.703121,0.401046
bactericidal_titer,231,2015,0.555556,0.022989,False,False,False,False,False,0.516622,0.703121,0.401046
bactericidal_titer,232,2015,0.444444,-0.712663,False,False,False,False,False,0.502187,0.703121,0.401046
bactericidal_titer,233,2015,0.666667,0.758641,False,False,False,False,False,0.535083,0.703121,0.401046
bactericidal_titer,234,2015,0.555556,0.022989,False,False,False,False,False,0.539177,0.703121,0.401046
bactericidal_titer,235,2015,0.666667,0.758641,False,False,False,False,False,0.564675,0.703121,0.401046
bactericidal_titer,236,2015,0.444444,-0.712663,False,False,False,False,False,0.540629,0.703121,0.401046
bactericidal_titer,237,2015,0.555556,0.022989,False,False,False,False,False,0.543614,0.703121,0.401046
bactericidal_titer,238,2015,0.777778,1.494293,False,False,False,False,False,0.590447,0.703121,0.401046
bactericidal_titer,239,2015,0.777778,1.494293,False,False,False,False,False,0.627913,0.703121,0.401046
bactericidal_titer,240,2015,0.666667,0.758641,False,False,False,False,False,0.635664,0.703121,0.401046
bactericidal_titer,241,2016,0.666667,0.758641,False,False,False,False,False,0.641864,0.703121,0.401046
bactericidal_titer,242,2016,0.444444,-0.712663,False,False,False,False,False,0.60238,0.703121,0.401046
bactericidal_titer,243,2016,0.333333,-1.448315,False,False,False,False,False,0.548571,0.703121,0.401046
bactericidal_titer,244,2016,0.444444,-0.712663,False,False,False,False,False,0.527746,0.703121,0.401046
bactericidal_titer,245,2016,0.777778,1.494293,False,False,False,False,False,0.577752,0.703121,0.401046
bactericidal_titer,246,2016,0.333333,-1.448315,False,False,False,False,False,0.528868,0.703121,0.401046
bactericidal_titer,247,2016,0.555556,0.022989,False,False,False,False,False,0.534206,0.703121,0.401046
bactericidal_titer,248,2016,0.666667,0.758641,False,False,False,False,False,0.560698,0.703121,0.401046
bactericidal_titer,249,2016,0.666667,0.758641,False,False,False,False,False,0.581892,0.703121,0.401046
bactericidal_titer,250,2016,0.555556,0.022989,False,False,False,False,False,0.576624,0.703121,0.401046
bactericidal_titer,251,2016,0.555556,0.022989,False,False,False,False,False,0.572411,0.703121,0.401046
bactericidal_titer,252,2016,0.444444,-0.712663,False,False,False,False,False,0.546817,0.703121,0.401046
bactericidal_titer,253,2016,0.555556,0.022989,False,False,False,False,False,0.548565,0.703121,0.401046
bactericidal_titer,254,2016,0.444444,-0.712663,False,False,False,False,False,0.527741,0.703121,0.401046
bactericidal_titer,255,2016,0.666667,0.758641,False,False,False,False,False,0.555526,0.703121,0.401046
bactericidal_titer,256,2016,0.555556,0.022989,False,False,False,False,False,0.555532,0.703121,0.401046
bactericidal_titer,257,2016,0.444444,-0.712663,False,False,False,False,False,0.533314,0.703121,0.401046
bactericidal_titer,258,2016,0.666667,0.758641,False,False,False,False,False,0.559985,0.703121,0.401046
bactericidal_titer,259,2016,0.666667,0.758641,False,False,False,False,False,0.581321,0.703121,0.401046
bactericidal_titer,260,2016,0.555556,0.022989,False,False,False,False,False,0.576168,0.703121,0.401046
bactericidal_titer,261,2016,0.666667,0.758641,False,False,False,False,False,0.594268,0.703121,0.401046
bactericidal_titer,262,2016,0.777778,1.494293,False,False,False,False,False,0.63097,0.703121,0.401046
bactericidal_titer,263,2016,0.555556,0.022989,False,False,False,False,False,0.615887,0.703121,0.401046
bactericidal_titer,264,2016,0.333333,-1.448315,False,False,False,False,False,0.559376,0.703121,0.401046
bactericidal_titer,265,2016,0.777778,1.494293,False,False,False,False,False,0.603057,0.703121,0.401046
bactericidal_titer,266,2016,0.222222,-2.183967,False,False,False,False,False,0.52689,0.703121,0.401046
bactericidal_titer,267,2016,0.666667,0.758641,False,False,False,False,False,0.554845,0.703121,0.401046
bactericidal_titer,268,2016,0.555556,0.022989,False,False,False,False,False,0.554987,0.703121,0.401046
bactericidal_titer,269,2016,0.777778,1.494293,False,False,False,False,False,0.599545,0.703121,0.401046
bactericidal_titer,270,2016,0.555556,0.022989,False,False,False,False,False,0.590747,0.703121,0.401046
bactericidal_titer,271,2016,0.666667,0.758641,False,False,False,False,False,0.605931,0.703121,0.401046
bactericidal_titer,272,2016,0.555556,0.022989,False,False,False,False,False,0.595856,0.703121,0.401046
bactericidal_titer,273,2016,0.555556,0.022989,False,False,False,False,False,0.587796,0.703121,0.401046
bactericidal_titer,274,2016,0.777778,1.494293,False,False,False,False,False,0.625792,0.703121,0.401046
bactericidal_titer,275,2016,0.666667,0.758641,False,True,False,False,False,0.633967,0.703121,0.401046
bactericidal_titer,276,2016,0.666667,0.758641,False,True,False,False,False,0.640507,0.703121,0.401046
bactericidal_titer,277,2016,0.666667,0.758641,False,True,False,False,False,0.645739,0.703121,0.401046
bactericidal_titer,278,2016,0.666667,0.758641,False,True,False,False,False,0.649925,0.703121,0.401046
bactericidal_titer,279,2016,0.555556,0.022989,False,True,False,False,False,0.631051,0.703121,0.401046
bactericidal_titer,280,2016,0.444444,-0.712663,False,False,False,False,False,0.593729,0.703121,0.401046
bactericidal_titer,281,2016,0.555556,0.022989,False,False,False,False,False,0.586095,0.703121,0.401046
bactericidal_titer,282,2016,0.555556,0.022989,False,False,False,False,False,0.579987,0.703121,0.401046
bactericidal_titer,283,2016,0.777778,1.494293,False,False,False,False,False,0.619545,0.703121,0.401046
bactericidal_titer,284,2016,0.666667,0.758641,False,False,False,False,False,0.628969,0.703121,0.401046
bactericidal_titer,285,2016,0.444444,-0.712663,False,False,False,False,False,0.592064,0.703121,0.401046
bactericidal_titer,286,2016,0.888889,2.229946,False,False,False,False,False,0.651429,0.703121,0.401046
bactericidal_titer,287,2016,0.444444,-0.712663,False,False,False,False,False,0.610032,0.703121,0.401046
bactericidal_titer,288,2016,0.333333,-1.448315,False,False,False,False,False,0.554693,0.703121,0.401046
bactericidal_titer,289,2016,0.555556,0.022989,False,False,False,False,False,0.554865,0.703121,0.401046
bactericidal_titer,290,2016,0.666667,0.758641,False,False,False,False,False,0.577225,0.703121,0.401046
bactericidal_titer,291,2016,0.666667,0.758641,False,False,False,False,False,0.595114,0.703121,0.401046
bactericidal_titer,292,2016,0.777778,1.494293,False,False,False,False,False,0.631647,0.703121,0.401046
bactericidal_titer,293,2016,0.555556,0.022989,False,False,False,False,False,0.616428,0.703121,0.401046
bactericidal_titer,294,2016,0.666667,0.758641,False,False,False,False,False,0.626476,0.703121,0.401046
bactericidal_titer,295,2016,0.333333,-1.448315,False,False,False,False,False,0.567847,0.703121,0.401046
bactericidal_titer,296,2016,0.666667,0.758641,False,False,False,False,False,0.587611,0.703121,0.401046
bactericidal_titer,297,2016,0.777778,1.494293,False,False,False,False,False,0.625645,0.703121,0.401046
bactericidal_titer,298,2016,0.444444,-0.712663,False,False,False,False,False,0.589405,0.703121,0.401046
bactericidal_titer,299,2016,0.666667,0.758641,False,False,False,False,False,0.604857,0.703121,0.401046
bactericidal_titer,300,2016,0.444444,-0.712663,False,False,False,False,False,0.572774,0.703121,0.401046
bactericidal_titer,301,2016,0.777778,1.494293,False,False,False,False,False,0.613775,0.703121,0.401046
bactericidal_titer,302,2017,0.555556,0.022989,False,False,False,False,False,0.602131,0.703121,0.401046
bactericidal_titer,303,2017,0.555556,0.022989,False,False,False,False,False,0.592816,0.703121,0.401046
bactericidal_titer,304,2017,0.333333,-1.448315,False,False,False,False,False,0.54092,0.703121,0.401046
bactericidal_titer,305,2017,0.444444,-0.712663,False,False,False,False,False,0.521625,0.703121,0.401046
bactericidal_titer,306,2017,0.555556,0.022989,False,False,False,False,False,0.528411,0.703121,0.401046
bactericidal_titer,307,2017,0.666667,0.758641,False,False,False,False,False,0.556062,0.703121,0.401046
bactericidal_titer,308,2017,0.777778,1.494293,False,False,False,False,False,0.600405,0.703121,0.401046
bactericidal_titer,309,2017,0.444444,-0.712663,False,False,False,False,False,0.569213,0.703121,0.401046
bactericidal_titer,310,2017,0.555556,0.022989,False,False,False,False,False,0.566481,0.703121,0.401046
bactericidal_titer,311,2017,0.555556,0.022989,False,False,False,False,False,0.564296,0.703121,0.401046
bactericidal_titer,312,2017,0.333333,-1.448315,False,False,False,False,False,0.518104,0.703121,0.401046
bactericidal_titer,313,2017,0.777778,1.494293,False,False,False,False,False,0.570039,0.703121,0.401046
bactericidal_titer,314,2017,0.444444,-0.712663,False,False,False,False,False,0.54492,0.703121,0.401046
bactericidal_titer,315,2017,0.555556,0.022989,False,False,False,False,False,0.547047,0.703121,0.401046
bactericidal_titer,316,2017,0.666667,0.758641,False,False,False,False,False,0.570971,0.703121,0.401046
bactericidal_titer,317,2017,0.666667,0.758641,False,False,False,False,False,0.59011,0.703121,0.401046
bactericidal_titer,318,2017,0.666667,0.758641,False,False,False,False,False,0.605421,0.703121,0.401046
bactericidal_titer,319,2017,0.777778,1.494293,False,False,False,False,False,0.639893,0.703121,0.401046
bactericidal_titer,320,2017,0.666667,0.758641,False,False,False,False,False,0.645247,0.703121,0.401046
bactericidal_titer,321,2017,0.444444,-0.712663,False,False,False,False,False,0.605087,0.703121,0.401046
bactericidal_titer,322,2017,0.444444,-0.712663,False,False,False,False,False,0.572958,0.703121,0.401046
bactericidal_titer,323,2017,0.666667,0.758641,False,False,False,False,False,0.5917,0.703121,0.401046
bactericidal_titer,324,2017,0.555556,0.022989,False,False,False,False,False,0.584471,0.703121,0.401046
bactericidal_titer,325,2017,0.444444,-0.712663,False,False,False,False,False,0.556466,0.703121,0.401046
bactericidal_titer,326,2017,0.333333,-1.448315,False,False,False,False,False,0.511839,0.703121,0.401046
bactericidal_titer,327,2017,0.333333,-1.448315,False,False,False,False,False,0.476138,0.703121,0.401046
bactericidal_titer,328,2017,0.777778,1.494293,False,False,False,False,False,0.536466,0.703121,0.401046
bactericidal_titer,329,2017,0.888889,2.229946,False,False,False,False,False,0.606951,0.703121,0.401046
bactericidal_titer,330,2017,0.555556,0.022989,False,False,False,False,False,0.596672,0.703121,0.401046
bactericidal_titer,331,2017,0.555556,0.022989,False,False,False,False,False,0.588448,0.703121,0.401046
bactericidal_titer,332,2017,0.555556,0.022989,False,False,False,False,False,0.58187,0.703121,0.401046
bactericidal_titer,333,2017,0.333333,-1.448315,False,False,False,False,False,0.532163,0.703121,0.401046
bactericidal_titer,334,2017,0.666667,0.758641,False,False,False,False,False,0.559063,0.703121,0.401046
bactericidal_titer,335,2017,0.444444,-0.712663,False,False,False,False,False,0.53614,0.703121,0.401046
bactericidal_titer,336,2017,0.444444,-0.712663,False,False,False,False,False,0.517801,0.703121,0.401046
bactericidal_titer,337,2017,0.222222,-2.183967,False,False,False,False,False,0.458685,0.703121,0.401046
bactericidal_titer,338,2017,0.333333,-1.448315,False,False,False,False,False,0.433615,0.703121,0.401046
bactericidal_titer,339,2017,0.444444,-0.712663,False,False,False,False,False,0.435781,0.703121,0.401046
bactericidal_titer,340,2017,0.666667,0.758641,False,False,False,False,False,0.481958,0.703121,0.401046
bactericidal_titer,341,2017,0.444444,-0.712663,False,False,False,False,False,0.474455,0.703121,0.401046
bactericidal_titer,342,2017,0.777778,1.494293,False,False,False,False,False,0.53512,0.703121,0.401046
bactericidal_titer,343,2017,0.777778,1.494293,False,False,False,False,False,0.583651,0.703121,0.401046
bactericidal_titer,344,2017,0.444444,-0.712663,False,False,False,False,False,0.55581,0.703121,0.401046
bactericidal_titer,345,2017,0.555556,0.022989,False,False,False,False,False,0.555759,0.703121,0.401046
bactericidal_titer,346,2017,0.666667,0.758641,False,False,False,False,False,0.577941,0.703121,0.401046
bactericidal_titer,347,2017,0.777778,1.494293,False,False,False,False,False,0.617908,0.703121,0.401046
bactericidal_titer,348,2017,0.444444,-0.712663,False,False,False,False,False,0.583215,0.703121,0.401046
bactericidal_titer,349,2017,0.555556,0.022989,False,False,False,False,False,0.577683,0.703121,0.401046
bactericidal_titer,350,2017,0.666667,0.758641,False,False,False,False,False,0.59548,0.703121,0.401046
bactericidal_titer,351,2017,0.666667,0.758641,False,False,False,False,False,0.609717,0.703121,0.401046
bactericidal_titer,352,2017,0.444444,-0.712663,False,False,False,False,False,0.576663,0.703121,0.401046
bactericidal_titer,353,2017,0.555556,0.022989,False,False,False,False,False,0.572441,0.703121,0.401046
bactericidal_titer,354,2017,0.666667,0.758641,False,False,False,False,False,0.591286,0.703121,0.401046
bactericidal_titer,355,2017,0.444444,-0.712663,False,False,False,False,False,0.561918,0.703121,0.401046
bactericidal_titer,356,2017,0.444444,-0.712663,False,False,False,False,False,0.538423,0.703121,0.401046
bactericidal_titer,357,2018,0.666667,0.758641,False,False,False,False,False,0.564072,0.703121,0.401046
bactericidal_titer,358,2018,0.666667,0.758641,False,False,False,False,False,0.584591,0.703121,0.401046
bactericidal_titer,359,2018,0.555556,0.022989,False,False,False,False,False,0.578784,0.703121,0.401046
bactericidal_titer,360,2018,0.555556,0.022989,False,False,False,False,False,0.574138,0.703121,0.401046
bactericidal_titer,361,2018,0.444444,-0.712663,False,False,False,False,False,0.548199,0.703121,0.401046
bactericidal_titer,362,2018,0.888889,2.229946,False,False,False,False,False,0.616337,0.703121,0.401046
bactericidal_titer,363,2018,0.444444,-0.712663,False,False,False,False,False,0.581959,0.703121,0.401046
bactericidal_titer,364,2018,0.555556,0.022989,False,False,False,False,False,0.576678,0.703121,0.401046
bactericidal_titer,365,2018,0.555556,0.022989,False,False,False,False,False,0.572454,0.703121,0.401046
bactericidal_titer,366,2018,0.666667,0.758641,False,False,False,False,False,0.591296,0.703121,0.401046
bactericidal_titer,367,2018,0.333333,-1.448315,False,False,False,False,False,0.539704,0.703121,0.401046
bactericidal_titer,368,2018,0.444444,-0.712663,False,False,False,False,False,0.520652,0.703121,0.401046
bactericidal_titer,369,2018,0.666667,0.758641,False,False,False,False,False,0.549855,0.703121,0.401046
bactericidal_titer,370,2018,0.555556,0.022989,False,False,False,False,False,0.550995,0.703121,0.401046
bactericidal_titer,371,2018,0.555556,0.022989,False,False,False,False,False,0.551907,0.703121,0.401046
bactericidal_titer,372,2018,0.555556,0.022989,False,False,False,False,False,0.552637,0.703121,0.401046
bactericidal_titer,373,2018,0.555556,0.022989,False,False,False,False,False,0.553221,0.703121,0.401046
bactericidal_titer,374,2018,0.777778,1.494293,False,False,False,False,False,0.598132,0.703121,0.401046
bactericidal_titer,375,2018,0.666667,0.758641,False,False,False,False,False,0.611839,0.703121,0.401046
bactericidal_titer,376,2018,0.555556,0.022989,False,False,False,False,False,0.600582,0.703121,0.401046
bactericidal_titer,377,2018,0.555556,0.022989,False,True,False,False,False,0.591577,0.703121,0.401046
bactericidal_titer,378,2018,0.555556,0.022989,False,True,False,False,False,0.584373,0.703121,0.401046
bactericidal_titer,379,2018,0.555556,0.022989,False,True,False,False,False,0.578609,0.703121,0.401046
bactericidal_titer,380,2018,0.444444,-0.712663,False,False,False,False,False,0.551776,0.703121,0.401046
bactericidal_titer,381,2018,0.333333,-1.448315,False,False,False,False,False,0.508088,0.703121,0.401046
bactericidal_titer,382,2018,0.555556,0.022989,False,False,False,False,False,0.517581,0.703121,0.401046
bactericidal_titer,383,2018,0.444444,-0.712663,False,False,False,False,False,0.502954,0.703121,0.401046
bactericidal_titer,384,2018,0.777778,1.494293,False,False,False,False,False,0.557919,0.703121,0.401046
bactericidal_titer,385,2018,0.555556,0.022989,False,False,False,False,False,0.557446,0.703121,0.401046
bactericidal_titer,386,2018,0.555556,0.022989,False,False,False,False,False,0.557068,0.703121,0.401046
bactericidal_titer,387,2018,0.333333,-1.448315,False,False,False,False,False,0.512321,0.703121,0.401046
bactericidal_titer,388,2018,0.222222,-2.183967,False,False,False,False,False,0.454301,0.703121,0.401046
bactericidal_titer,389,2018,0.777778,1.494293,False,False,False,False,False,0.518997,0.703121,0.401046
bactericidal_titer,390,2018,0.666667,0.758641,False,False,False,False,False,0.548531,0.703121,0.401046
bactericidal_titer,391,2018,0.333333,-1.448315,False,False,False,False,False,0.505491,0.703121,0.401046
bactericidal_titer,392,2018,0.555556,0.022989,False,False,False,False,False,0.515504,0.703121,0.401046
bactericidal_titer,393,2018,0.444444,-0.712663,False,False,False,False,False,0.501292,0.703121,0.401046
bactericidal_titer,394,2018,0.444444,-0.712663,False,False,False,False,False,0.489923,0.703121,0.401046
bactericidal_titer,395,2018,0.666667,0.758641,False,False,False,False,False,0.525271,0.703121,0.401046
bactericidal_titer,396,2018,0.333333,-1.448315,False,False,False,False,False,0.486884,0.703121,0.401046
bactericidal_titer,397,2018,0.666667,0.758641,False,False,False,False,False,0.52284,0.703121,0.401046
bactericidal_titer,398,2018,0.444444,-0.712663,False,False,False,False,False,0.507161,0.703121,0.401046
bactericidal_titer,399,2018,0.222222,-2.183967,False,False,False,False,False,0.450173,0.703121,0.401046
bactericidal_titer,400,2018,0.555556,0.022989,False,False,False,False,False,0.47125,0.703121,0.401046
bactericidal_titer,401,2018,0.555556,0.022989,False,False,False,False,False,0.488111,0.703121,0.401046
bactericidal_titer,402,2018,0.222222,-2.183967,False,False,False,False,False,0.434933,0.703121,0.401046
bactericidal_titer,403,2018,0.555556,0.022989,False,False,False,False,False,0.459058,0.703121,0.401046
bactericidal_titer,404,2018,0.666667,0.758641,False,False,False,False,False,0.500579,0.703121,0.401046
bactericidal_titer,405,2018,0.777778,1.494293,False,False,False,False,False,0.556019,0.703121,0.401046
bactericidal_titer,406,2018,0.555556,0.022989,False,False,False,False,False,0.555926,0.703121,0.401046
bactericidal_titer,407,2018,0.444444,-0.712663,False,False,False,False,False,0.53363,0.703121,0.401046
bactericidal_titer,408,2018,0.777778,1.494293,False,False,False,False,False,0.58246,0.703121,0.401046
bactericidal_titer,409,2018,0.333333,-1.448315,False,False,False,False,False,0.532634,0.703121,0.401046
bactericidal_titer,410,2018,0.666667,0.758641,False,False,False,False,False,0.559441,0.703121,0.401046
bactericidal_titer,411,2018,0.555556,0.022989,False,False,False,False,False,0.558664,0.703121,0.401046
bactericidal_titer,412,2018,0.555556,0.022989,False,False,False,False,False,0.558042,0.703121,0.401046
bactericidal_titer,413,2018,0.333333,-1.448315,False,False,False,False,False,0.5131,0.703121,0.401046
bactericidal_titer,414,2018,0.555556,0.022989,False,False,False,False,False,0.521591,0.703121,0.401046
bactericidal_titer,415,2019,0.333333,-1.448315,False,False,False,False,False,0.48394,0.703121,0.401046
bactericidal_titer,416,2019,0.666667,0.758641,False,False,False,False,False,0.520485,0.703121,0.401046
bactericidal_titer,417,2019,0.555556,0.022989,False,False,False,False,False,0.527499,0.703121,0.401046
bactericidal_titer,418,2019,0.666667,0.758641,False,False,False,False,False,0.555333,0.703121,0.401046
bactericidal_titer,419,2019,0.777778,1.494293,False,False,False,False,False,0.599822,0.703121,0.401046
bactericidal_titer,420,2019,0.333333,-1.448315,False,False,False,False,False,0.546524,0.703121,0.401046
bactericidal_titer,421,2019,0.444444,-0.712663,False,False,False,False,False,0.526108,0.703121,0.401046
bactericidal_titer,422,2019,0.777778,1.494293,False,False,False,False,False,0.576442,0.703121,0.401046
bactericidal_titer,423,2019,0.666667,0.758641,False,False,False,False,False,0.594487,0.703121,0.401046
bactericidal_titer,424,2019,0.666667,0.758641,False,False,False,False,False,0.608923,0.703121,0.401046
bactericidal_titer,425,2019,0.444444,-0.712663,False,False,False,False,False,0.576027,0.703121,0.401046
bactericidal_titer,426,2019,0.444444,-0.712663,False,False,False,False,False,0.549711,0.703121,0.401046
bactericidal_titer,427,2019,0.333333,-1.448315,False,False,False,False,False,0.506435,0.703121,0.401046
bactericidal_titer,428,2019,0.666667,0.758641,False,False,False,False,False,0.538481,0.703121,0.401046
bactericidal_titer,429,2019,0.555556,0.022989,False,False,False,False,False,0.541896,0.703121,0.401046
bactericidal_titer,430,2019,0.777778,1.494293,False,False,False,False,False,0.589073,0.703121,0.401046
bactericidal_titer,431,2019,0.555556,0.022989,False,False,False,False,False,0.582369,0.703121,0.401046
bactericidal_titer,432,2019,0.555556,0.022989,False,False,False,False,False,0.577006,0.703121,0.401046
bactericidal_titer,433,2019,0.555556,0.022989,False,False,False,False,False,0.572716,0.703121,0.401046
bactericidal_titer,434,2019,0.666667,0.758641,False,False,False,False,False,0.591506,0.703121,0.401046
bactericidal_titer,435,2019,0.555556,0.022989,False,False,False,False,False,0.584316,0.703121,0.401046
bactericidal_titer,436,2019,0.555556,0.022989,False,True,False,False,False,0.578564,0.703121,0.401046
bactericidal_titer,437,2019,0.333333,-1.448315,False,False,False,False,False,0.529518,0.703121,0.401046
bactericidal_titer,438,2019,0.666667,0.758641,False,False,False,False,False,0.556948,0.703121,0.401046
bactericidal_titer,439,2019,0.555556,0.022989,False,False,False,False,False,0.556669,0.703121,0.401046
bactericidal_titer,440,2019,0.555556,0.022989,False,False,False,False,False,0.556447,0.703121,0.401046
bactericidal_titer,441,2019,0.555556,0.022989,False,False,False,False,False,0.556268,0.703121,0.401046
bactericidal_titer,442,2019,0.444444,-0.712663,False,False,False,False,False,0.533904,0.703121,0.401046
bactericidal_titer,443,2019,0.555556,0.022989,False,False,False,False,False,0.538234,0.703121,0.401046
bactericidal_titer,444,2019,0.444444,-0.712663,False,False,False,False,False,0.519476,0.703121,0.401046
bactericidal_titer,445,2019,0.777778,1.494293,False,False,False,False,False,0.571136,0.703121,0.401046
bactericidal_titer,446,2019,0.555556,0.022989,False,False,False,False,False,0.56802,0.703121,0.401046
bactericidal_titer,447,2019,0.555556,0.022989,False,False,False,False,False,0.565527,0.703121,0.401046
bactericidal_titer,448,2019,0.666667,0.758641,False,False,False,False,False,0.585755,0.703121,0.401046
bactericidal_titer,449,2019,0.444444,-0.712663,False,False,False,False,False,0.557493,0.703121,0.401046
bactericidal_titer,450,2019,0.555556,0.022989,False,False,False,False,False,0.557106,0.703121,0.401046
bactericidal_titer,451,2019,0.555556,0.022989,False,False,False,False,False,0.556796,0.703121,0.401046
bactericidal_titer,452,2019,0.666667,0.758641,False,False,False,False,False,0.57877,0.703121,0.401046
bactericidal_titer,453,2019,0.444444,-0.712663,False,False,False,False,False,0.551905,0.703121,0.401046
bactericidal_titer,454,2019,0.666667,0.758641,False,False,False,False,False,0.574857,0.703121,0.401046
bactericidal_titer,455,2019,0.444444,-0.712663,False,False,False,False,False,0.548775,0.703121,0.401046
bactericidal_titer,456,2019,0.555556,0.022989,False,False,False,False,False,0.550131,0.703121,0.401046
bactericidal_titer,457,2019,0.666667,0.758641,False,False,False,False,False,0.573438,0.703121,0.401046
bactericidal_titer,458,2019,0.555556,0.022989,False,False,False,False,False,0.569861,0.703121,0.401046
bactericidal_titer,459,2019,0.555556,0.022989,False,False,False,False,False,0.567,0.703121,0.401046
bactericidal_titer,460,2019,0.555556,0.022989,False,False,False,False,False,0.564711,0.703121,0.401046
bactericidal_titer,461,2019,0.555556,0.022989,False,False,False,False,False,0.56288,0.703121,0.401046
bactericidal_titer,462,2019,0.444444,-0.712663,False,False,False,False,False,0.539193,0.703121,0.401046
bactericidal_titer,463,2019,0.555556,0.022989,False,False,False,False,False,0.542466,0.703121,0.401046
bactericidal_titer,464,2019,0.333333,-1.448315,False,False,False,False,False,0.500639,0.703121,0.401046
bactericidal_titer,465,2020,0.555556,0.022989,False,False,False,False,False,0.511622,0.703121,0.401046
bactericidal_titer,466,2020,0.555556,0.022989,False,False,False,False,False,0.520409,0.703121,0.401046
bactericidal_titer,467,2020,0.666667,0.758641,False,False,False,False,False,0.549661,0.703121,0.401046
bactericidal_titer,468,2020,0.333333,-1.448315,False,False,False,False,False,0.506395,0.703121,0.401046
bactericidal_titer,469,2020,0.555556,0.022989,False,False,False,False,False,0.516227,0.703121,0.401046
bactericidal_titer,470,2020,0.555556,0.022989,False,False,False,False,False,0.524093,0.703121,0.401046
bactericidal_titer,471,2020,0.666667,0.758641,False,False,False,False,False,0.552608,0.703121,0.401046
bactericidal_titer,472,2020,0.666667,0.758641,False,False,False,False,False,0.575419,0.703121,0.401046
bactericidal_titer,473,2020,0.666667,0.758641,False,False,False,False,False,0.593669,0.703121,0.401046
bactericidal_titer,474,2020,1.0,2.965598,False,False,False,False,False,0.674935,0.703121,0.401046
bactericidal_titer,475,2020,0.444444,-0.712663,False,False,False,False,False,0.628837,0.703121,0.401046
bactericidal_titer,476,2020,0.444444,-0.712663,False,False,False,False,False,0.591958,0.703121,0.401046
bactericidal_titer,477,2020,0.444444,-0.712663,False,False,False,False,False,0.562456,0.703121,0.401046
bactericidal_titer,478,2020,0.444444,-0.712663,False,False,False,False,False,0.538853,0.703121,0.401046
bactericidal_titer,479,2020,0.444444,-0.712663,False,False,False,False,False,0.519972,0.703121,0.401046
bactericidal_titer,480,2020,0.444444,-0.712663,False,False,False,False,False,0.504866,0.703121,0.401046
bactericidal_titer,481,2020,0.666667,0.758641,False,False,False,False,False,0.537226,0.703121,0.401046
bactericidal_titer,482,2020,0.777778,1.494293,False,False,False,False,False,0.585337,0.703121,0.401046
bactericidal_titer,483,2020,0.777778,1.494293,False,False,False,False,False,0.623825,0.703121,0.401046
bactericidal_titer,484,2020,0.222222,-2.183967,False,False,False,False,False,0.543504,0.703121,0.401046
bactericidal_titer,485,2020,0.444444,-0.712663,False,False,False,False,False,0.523692,0.703121,0.401046
bactericidal_titer,486,2020,0.666667,0.758641,False,False,False,False,False,0.552287,0.703121,0.401046
bactericidal_titer,487,2020,0.444444,-0.712663,False,False,False,False,False,0.530719,0.703121,0.401046
bactericidal_titer,488,2020,0.555556,0.022989,False,False,False,False,False,0.535686,0.703121,0.401046
bactericidal_titer,489,2020,0.666667,0.758641,False,False,False,False,False,0.561882,0.703121,0.401046
bactericidal_titer,490,2020,0.555556,0.022989,False,False,False,False,False,0.560617,0.703121,0.401046
bactericidal_titer,491,2020,0.555556,0.022989,False,False,False,False,False,0.559605,0.703121,0.401046
bactericidal_titer,492,2020,0.333333,-1.448315,False,False,False,False,False,0.51435,0.703121,0.401046
bactericidal_titer,493,2020,0.777778,1.494293,False,False,False,False,False,0.567036,0.703121,0.401046
bactericidal_titer,494,2020,0.666667,0.758641,False,False,False,False,False,0.586962,0.703121,0.401046
bactericidal_titer,495,2020,0.555556,0.022989,False,False,False,False,False,0.580681,0.703121,0.401046
bactericidal_titer,496,2020,0.444444,-0.712663,False,False,False,False,False,0.553433,0.703121,0.401046
bactericidal_titer,497,2020,0.555556,0.022989,False,False,False,False,False,0.553858,0.703121,0.401046
bactericidal_titer,498,2020,0.666667,0.758641,False,False,False,False,False,0.57642,0.703121,0.401046
bactericidal_titer,499,2020,0.555556,0.022989,False,False,False,False,False,0.572247,0.703121,0.401046
bactericidal_titer,500,2020,0.666667,0.758641,False,False,False,False,False,0.591131,0.703121,0.401046
bactericidal_titer,501,2020,0.666667,0.758641,False,False,False,False,False,0.606238,0.703121,0.401046
bactericidal_titer,502,2020,0.666667,0.758641,False,False,False,False,False,0.618324,0.703121,0.401046
bactericidal_titer,503,2020,0.111111,-2.91962,False,False,False,False,False,0.516881,0.703121,0.401046
bactericidal_titer,504,2020,0.555556,0.022989,False,False,False,False,False,0.524616,0.703121,0.401046
bactericidal_titer,505,2020,0.222222,-2.183967,False,False,False,True,False,0.464137,0.703121,0.401046
bactericidal_titer,506,2020,0.666667,0.758641,False,False,False,False,False,0.504643,0.703121,0.401046
bactericidal_titer,507,2021,0.555556,0.022989,False,False,False,False,False,0.514826,0.703121,0.401046
bactericidal_titer,508,2021,0.444444,-0.712663,False,False,False,False,False,0.500749,0.703121,0.401046
bactericidal_titer,509,2021,0.666667,0.758641,False,False,False,False,False,0.533933,0.703121,0.401046
bactericidal_titer,510,2021,0.666667,0.758641,False,False,False,False,False,0.56048,0.703121,0.401046
bactericidal_titer,511,2021,0.444444,-0.712663,False,False,False,False,False,0.537273,0.703121,0.401046
bactericidal_titer,512,2021,0.777778,1.494293,False,False,False,False,False,0.585374,0.703121,0.401046
bactericidal_titer,513,2021,0.555556,0.022989,False,False,False,False,False,0.57941,0.703121,0.401046
bactericidal_titer,514,2021,0.666667,0.758641,False,False,False,False,False,0.596861,0.703121,0.401046
bactericidal_titer,515,2021,0.666667,0.758641,False,False,False,False,False,0.610822,0.703121,0.401046
bactericidal_titer,516,2021,0.555556,0.022989,False,False,False,False,False,0.599769,0.703121,0.401046
bactericidal_titer,517,2021,0.666667,0.758641,False,False,False,False,False,0.613149,0.703121,0.401046
bactericidal_titer,518,2021,0.555556,0.022989,False,False,False,False,False,0.60163,0.703121,0.401046
bactericidal_titer,519,2021,0.888889,2.229946,False,False,False,False,False,0.659082,0.703121,0.401046
bactericidal_titer,520,2021,0.777778,1.494293,False,True,False,False,False,0.682821,0.703121,0.401046
bactericidal_titer,521,2021,0.444444,-0.712663,False,False,False,False,False,0.635146,0.703121,0.401046
bactericidal_titer,522,2021,0.555556,0.022989,False,False,False,False,False,0.619228,0.703121,0.401046
bactericidal_titer,523,2021,0.888889,2.229946,False,False,False,False,False,0.67316,0.703121,0.401046
bactericidal_titer,524,2021,0.333333,-1.448315,False,False,False,False,False,0.605195,0.703121,0.401046
bactericidal_titer,525,2021,0.555556,0.022989,False,False,False,False,False,0.595267,0.703121,0.401046
bactericidal_titer,526,2021,0.555556,0.022989,False,False,False,False,False,0.587325,0.703121,0.401046
bactericidal_titer,527,2021,0.555556,0.022989,False,False,False,False,False,0.580971,0.703121,0.401046
bactericidal_titer,528,2021,0.555556,0.022989,False,False,False,False,False,0.575888,0.703121,0.401046
bactericidal_titer,529,2021,0.444444,-0.712663,False,False,False,False,False,0.549599,0.703121,0.401046
bactericidal_titer,530,2021,0.222222,-2.183967,False,False,False,False,False,0.484124,0.703121,0.401046
bactericidal_titer,531,2021,0.555556,0.022989,False,False,False,False,False,0.49841,0.703121,0.401046
bactericidal_titer,532,2021,0.555556,0.022989,False,False,False,False,False,0.509839,0.703121,0.401046
bactericidal_titer,533,2021,0.666667,0.758641,False,False,False,False,False,0.541205,0.703121,0.401046
bactericidal_titer,534,2021,1.0,2.965598,False,False,False,False,False,0.632964,0.703121,0.401046
bactericidal_titer,535,2021,0.333333,-1.448315,False,False,False,False,False,0.573038,0.703121,0.401046
bactericidal_titer,536,2021,0.444444,-0.712663,False,False,False,False,False,0.547319,0.703121,0.401046
bactericidal_titer,537,2021,0.666667,0.758641,False,False,False,False,False,0.571189,0.703121,0.401046
bactericidal_titer,538,2021,0.666667,0.758641,False,False,False,False,False,0.590284,0.703121,0.401046
bactericidal_titer,539,2021,0.555556,0.022989,False,False,False,False,False,0.583338,0.703121,0.401046
bactericidal_titer,540,2021,0.555556,0.022989,False,False,False,False,False,0.577782,0.703121,0.401046
bactericidal_titer,541,2021,0.666667,0.758641,False,False,False,False,False,0.595559,0.703121,0.401046
bactericidal_titer,542,2021,0.444444,-0.712663,False,False,False,False,False,0.565336,0.703121,0.401046
bactericidal_titer,543,2022,0.666667,0.758641,False,False,False,False,False,0.585602,0.703121,0.401046
bactericidal_titer,544,2022,0.555556,0.022989,False,False,False,False,False,0.579593,0.703121,0.401046
bactericidal_titer,545,2022,0.666667,0.758641,False,False,False,False,False,0.597008,0.703121,0.401046
bactericidal_titer,546,2022,0.555556,0.022989,False,False,False,False,False,0.588717,0.703121,0.401046
bactericidal_titer,547,2022,0.666667,0.758641,False,False,False,False,False,0.604307,0.703121,0.401046
bactericidal_titer,548,2022,0.666667,0.758641,False,False,False,False,False,0.616779,0.703121,0.401046
bactericidal_titer,549,2022,0.555556,0.022989,False,False,False,False,False,0.604534,0.703121,0.401046
bactericidal_titer,550,2022,0.888889,2.229946,False,False,False,False,False,0.661405,0.703121,0.401046
bactericidal_titer,551,2022,0.222222,-2.183967,False,False,False,False,False,0.573569,0.703121,0.401046
bactericidal_titer,552,2022,0.444444,-0.712663,False,False,False,False,False,0.547744,0.703121,0.401046
bactericidal_titer,553,2022,0.444444,-0.712663,False,False,False,False,False,0.527084,0.703121,0.401046
bactericidal_titer,554,2022,0.666667,0.758641,False,False,False,False,False,0.555,0.703121,0.401046
bactericidal_titer,555,2022,0.666667,0.758641,False,False,False,False,False,0.577334,0.703121,0.401046
bactericidal_titer,556,2022,0.666667,0.758641,False,False,False,False,False,0.5952,0.703121,0.401046
bactericidal_titer,557,2022,0.555556,0.022989,False,False,False,False,False,0.587271,0.703121,0.401046
bactericidal_titer,558,2022,0.777778,1.494293,False,False,False,False,False,0.625373,0.703121,0.401046
bactericidal_titer,559,2022,0.555556,0.022989,False,False,False,False,False,0.611409,0.703121,0.401046
bactericidal_titer,560,2022,0.555556,0.022989,False,False,False,False,False,0.600238,0.703121,0.401046
bactericidal_titer,561,2022,0.444444,-0.712663,False,False,False,False,False,0.56908,0.703121,0.401046
bactericidal_titer,562,2022,0.333333,-1.448315,False,False,False,False,False,0.52193,0.703121,0.401046
bactericidal_titer,563,2022,0.444444,-0.712663,False,False,False,False,False,0.506433,0.703121,0.401046
bactericidal_titer,564,2022,0.222222,-2.183967,False,False,False,False,False,0.449591,0.703121,0.401046
bactericidal_titer,565,2022,0.666667,0.758641,False,False,False,False,False,0.493006,0.703121,0.401046
bactericidal_titer,566,2022,0.333333,-1.448315,False,False,False,False,False,0.461072,0.703121,0.401046
bactericidal_titer,567,2022,0.777778,1.494293,False,False,False,False,False,0.524413,0.703121,0.401046
bactericidal_titer,568,2022,0.666667,0.758641,False,False,False,False,False,0.552864,0.703121,0.401046
bactericidal_titer,569,2022,0.666667,0.758641,False,False,False,False,False,0.575624,0.703121,0.401046
bactericidal_titer,570,2022,0.555556,0.022989,False,False,False,False,False,0.57161,0.703121,0.401046
bactericidal_titer,571,2022,0.666667,0.758641,False,False,False,False,False,0.590622,0.703121,0.401046
bactericidal_titer,572,2022,0.666667,0.758641,False,False,False,False,False,0.605831,0.703121,0.401046
bactericidal_titer,573,2022,0.444444,-0.712663,False,False,False,False,False,0.573553,0.703121,0.401046
bactericidal_titer,574,2022,0.222222,-2.183967,False,False,False,False,False,0.503287,0.703121,0.401046
bactericidal_titer,575,2022,0.444444,-0.712663,False,False,False,False,False,0.491519,0.703121,0.401046
bactericidal_titer,576,2022,0.666667,0.758641,False,False,False,False,False,0.526548,0.703121,0.401046
bactericidal_titer,577,2022,0.666667,0.758641,False,False,False,False,False,0.554572,0.703121,0.401046
bactericidal_titer,578,2022,0.444444,-0.712663,False,False,False,False,False,0.532546,0.703121,0.401046
bactericidal_titer,579,2022,0.555556,0.022989,False,False,False,False,False,0.537148,0.703121,0.401046
bactericidal_titer,580,2022,0.555556,0.022989,False,False,False,False,False,0.54083,0.703121,0.401046
bactericidal_titer,581,2022,0.444444,-0.712663,False,False,False,False,False,0.521553,0.703121,0.401046
bactericidal_titer,582,2022,0.444444,-0.712663,False,False,False,False,False,0.506131,0.703121,0.401046
bactericidal_titer,583,2022,0.444444,-0.712663,False,False,False,False,False,0.493794,0.703121,0.401046
bactericidal_titer,584,2022,0.555556,0.022989,False,False,False,False,False,0.506146,0.703121,0.401046
bactericidal_titer,585,2022,0.444444,-0.712663,False,False,False,False,False,0.493806,0.703121,0.401046
bactericidal_titer,586,2022,0.555556,0.022989,False,False,False,False,False,0.506156,0.703121,0.401046
bactericidal_titer,587,2022,0.444444,-0.712663,False,False,False,False,False,0.493813,0.703121,0.401046
bactericidal_titer,588,2022,0.666667,0.758641,False,False,False,False,False,0.528384,0.703121,0.401046
bactericidal_titer,589,2022,0.555556,0.022989,False,False,False,False,False,0.533818,0.703121,0.401046
bactericidal_titer,590,2023,0.777778,1.494293,False,False,False,False,False,0.58261,0.703121,0.401046
bactericidal_titer,591,2023,0.666667,0.758641,False,False,False,False,False,0.599422,0.703121,0.401046
bactericidal_titer,592,2023,1.0,2.965598,False,False,False,False,False,0.679537,0.703121,0.401046
bactericidal_titer,593,2023,0.333333,-1.448315,False,False,False,False,False,0.610296,0.703121,0.401046
bactericidal_titer,594,2023,0.444444,-0.712663,False,False,False,False,False,0.577126,0.703121,0.401046
bactericidal_titer,595,2023,0.777778,1.494293,False,False,False,False,False,0.617256,0.703121,0.401046
bactericidal_titer,596,2023,0.666667,0.758641,False,False,False,False,False,0.627138,0.703121,0.401046
bactericidal_titer,597,2023,0.555556,0.022989,False,False,False,False,False,0.612822,0.703121,0.401046
bactericidal_titer,598,2023,0.666667,0.758641,False,False,False,False,False,0.623591,0.703121,0.401046
bactericidal_titer,599,2023,0.555556,0.022989,False,False,False,False,False,0.609984,0.703121,0.401046
bactericidal_titer,600,2023,0.555556,0.022989,False,False,False,False,False,0.599098,0.703121,0.401046
bactericidal_titer,601,2024,0.555556,0.022989,False,False,False,False,False,0.59039,0.703121,0.401046
bactericidal_titer,602,2024,0.555556,0.022989,False,False,False,False,False,0.583423,0.703121,0.401046
bactericidal_titer,603,2024,0.666667,0.758641,False,True,False,False,False,0.600072,0.703121,0.401046
bactericidal_titer,604,2024,0.333333,-1.448315,False,False,False,False,False,0.546724,0.703121,0.401046
bactericidal_titer,605,2024,0.444444,-0.712663,False,False,False,False,False,0.526268,0.703121,0.401046
bactericidal_titer,606,2024,0.444444,-0.712663,False,False,False,False,False,0.509903,0.703121,0.401046
bactericidal_titer,607,2024,0.777778,1.494293,False,False,False,False,False,0.563478,0.703121,0.401046
bactericidal_titer,608,2024,0.333333,-1.448315,False,False,False,False,False,0.517449,0.703121,0.401046
bactericidal_titer,609,2024,1.0,2.965598,False,False,False,False,False,0.613959,0.703121,0.401046
bactericidal_titer,610,2024,0.666667,0.758641,False,False,False,False,False,0.624501,0.703121,0.401046
bactericidal_titer,611,2024,0.333333,-1.448315,False,False,False,False,False,0.566267,0.703121,0.401046
bactericidal_titer,612,2024,0.666667,0.758641,False,False,False,False,False,0.586347,0.703121,0.401046
bactericidal_titer,613,2024,0.444444,-0.712663,False,False,False,False,False,0.557967,0.703121,0.401046
bactericidal_titer,614,2024,0.666667,0.758641,False,False,False,False,False,0.579707,0.703121,0.401046
bactericidal_titer,615,2024,0.666667,0.758641,False,False,False,False,False,0.597099,0.703121,0.401046
bactericidal_titer,616,2024,0.222222,-2.183967,False,False,False,False,False,0.522123,0.703121,0.401046
bactericidal_titer,617,2024,0.444444,-0.712663,False,False,False,False,False,0.506588,0.703121,0.401046
bactericidal_titer,618,2024,0.444444,-0.712663,False,False,False,False,False,0.494159,0.703121,0.401046
bactericidal_titer,619,2024,0.666667,0.758641,False,False,False,False,False,0.52866,0.703121,0.401046
bactericidal_titer,620,2024,0.444444,-0.712663,False,False,False,False,False,0.511817,0.703121,0.401046
bactericidal_titer,621,2024,0.666667,0.758641,False,False,False,False,False,0.542787,0.703121,0.401046
bactericidal_titer,622,2024,0.555556,0.022989,False,False,False,False,False,0.545341,0.703121,0.401046
bactericidal_titer,623,2024,0.777778,1.494293,False,False,False,False,False,0.591828,0.703121,0.401046
bactericidal_titer,624,2024,0.666667,0.758641,False,False,False,False,False,0.606796,0.703121,0.401046
bactericidal_titer,625,2024,0.555556,0.022989,False,False,False,False,False,0.596548,0.703121,0.401046
bactericidal_titer,626,2024,0.333333,-1.448315,False,False,False,False,False,0.543905,0.703121,0.401046
bactericidal_titer,627,2024,0.444444,-0.712663,False,False,False,False,False,0.524013,0.703121,0.401046
bactericidal_titer,628,2024,0.888889,2.229946,False,False,False,False,False,0.596988,0.703121,0.401046
bactericidal_titer,629,2024,0.666667,0.758641,False,False,False,False,False,0.610924,0.703121,0.401046
bactericidal_titer,630,2024,0.666667,0.758641,False,False,False,False,False,0.622072,0.703121,0.401046
bactericidal_titer,631,2024,0.555556,0.022989,False,False,False,False,False,0.608769,0.703121,0.401046
bactericidal_titer,632,2024,0.444444,-0.712663,False,False,False,False,False,0.575904,0.703121,0.401046
bactericidal_titer,633,2024,0.333333,-1.448315,False,False,False,False,False,0.52739,0.703121,0.401046
bactericidal_titer,634,2024,0.555556,0.022989,False,False,False,False,False,0.533023,0.703121,0.401046
bactericidal_titer,635,2024,0.666667,0.758641,False,False,False,False,False,0.559752,0.703121,0.401046
bactericidal_titer,636,2024,0.666667,0.758641,False,False,False,False,False,0.581135,0.703121,0.401046
bactericidal_titer,637,2024,0.666667,0.758641,False,False,False,False,False,0.598241,0.703121,0.401046
bactericidal_titer,638,2024,0.555556,0.022989,False,False,False,False,False,0.589704,0.703121,0.401046
bactericidal_titer,639,2024,0.333333,-1.448315,False,False,False,False,False,0.53843,0.703121,0.401046
bactericidal_titer,640,2024,0.444444,-0.712663,False,False,False,False,False,0.519633,0.703121,0.401046
bactericidal_titer,641,2024,0.555556,0.022989,False,False,False,False,False,0.526817,0.703121,0.401046
bactericidal_titer,642,2024,0.444444,-0.712663,False,False,False,False,False,0.510343,0.703121,0.401046
bactericidal_titer,643,2024,0.444444,-0.712663,False,False,False,False,False,0.497163,0.703121,0.401046
bactericidal_titer,644,2024,0.333333,-1.448315,False,False,False,False,False,0.464397,0.703121,0.401046
bactericidal_titer,645,2024,0.444444,-0.712663,False,False,False,False,False,0.460407,0.703121,0.401046
bactericidal_titer,646,2024,0.555556,0.022989,False,False,False,False,False,0.479436,0.703121,0.401046
bactericidal_titer,647,2024,0.222222,-2.183967,False,False,False,False,False,0.427994,0.703121,0.401046
bactericidal_titer,648,2024,0.666667,0.758641,False,False,False,False,False,0.475728,0.703121,0.401046
bactericidal_titer,649,2024,0.444444,-0.712663,False,False,False,False,False,0.469471,0.703121,0.401046
bactericidal_titer,650,2024,0.555556,0.022989,False,False,False,False,False,0.486688,0.703121,0.401046
bactericidal_titer,651,2024,0.444444,-0.712663,False,False,False,False,False,0.478239,0.703121,0.401046
bactericidal_titer,652,2024,0.444444,-0.712663,False,False,False,False,False,0.47148,0.703121,0.401046
bactericidal_titer,653,2024,0.666667,0.758641,False,False,False,False,False,0.510518,0.703121,0.401046
bactericidal_titer,654,2024,0.333333,-1.448315,False,False,False,False,False,0.475081,0.703121,0.401046
bactericidal_titer,655,2024,0.666667,0.758641,False,False,False,False,False,0.513398,0.703121,0.401046
bactericidal_titer,656,2024,0.555556,0.022989,False,False,False,False,False,0.52183,0.703121,0.401046
bactericidal_titer,657,2024,0.555556,0.022989,False,False,False,False,False,0.528575,0.703121,0.401046
bactericidal_titer,658,2024,0.444444,-0.712663,False,False,False,False,False,0.511749,0.703121,0.401046
bactericidal_titer,659,2024,0.666667,0.758641,False,False,False,False,False,0.542732,0.703121,0.401046
bactericidal_titer,660,2024,0.555556,0.022989,False,False,False,False,False,0.545297,0.703121,0.401046
bactericidal_titer,661,2024,0.444444,-0.712663,False,False,False,False,False,0.525126,0.703121,0.401046
bactericidal_titer,662,2024,0.444444,-0.712663,False,False,False,False,False,0.50899,0.703121,0.401046
bactericidal_titer,663,2024,0.444444,-0.712663,False,False,False,False,False,0.496081,0.703121,0.401046
bactericidal_titer,664,2024,0.666667,0.758641,False,False,False,False,False,0.530198,0.703121,0.401046
bactericidal_titer,665,2024,0.555556,0.022989,False,False,False,False,False,0.53527,0.703121,0.401046
bactericidal_titer,666,2024,0.555556,0.022989,False,False,False,False,False,0.539327,0.703121,0.401046
bactericidal_titer,667,2024,0.555556,0.022989,False,False,False,False,False,0.542573,0.703121,0.401046
bactericidal_titer,668,2024,0.555556,0.022989,False,False,False,False,False,0.545169,0.703121,0.401046
bactericidal_titer,669,2024,0.444444,-0.712663,False,False,False,False,False,0.525024,0.703121,0.401046
bactericidal_titer,670,2024,0.666667,0.758641,False,False,False,False,False,0.553353,0.703121,0.401046
bactericidal_titer,671,2024,0.666667,0.758641,False,False,False,False,False,0.576015,0.703121,0.401046
bactericidal_titer,672,2024,0.444444,-0.712663,False,False,False,False,False,0.549701,0.703121,0.401046
bactericidal_titer,673,2024,0.777778,1.494293,False,False,False,False,False,0.595317,0.703121,0.401046
bactericidal_titer,674,2024,0.333333,-1.448315,False,False,False,False,False,0.54292,0.703121,0.401046
bactericidal_titer,675,2024,0.666667,0.758641,False,False,False,False,False,0.567669,0.703121,0.401046
bactericidal_titer,676,2024,0.444444,-0.712663,False,False,False,False,False,0.543024,0.703121,0.401046
bactericidal_titer,677,2024,0.333333,-1.448315,False,False,False,False,False,0.501086,0.703121,0.401046
bactericidal_titer,678,2024,0.555556,0.022989,False,False,False,False,False,0.51198,0.703121,0.401046
bactericidal_titer,679,2024,0.777778,1.494293,False,False,False,False,False,0.56514,0.703121,0.401046
bactericidal_titer,680,2024,0.666667,0.758641,False,False,False,False,False,0.585445,0.703121,0.401046
bactericidal_titer,681,2024,0.444444,-0.712663,False,False,False,False,False,0.557245,0.703121,0.401046
bactericidal_titer,682,2024,0.444444,-0.712663,False,False,False,False,False,0.534685,0.703121,0.401046
bactericidal_titer,683,2024,0.444444,-0.712663,False,False,False,False,False,0.516637,0.703121,0.401046
bactericidal_titer,684,2024,0.555556,0.022989,False,False,False,False,False,0.52442,0.703121,0.401046
bactericidal_titer,685,2024,0.333333,-1.448315,False,False,False,False,False,0.486203,0.703121,0.401046
bactericidal_titer,686,2024,0.555556,0.022989,False,False,False,False,False,0.500074,0.703121,0.401046
bactericidal_titer,687,2024,0.555556,0.022989,False,False,False,False,False,0.51117,0.703121,0.401046
bactericidal_titer,688,2024,0.444444,-0.712663,False,False,False,False,False,0.497825,0.703121,0.401046
bactericidal_titer,689,2024,0.222222,-2.183967,False,False,False,False,False,0.442704,0.703121,0.401046
bactericidal_titer,690,2025,0.666667,0.758641,False,False,False,False,False,0.487497,0.703121,0.401046
bactericidal_titer,691,2025,0.444444,-0.712663,False,False,False,False,False,0.478886,0.703121,0.401046
bactericidal_titer,692,2025,0.555556,0.022989,False,False,False,False,False,0.49422,0.703121,0.401046
bactericidal_titer,693,2025,0.555556,0.022989,False,False,False,False,False,0.506487,0.703121,0.401046
bactericidal_titer,694,2025,0.444444,-0.712663,False,False,False,False,False,0.494079,0.703121,0.401046
bactericidal_titer,695,2025,0.777778,1.494293,False,False,False,False,False,0.550819,0.703121,0.401046
bactericidal_titer,696,2025,0.666667,0.758641,False,False,False,False,False,0.573988,0.703121,0.401046
bactericidal_titer,697,2025,0.666667,0.758641,False,False,False,False,False,0.592524,0.703121,0.401046
bactericidal_titer,698,2025,0.777778,1.494293,False,False,False,False,False,0.629575,0.703121,0.401046
bactericidal_titer,699,2025,0.333333,-1.448315,False,False,False,False,False,0.570326,0.703121,0.401046
bactericidal_titer,700,2025,0.666667,0.758641,False,False,False,False,False,0.589594,0.703121,0.401046
bactericidal_titer,701,2025,0.666667,0.758641,False,False,False,False,False,0.605009,0.703121,0.401046
bactericidal_titer,702,2025,0.666667,0.758641,False,False,False,False,False,0.61734,0.703121,0.401046
bactericidal_titer,703,2025,0.666667,0.758641,False,False,False,False,False,0.627206,0.703121,0.401046
bactericidal_titer,704,2025,0.222222,-2.183967,False,False,False,False,False,0.546209,0.703121,0.401046
bactericidal_titer,705,2025,0.888889,2.229946,False,False,False,False,False,0.614745,0.703121,0.401046
bactericidal_titer,706,2025,0.555556,0.022989,False,False,False,False,False,0.602907,0.703121,0.401046
bactericidal_titer,707,2025,0.666667,0.758641,False,False,False,False,False,0.615659,0.703121,0.401046
bactericidal_titer,708,2025,0.444444,-0.712663,False,False,False,False,False,0.581416,0.703121,0.401046
bactericidal_titer,709,2025,0.555556,0.022989,False,False,False,False,False,0.576244,0.703121,0.401046
bactericidal_titer,710,2025,0.555556,0.022989,False,False,False,False,False,0.572106,0.703121,0.401046
bactericidal_titer,711,2025,0.444444,-0.712663,False,False,False,False,False,0.546574,0.703121,0.401046
bactericidal_titer,712,2025,0.222222,-2.183967,False,False,False,False,False,0.481704,0.703121,0.401046
bactericidal_titer,713,2025,0.444444,-0.712663,False,False,False,False,False,0.474252,0.703121,0.401046
bactericidal_titer,714,2025,0.666667,0.758641,False,False,False,False,False,0.512735,0.703121,0.401046
bactericidal_titer,715,2025,0.888889,2.229946,False,False,False,False,False,0.587966,0.703121,0.401046
bactericidal_titer,716,2025,0.555556,0.022989,False,False,False,False,False,0.581484,0.703121,0.401046
bactericidal_titer,717,2025,0.333333,-1.448315,False,False,False,False,False,0.531854,0.703121,0.401046
bactericidal_titer,718,2025,0.555556,0.022989,False,False,False,False,False,0.536594,0.703121,0.401046
bactericidal_titer,719,2025,0.222222,-2.183967,False,False,False,False,False,0.47372,0.703121,0.401046
bactericidal_titer,720,2025,0.666667,0.758641,False,False,False,False,False,0.512309,0.703121,0.401046
bactericidal_titer,721,2025,0.444444,-0.712663,False,False,False,False,False,0.498736,0.703121,0.401046
bactericidal_titer,722,2025,0.444444,-0.712663,False,False,False,False,False,0.487878,0.703121,0.401046
bactericidal_titer,723,2025,0.444444,-0.712663,False,False,False,False,False,0.479191,0.703121,0.401046
bactericidal_titer,724,2025,0.222222,-2.183967,False,False,False,False,False,0.427797,0.703121,0.401046
bactericidal_titer,725,2025,0.777778,1.494293,False,False,False,False,False,0.497793,0.703121,0.401046
bactericidal_titer,726,2025,1.0,2.965598,False,False,False,False,False,0.598235,0.703121,0.401046
bactericidal_titer,727,2025,0.555556,0.022989,False,False,False,False,False,0.589699,0.703121,0.401046
bactericidal_titer,728,2025,0.444444,-0.712663,False,False,False,False,False,0.560648,0.703121,0.401046
bactericidal_titer,729,2025,0.555556,0.022989,False,False,False,False,False,0.55963,0.703121,0.401046
bactericidal_titer,730,2025,0.333333,-1.448315,False,False,False,False,False,0.51437,0.703121,0.401046
bactericidal_titer,731,2025,0.444444,-0.712663,False,False,False,False,False,0.500385,0.703121,0.401046
bactericidal_titer,732,2025,0.444444,-0.712663,False,False,False,False,False,0.489197,0.703121,0.401046
bactericidal_titer,733,2025,0.555556,0.022989,False,False,False,False,False,0.502469,0.703121,0.401046
bactericidal_titer,734,2025,0.666667,0.758641,False,False,False,False,False,0.535308,0.703121,0.401046
bactericidal_titer,735,2025,0.444444,-0.712663,False,False,False,False,False,0.517136,0.703121,0.401046
bactericidal_titer,736,2025,0.888889,2.229946,False,False,False,False,False,0.591486,0.703121,0.401046
igg_elisa,1,2011,0.435982,-0.127174,False,False,False,False,False,0.458138,0.594341,0.333013
igg_elisa,2,2011,0.657579,0.890384,False,False,False,False,False,0.498026,0.631009,0.296345
igg_elisa,3,2011,0.382606,-0.372272,False,False,False,False,False,0.474942,0.650741,0.276613
igg_elisa,4,2011,0.309645,-0.707304,False,False,False,False,False,0.441883,0.662344,0.26501
igg_elisa,5,2011,0.450167,-0.062035,False,False,False,False,False,0.44354,0.669427,0.257927
igg_elisa,6,2011,0.638277,0.801749,False,False,False,False,False,0.482487,0.673835,0.253519
igg_elisa,7,2011,0.493132,0.135254,False,False,False,False,False,0.484616,0.676608,0.250746
igg_elisa,8,2011,0.375717,-0.403907,False,False,False,False,False,0.462836,0.678364,0.24899
igg_elisa,9,2011,0.503974,0.185042,False,False,False,False,False,0.471064,0.67948,0.247874
igg_elisa,10,2011,0.216559,-1.134746,False,False,False,False,False,0.420163,0.680192,0.247162
igg_elisa,11,2011,1.0,2.462754,False,False,False,False,False,0.53613,0.680646,0.246708
igg_elisa,12,2011,0.272714,-0.876889,False,False,False,False,False,0.483447,0.680936,0.246418
igg_elisa,13,2011,0.557105,0.429014,False,False,False,False,False,0.498179,0.681121,0.246233
igg_elisa,14,2011,0.00218,-2.119159,False,False,False,False,False,0.398979,0.68124,0.246114
igg_elisa,15,2011,0.260527,-0.932851,False,False,False,False,False,0.371288,0.681316,0.246038
igg_elisa,16,2011,0.320145,-0.659087,False,False,False,False,False,0.36106,0.681364,0.24599
igg_elisa,17,2011,0.638044,0.800678,False,False,False,False,False,0.416456,0.681395,0.245959
igg_elisa,18,2011,0.155895,-1.413311,False,False,False,False,False,0.364344,0.681415,0.245939
igg_elisa,19,2011,0.406037,-0.264677,False,False,False,False,False,0.372683,0.681428,0.245926
igg_elisa,20,2011,0.08079,-1.758188,False,False,False,False,False,0.314304,0.681436,0.245918
igg_elisa,21,2011,0.00218,-2.119159,False,False,False,False,False,0.251879,0.681441,0.245913
igg_elisa,22,2011,0.535897,0.331628,False,False,False,False,False,0.308683,0.681445,0.245909
igg_elisa,23,2011,0.292968,-0.783884,False,False,False,False,False,0.30554,0.681447,0.245907
igg_elisa,24,2011,0.542219,0.360657,False,False,False,False,False,0.352876,0.681448,0.245906
igg_elisa,25,2011,0.398997,-0.297003,False,False,False,False,False,0.3621,0.681449,0.245905
igg_elisa,26,2011,0.500945,0.171133,False,False,False,False,False,0.389869,0.68145,0.245904
igg_elisa,27,2011,0.323383,-0.644221,False,False,False,False,False,0.376572,0.68145,0.245904
igg_elisa,28,2011,0.555724,0.422674,False,False,False,False,False,0.412402,0.68145,0.245904
igg_elisa,29,2011,0.052989,-1.885849,False,False,False,False,False,0.34052,0.68145,0.245904
igg_elisa,30,2011,0.436226,-0.126055,False,False,False,False,False,0.359661,0.681451,0.245903
igg_elisa,31,2011,0.589395,0.577288,False,False,False,False,False,0.405608,0.681451,0.245903
igg_elisa,32,2011,0.288489,-0.804452,False,False,False,False,False,0.382184,0.681451,0.245903
igg_elisa,33,2011,0.668691,0.941408,False,False,False,False,False,0.439485,0.681451,0.245903
igg_elisa,34,2011,0.743221,1.283646,False,False,False,False,False,0.500232,0.681451,0.245903
igg_elisa,35,2011,0.625674,0.743879,False,False,False,False,False,0.525321,0.681451,0.245903
igg_elisa,36,2011,0.224979,-1.096084,False,False,False,False,False,0.465252,0.681451,0.245903
igg_elisa,37,2011,0.281358,-0.837192,False,False,False,False,False,0.428474,0.681451,0.245903
igg_elisa,38,2011,0.429893,-0.155133,False,False,False,False,False,0.428758,0.681451,0.245903
igg_elisa,39,2012,0.541351,0.356674,False,False,False,False,False,0.451276,0.681451,0.245903
igg_elisa,40,2012,0.591333,0.586186,False,False,False,False,False,0.479288,0.681451,0.245903
igg_elisa,41,2012,0.172097,-1.338912,False,False,False,False,False,0.41785,0.681451,0.245903
igg_elisa,42,2012,0.477397,0.063001,False,False,False,False,False,0.429759,0.681451,0.245903
igg_elisa,43,2012,0.289368,-0.800415,False,False,False,False,False,0.401681,0.681451,0.245903
igg_elisa,44,2012,0.623751,0.735046,False,False,False,False,False,0.446095,0.681451,0.245903
igg_elisa,45,2012,0.275997,-0.861813,False,False,False,False,False,0.412075,0.681451,0.245903
igg_elisa,46,2012,0.624168,0.736963,False,False,False,False,False,0.454494,0.681451,0.245903
igg_elisa,47,2012,0.471622,0.036483,False,False,False,False,False,0.457919,0.681451,0.245903
igg_elisa,48,2012,0.543008,0.36428,False,False,False,False,False,0.474937,0.681451,0.245903
igg_elisa,49,2012,0.673276,0.962461,False,False,False,False,False,0.514605,0.681451,0.245903
igg_elisa,50,2012,0.569362,0.485299,False,False,False,False,False,0.525556,0.681451,0.245903
igg_elisa,51,2012,0.855285,1.798232,False,False,False,False,False,0.591502,0.681451,0.245903
igg_elisa,52,2012,0.540907,0.354636,False,False,False,False,False,0.581383,0.681451,0.245903
igg_elisa,53,2012,0.584952,0.556885,False,False,False,False,False,0.582097,0.681451,0.245903
igg_elisa,54,2012,0.345058,-0.544689,False,False,False,False,False,0.534689,0.681451,0.245903
igg_elisa,55,2012,0.361728,-0.468141,False,False,False,False,False,0.500097,0.681451,0.245903
igg_elisa,56,2012,0.627622,0.752821,False,False,False,False,False,0.525602,0.681451,0.245903
igg_elisa,57,2012,0.642303,0.820236,False,False,False,False,False,0.548942,0.681451,0.245903
igg_elisa,58,2012,0.055438,-1.8746,False,False,False,False,False,0.450241,0.681451,0.245903
igg_elisa,59,2012,0.422316,-0.189928,False,False,False,False,False,0.444656,0.681451,0.245903
igg_elisa,60,2012,0.345565,-0.54236,False,False,False,False,False,0.424838,0.681451,0.245903
igg_elisa,61,2012,0.461138,-0.01166,False,False,False,False,False,0.432098,0.681451,0.245903
igg_elisa,62,2012,0.284033,-0.824913,False,False,False,False,False,0.402485,0.681451,0.245903
igg_elisa,63,2012,0.545461,0.375547,False,False,False,False,False,0.43108,0.681451,0.245903
igg_elisa,64,2012,0.406949,-0.260492,False,False,False,False,False,0.426254,0.681451,0.245903
igg_elisa,65,2012,0.281805,-0.835141,False,False,False,False,False,0.397364,0.681451,0.245903
igg_elisa,66,2012,0.301268,-0.745768,False,False,False,False,False,0.378145,0.681451,0.245903
igg_elisa,67,2012,0.685638,1.019227,False,False,False,False,False,0.439644,0.681451,0.245903
igg_elisa,68,2012,0.268735,-0.895159,False,False,False,False,False,0.405462,0.681451,0.245903
igg_elisa,69,2012,0.480831,0.07877,False,False,False,False,False,0.420536,0.681451,0.245903
igg_elisa,70,2012,0.49253,0.132491,False,False,False,False,False,0.434935,0.681451,0.245903
igg_elisa,71,2012,0.332375,-0.602928,False,False,False,False,False,0.414423,0.681451,0.245903
igg_elisa,72,2012,0.186591,-1.272356,False,False,False,False,False,0.368856,0.681451,0.245903
igg_elisa,73,2012,0.601979,0.635073,False,False,False,False,False,0.415481,0.681451,0.245903
igg_elisa,74,2012,0.150868,-1.436395,False,False,False,False,False,0.362558,0.681451,0.245903
igg_elisa,75,2012,0.670939,0.951729,False,False,False,False,False,0.424234,0.681451,0.245903
igg_elisa,76,2012,0.538079,0.341648,False,False,False,False,False,0.447003,0.681451,0.245903
igg_elisa,77,2012,0.524445,0.279043,False,False,False,False,False,0.462492,0.681451,0.245903
igg_elisa,78,2012,0.928861,2.13609,False,False,False,False,False,0.555766,0.681451,0.245903
igg_elisa,79,2012,0.729527,1.220763,False,False,False,False,False,0.590518,0.681451,0.245903
igg_elisa,80,2012,0.415017,-0.223442,False,False,False,False,False,0.555418,0.681451,0.245903
igg_elisa,81,2012,0.852433,1.78514,False,False,False,False,False,0.614821,0.681451,0.245903
igg_elisa,82,2012,0.419238,-0.204059,False,False,False,False,False,0.575704,0.681451,0.245903
igg_elisa,83,2013,0.662116,0.911216,False,False,False,False,False,0.592987,0.681451,0.245903
igg_elisa,84,2013,0.548548,0.38972,False,False,False,False,False,0.584099,0.681451,0.245903
igg_elisa,85,2013,0.359479,-0.478468,False,False,False,False,False,0.539175,0.681451,0.245903
igg_elisa,86,2013,0.533842,0.322191,False,False,False,False,False,0.538108,0.681451,0.245903
igg_elisa,87,2013,0.528811,0.299091,False,False,False,False,False,0.536249,0.681451,0.245903
igg_elisa,88,2013,0.422039,-0.191198,False,False,False,False,False,0.513407,0.681451,0.245903
igg_elisa,89,2013,0.224081,-1.100205,False,False,False,False,False,0.455542,0.681451,0.245903
igg_elisa,90,2013,0.71556,1.156627,False,False,False,False,False,0.507545,0.681451,0.245903
igg_elisa,91,2013,0.478707,0.069018,False,False,False,False,False,0.501778,0.681451,0.245903
igg_elisa,92,2013,0.331238,-0.608151,False,False,False,False,False,0.46767,0.681451,0.245903
igg_elisa,93,2013,0.091772,-1.707761,False,False,False,False,False,0.39249,0.681451,0.245903
igg_elisa,94,2013,0.650491,0.857833,False,False,False,False,False,0.44409,0.681451,0.245903
igg_elisa,95,2013,0.388471,-0.345341,False,False,False,False,False,0.432966,0.681451,0.245903
igg_elisa,96,2013,0.131043,-1.527429,False,False,False,False,False,0.372582,0.681451,0.245903
igg_elisa,97,2013,0.709055,1.126759,False,False,False,False,False,0.439876,0.681451,0.245903
igg_elisa,98,2013,0.301268,-0.745768,False,False,False,False,False,0.412155,0.681451,0.245903
igg_elisa,99,2013,0.592178,0.590067,False,False,False,False,False,0.448159,0.681451,0.245903
igg_elisa,100,2013,0.674626,0.968663,False,False,False,False,False,0.493453,0.681451,0.245903
igg_elisa,101,2013,0.186422,-1.273136,False,False,False,False,False,0.432047,0.681451,0.245903
igg_elisa,102,2013,0.00218,-2.119159,False,False,False,False,False,0.346073,0.681451,0.245903
igg_elisa,103,2013,0.439552,-0.110779,False,False,False,False,False,0.364769,0.681451,0.245903
igg_elisa,104,2013,0.277178,-0.856387,False,False,False,False,False,0.347251,0.681451,0.245903
igg_elisa,105,2013,0.399553,-0.294452,False,False,False,False,False,0.357711,0.681451,0.245903
igg_elisa,106,2013,0.224745,-1.097159,False,False,False,False,False,0.331118,0.681451,0.245903
igg_elisa,107,2013,0.929749,2.140167,False,False,False,False,False,0.450844,0.681451,0.245903
igg_elisa,108,2013,0.413712,-0.229434,False,False,False,False,False,0.443418,0.681451,0.245903
igg_elisa,109,2013,0.202931,-1.197324,False,False,False,False,False,0.395321,0.681451,0.245903
igg_elisa,110,2013,0.312542,-0.694002,False,False,False,False,False,0.378765,0.681451,0.245903
igg_elisa,111,2013,0.259084,-0.939477,False,False,False,False,False,0.354829,0.681451,0.245903
igg_elisa,112,2013,0.547559,0.385181,False,False,False,False,False,0.393375,0.681451,0.245903
igg_elisa,113,2013,0.7475,1.303293,False,False,False,False,False,0.4642,0.681451,0.245903
igg_elisa,114,2013,0.55811,0.433629,False,False,False,False,False,0.482982,0.681451,0.245903
igg_elisa,115,2013,0.211407,-1.158406,False,False,False,False,False,0.428667,0.681451,0.245903
igg_elisa,116,2013,0.500164,0.167544,False,False,False,False,False,0.442966,0.681451,0.245903
igg_elisa,117,2013,0.454985,-0.039912,False,False,False,False,False,0.44537,0.681451,0.245903
igg_elisa,118,2013,0.395996,-0.310787,False,False,False,False,False,0.435495,0.681451,0.245903
igg_elisa,119,2013,0.623188,0.732463,False,False,False,False,False,0.473034,0.681451,0.245903
igg_elisa,120,2013,0.112762,-1.611374,False,False,False,False,False,0.400979,0.681451,0.245903
igg_elisa,121,2013,0.390013,-0.33826,False,False,False,False,False,0.398786,0.681451,0.245903
igg_elisa,122,2013,0.786734,1.483454,False,False,False,False,False,0.476376,0.681451,0.245903
igg_elisa,123,2013,0.279843,-0.844152,False,False,False,False,False,0.437069,0.681451,0.245903
igg_elisa,124,2013,0.186888,-1.270992,False,False,False,False,False,0.387033,0.681451,0.245903
igg_elisa,125,2013,0.680385,0.995108,False,False,False,False,False,0.445704,0.681451,0.245903
igg_elisa,126,2013,0.347113,-0.535254,False,False,False,False,False,0.425985,0.681451,0.245903
igg_elisa,127,2013,0.482043,0.084337,False,False,False,False,False,0.437197,0.681451,0.245903
igg_elisa,128,2013,0.406897,-0.260731,False,False,False,False,False,0.431137,0.681451,0.245903
igg_elisa,129,2013,0.800629,1.547259,False,False,False,False,False,0.505035,0.681451,0.245903
igg_elisa,130,2013,0.743172,1.28342,False,False,False,False,False,0.552663,0.681451,0.245903
igg_elisa,131,2013,0.451654,-0.055211,False,False,False,False,False,0.532461,0.681451,0.245903
igg_elisa,132,2013,0.447252,-0.075424,False,False,False,False,False,0.515419,0.681451,0.245903
igg_elisa,133,2013,0.62577,0.74432,False,False,False,False,False,0.537489,0.681451,0.245903
igg_elisa,134,2013,0.710303,1.132487,False,False,False,False,False,0.572052,0.681451,0.245903
igg_elisa,135,2014,0.388173,-0.346711,False,False,False,False,False,0.535276,0.681451,0.245903
igg_elisa,136,2014,0.630986,0.768268,False,False,False,False,False,0.554418,0.681451,0.245903
igg_elisa,137,2014,0.605924,0.653188,False,False,False,False,False,0.564719,0.681451,0.245903
igg_elisa,138,2014,0.363135,-0.461679,False,False,False,False,False,0.524402,0.681451,0.245903
igg_elisa,139,2014,0.859575,1.817934,False,False,False,False,False,0.591437,0.681451,0.245903
igg_elisa,140,2014,1.0,2.462754,False,False,False,False,False,0.67315,0.681451,0.245903
igg_elisa,141,2014,0.363135,-0.461679,False,False,False,False,False,0.611147,0.681451,0.245903
igg_elisa,142,2014,0.339321,-0.571034,False,False,False,False,False,0.556782,0.681451,0.245903
igg_elisa,143,2014,0.432137,-0.14483,False,False,False,False,False,0.531853,0.681451,0.245903
igg_elisa,144,2014,0.62322,0.732611,False,False,False,False,False,0.550126,0.681451,0.245903
igg_elisa,145,2014,0.151465,-1.433653,False,False,False,False,False,0.470394,0.681451,0.245903
igg_elisa,146,2014,0.349395,-0.524775,False,False,False,False,False,0.446194,0.681451,0.245903
igg_elisa,147,2014,0.591523,0.587058,False,False,False,False,False,0.47526,0.681451,0.245903
igg_elisa,148,2014,0.417031,-0.214195,False,False,False,False,False,0.463614,0.681451,0.245903
igg_elisa,149,2014,0.298629,-0.757889,False,False,False,False,False,0.430617,0.681451,0.245903
igg_elisa,150,2014,0.533587,0.32102,False,False,False,False,False,0.451211,0.681451,0.245903
igg_elisa,151,2014,0.134536,-1.511391,False,False,False,False,False,0.387876,0.681451,0.245903
igg_elisa,152,2014,0.728688,1.216911,False,False,False,False,False,0.456038,0.681451,0.245903
igg_elisa,153,2014,0.786029,1.480217,False,False,False,False,False,0.522037,0.681451,0.245903
igg_elisa,154,2014,0.086075,-1.733917,False,False,False,False,False,0.434844,0.681451,0.245903
igg_elisa,155,2014,0.429695,-0.156041,False,False,False,False,False,0.433815,0.681451,0.245903
igg_elisa,156,2014,0.436518,-0.124712,False,False,False,False,False,0.434355,0.681451,0.245903
igg_elisa,157,2014,0.519632,0.256941,False,False,False,False,False,0.451411,0.681451,0.245903
igg_elisa,158,2014,0.669069,0.943143,False,False,False,False,False,0.494942,0.681451,0.245903
igg_elisa,159,2014,0.388742,-0.344097,False,False,False,False,False,0.473702,0.681451,0.245903
igg_elisa,160,2014,0.542315,0.361099,False,False,False,False,False,0.487425,0.681451,0.245903
igg_elisa,161,2014,0.029898,-1.991882,False,False,False,False,False,0.395919,0.681451,0.245903
igg_elisa,162,2014,0.229207,-1.076667,False,False,False,False,False,0.362577,0.681451,0.245903
igg_elisa,163,2014,0.28098,-0.83893,False,False,False,False,False,0.346258,0.681451,0.245903
igg_elisa,164,2014,0.689444,1.036703,False,False,False,False,False,0.414895,0.681451,0.245903
igg_elisa,165,2014,0.752861,1.327909,False,False,False,False,False,0.482488,0.681451,0.245903
igg_elisa,166,2014,0.251174,-0.975799,False,False,False,False,False,0.436225,0.681451,0.245903
igg_elisa,167,2014,0.418504,-0.207432,False,False,False,False,False,0.432681,0.681451,0.245903
igg_elisa,168,2014,0.791141,1.503688,False,False,False,False,False,0.504373,0.681451,0.245903
igg_elisa,169,2014,0.48723,0.108155,False,False,False,False,False,0.500944,0.681451,0.245903
igg_elisa,170,2014,0.461668,-0.009226,False,False,False,False,False,0.493089,0.681451,0.245903
igg_elisa,171,2014,0.607259,0.659319,False,False,False,False,False,0.515923,0.681451,0.245903
igg_elisa,172,2014,0.235952,-1.045694,False,False,False,False,False,0.459929,0.681451,0.245903
igg_elisa,173,2014,0.519996,0.258614,False,False,False,False,False,0.471942,0.681451,0.245903
igg_elisa,174,2014,0.671459,0.954119,False,False,False,False,False,0.511846,0.681451,0.245903
igg_elisa,175,2014,0.479328,0.071867,False,False,False,False,False,0.505342,0.681451,0.245903
igg_elisa,176,2014,0.186167,-1.274306,False,False,False,False,False,0.441507,0.681451,0.245903
igg_elisa,177,2014,0.770962,1.411031,False,False,False,False,False,0.507398,0.681451,0.245903
igg_elisa,178,2014,0.499529,0.164629,False,False,False,False,False,0.505824,0.681451,0.245903
igg_elisa,179,2014,0.690885,1.043322,False,False,False,False,False,0.542836,0.681451,0.245903
igg_elisa,180,2014,0.533959,0.322732,False,False,False,False,False,0.541061,0.681451,0.245903
igg_elisa,181,2014,0.686351,1.022503,False,False,False,False,False,0.570119,0.681451,0.245903
igg_elisa,182,2014,0.335008,-0.59084,False,False,False,False,False,0.523097,0.681451,0.245903
igg_elisa,183,2014,0.334274,-0.594206,False,False,False,False,False,0.485332,0.681451,0.245903
igg_elisa,184,2015,0.947679,2.2225,False,False,False,False,False,0.577802,0.681451,0.245903
igg_elisa,185,2015,0.09308,-1.701753,False,False,False,False,False,0.480857,0.681451,0.245903
igg_elisa,186,2015,0.520583,0.261306,False,False,False,False,False,0.488802,0.681451,0.245903
igg_elisa,187,2015,0.174022,-1.330073,False,False,False,False,False,0.425846,0.681451,0.245903
igg_elisa,188,2015,0.664132,0.920475,False,False,False,False,False,0.473504,0.681451,0.245903
igg_elisa,189,2015,0.418757,-0.206268,False,False,False,False,False,0.462554,0.681451,0.245903
igg_elisa,190,2015,0.474228,0.048448,False,False,False,False,False,0.464889,0.681451,0.245903
igg_elisa,191,2015,0.522337,0.269362,False,False,False,False,False,0.476379,0.681451,0.245903
igg_elisa,192,2015,0.716463,1.160773,False,False,False,False,False,0.524395,0.681451,0.245903
igg_elisa,193,2015,0.752885,1.32802,False,False,False,False,False,0.570093,0.681451,0.245903
igg_elisa,194,2015,0.481206,0.080492,False,False,False,False,False,0.552316,0.681451,0.245903
igg_elisa,195,2015,0.781651,1.460113,False,False,False,False,False,0.598183,0.681451,0.245903
igg_elisa,196,2015,0.576948,0.520134,False,False,False,False,False,0.593936,0.681451,0.245903
igg_elisa,197,2015,0.379797,-0.385173,False,False,False,False,False,0.551108,0.681451,0.245903
igg_elisa,198,2015,0.641717,0.817544,False,False,False,False,False,0.56923,0.681451,0.245903
igg_elisa,199,2015,0.383785,-0.366858,False,False,False,False,False,0.532141,0.681451,0.245903
igg_elisa,200,2015,0.716698,1.161853,False,False,False,False,False,0.569052,0.681451,0.245903
igg_elisa,201,2015,0.115007,-1.601064,False,False,False,False,False,0.478243,0.681451,0.245903
igg_elisa,202,2015,0.530455,0.306638,False,False,False,False,False,0.488686,0.681451,0.245903
igg_elisa,203,2015,0.237737,-1.0375,False,False,False,False,False,0.438496,0.681451,0.245903
igg_elisa,204,2015,0.379299,-0.387458,False,False,False,False,False,0.426656,0.681451,0.245903
igg_elisa,205,2015,0.504352,0.186775,False,False,False,False,False,0.442195,0.681451,0.245903
igg_elisa,206,2015,0.829956,1.681926,False,False,False,False,False,0.519748,0.681451,0.245903
igg_elisa,207,2015,1.0,2.462754,False,False,False,False,False,0.615798,0.681451,0.245903
igg_elisa,208,2015,0.464309,0.002901,False,False,False,False,False,0.5855,0.681451,0.245903
igg_elisa,209,2015,0.368068,-0.439027,False,False,False,False,False,0.542014,0.681451,0.245903
igg_elisa,210,2015,0.55031,0.397813,False,False,False,False,False,0.543673,0.681451,0.245903
igg_elisa,211,2015,0.438656,-0.114894,False,False,False,False,False,0.52267,0.681451,0.245903
igg_elisa,212,2015,0.531284,0.310447,False,False,False,False,False,0.524393,0.681451,0.245903
igg_elisa,213,2015,0.575091,0.511603,False,False,False,False,False,0.534532,0.681451,0.245903
igg_elisa,214,2015,0.422391,-0.189582,False,False,False,False,False,0.512104,0.681451,0.245903
igg_elisa,215,2015,0.453885,-0.044963,False,False,False,False,False,0.50046,0.681451,0.245903
igg_elisa,216,2015,0.399553,-0.294452,False,False,False,False,False,0.480279,0.681451,0.245903
igg_elisa,217,2015,0.836691,1.712851,False,False,False,False,False,0.551561,0.681451,0.245903
igg_elisa,218,2015,0.349069,-0.526269,False,False,False,False,False,0.511063,0.681451,0.245903
igg_elisa,219,2015,0.761766,1.368803,False,False,False,False,False,0.561204,0.681451,0.245903
igg_elisa,220,2015,0.00218,-2.119159,False,False,False,False,False,0.449399,0.681451,0.245903
igg_elisa,221,2015,0.600036,0.62615,False,False,False,False,False,0.479526,0.681451,0.245903
igg_elisa,222,2015,0.559909,0.441891,False,False,False,False,False,0.495603,0.681451,0.245903
igg_elisa,223,2015,1.0,2.462754,False,False,False,False,False,0.596482,0.681451,0.245903
igg_elisa,224,2015,0.394982,-0.315442,False,False,False,False,False,0.556182,0.681451,0.245903
igg_elisa,225,2015,0.321185,-0.654313,False,False,False,False,False,0.509183,0.681451,0.245903
igg_elisa,226,2015,0.122314,-1.567513,False,False,False,False,False,0.431809,0.681451,0.245903
igg_elisa,227,2015,0.725791,1.203607,False,False,False,False,False,0.490605,0.681451,0.245903
igg_elisa,228,2015,0.565265,0.466483,False,False,False,False,False,0.505537,0.681451,0.245903
igg_elisa,229,2015,0.700252,1.086333,False,False,False,False,False,0.54448,0.681451,0.245903
igg_elisa,230,2015,0.292431,-0.786347,False,False,False,False,False,0.49407,0.681451,0.245903
igg_elisa,231,2015,0.37334,-0.414818,False,False,False,False,False,0.469924,0.681451,0.245903
igg_elisa,232,2015,0.609321,0.668786,False,False,False,False,False,0.497804,0.681451,0.245903
igg_elisa,233,2015,0.434247,-0.13514,False,False,False,False,False,0.485092,0.681451,0.245903
igg_elisa,234,2015,0.379078,-0.388474,False,False,False,False,False,0.463889,0.681451,0.245903
igg_elisa,235,2015,0.621916,0.72662,False,False,False,False,False,0.495495,0.681451,0.245903
igg_elisa,236,2015,0.551538,0.40345,False,False,False,False,False,0.506703,0.681451,0.245903
igg_elisa,237,2015,0.494932,0.143521,False,False,False,False,False,0.504349,0.681451,0.245903
igg_elisa,238,2015,0.528811,0.299091,False,False,False,False,False,0.509241,0.681451,0.245903
igg_elisa,239,2015,0.273414,-0.873672,False,False,False,False,False,0.462076,0.681451,0.245903
igg_elisa,240,2015,0.078637,-1.768076,False,False,False,False,False,0.385388,0.681451,0.245903
igg_elisa,241,2016,0.618337,0.710186,False,False,False,False,False,0.431978,0.681451,0.245903
igg_elisa,242,2016,0.75792,1.351141,False,False,False,False,False,0.497166,0.681451,0.245903
igg_elisa,243,2016,0.335861,-0.586919,False,False,False,False,False,0.464905,0.681451,0.245903
igg_elisa,244,2016,0.180695,-1.299432,False,False,False,False,False,0.408063,0.681451,0.245903
igg_elisa,245,2016,1.0,2.462754,False,False,False,False,False,0.526451,0.681451,0.245903
igg_elisa,246,2016,0.24087,-1.02311,False,False,False,False,False,0.469335,0.681451,0.245903
igg_elisa,247,2016,0.656251,0.884286,False,False,False,False,False,0.506718,0.681451,0.245903
igg_elisa,248,2016,0.473151,0.043505,False,False,False,False,False,0.500005,0.681451,0.245903
igg_elisa,249,2016,0.514623,0.233941,False,False,False,False,False,0.502928,0.681451,0.245903
igg_elisa,250,2016,0.7036,1.101709,False,False,False,False,False,0.543063,0.681451,0.245903
igg_elisa,251,2016,0.533017,0.318404,False,False,False,False,False,0.541054,0.681451,0.245903
igg_elisa,252,2016,0.413815,-0.228963,False,False,False,False,False,0.515606,0.681451,0.245903
igg_elisa,253,2016,0.655458,0.880645,False,False,False,False,False,0.543576,0.681451,0.245903
igg_elisa,254,2016,0.20806,-1.173774,False,False,False,False,False,0.476473,0.681451,0.245903
igg_elisa,255,2016,0.205788,-1.184208,False,False,False,False,False,0.422336,0.681451,0.245903
igg_elisa,256,2016,0.156622,-1.409974,False,False,False,False,False,0.369193,0.681451,0.245903
igg_elisa,257,2016,0.908907,2.044459,False,False,False,False,False,0.477136,0.681451,0.245903
igg_elisa,258,2016,0.356405,-0.492585,False,False,False,False,False,0.45299,0.681451,0.245903
igg_elisa,259,2016,0.500121,0.16735,False,False,False,False,False,0.462416,0.681451,0.245903
igg_elisa,260,2016,0.468797,0.023511,False,False,False,False,False,0.463692,0.681451,0.245903
igg_elisa,261,2016,0.331884,-0.605185,False,False,False,False,False,0.43733,0.681451,0.245903
igg_elisa,262,2016,0.494804,0.142932,False,False,False,False,False,0.448825,0.681451,0.245903
igg_elisa,263,2016,0.450049,-0.062578,False,False,False,False,False,0.44907,0.681451,0.245903
igg_elisa,264,2016,0.561037,0.447071,False,False,False,False,False,0.471463,0.681451,0.245903
igg_elisa,265,2016,0.519551,0.256569,False,False,False,False,False,0.481081,0.681451,0.245903
igg_elisa,266,2016,0.00218,-2.119159,False,False,False,False,False,0.385301,0.681451,0.245903
igg_elisa,267,2016,0.372415,-0.41907,False,False,False,False,False,0.382723,0.681451,0.245903
igg_elisa,268,2016,0.674196,0.966686,False,False,False,False,False,0.441018,0.681451,0.245903
igg_elisa,269,2016,0.419061,-0.204872,False,False,False,False,False,0.436627,0.681451,0.245903
igg_elisa,270,2016,0.192076,-1.24717,False,False,False,False,False,0.387717,0.681451,0.245903
igg_elisa,271,2016,0.606826,0.657328,False,False,False,False,False,0.431538,0.681451,0.245903
igg_elisa,272,2016,0.325975,-0.632318,False,False,False,False,False,0.410426,0.681451,0.245903
igg_elisa,273,2016,0.524185,0.277847,False,False,False,False,False,0.433177,0.681451,0.245903
igg_elisa,274,2016,0.818933,1.631308,False,False,False,False,False,0.510329,0.681451,0.245903
igg_elisa,275,2016,0.180824,-1.29884,False,False,False,False,False,0.444428,0.681451,0.245903
igg_elisa,276,2016,0.37446,-0.409677,False,False,False,False,False,0.430434,0.681451,0.245903
igg_elisa,277,2016,0.511912,0.221494,False,False,False,False,False,0.44673,0.681451,0.245903
igg_elisa,278,2016,0.526843,0.290052,False,False,False,False,False,0.462752,0.681451,0.245903
igg_elisa,279,2016,0.518009,0.249489,False,False,False,False,False,0.473804,0.681451,0.245903
igg_elisa,280,2016,0.543526,0.366661,False,False,False,False,False,0.487748,0.681451,0.245903
igg_elisa,281,2016,0.21401,-1.146451,False,False,False,False,False,0.433001,0.681451,0.245903
igg_elisa,282,2016,0.760808,1.364402,False,False,False,False,False,0.498562,0.681451,0.245903
igg_elisa,283,2016,0.388579,-0.344844,False,False,False,False,False,0.476565,0.681451,0.245903
igg_elisa,284,2016,0.027062,-2.004901,False,False,False,False,False,0.386665,0.681451,0.245903
igg_elisa,285,2016,0.449884,-0.063337,False,False,False,False,False,0.399309,0.681451,0.245903
igg_elisa,286,2016,0.449813,-0.063663,False,False,False,False,False,0.409409,0.681451,0.245903
igg_elisa,287,2016,0.125875,-1.551163,False,False,False,False,False,0.352702,0.681451,0.245903
igg_elisa,288,2016,0.242635,-1.015006,False,False,False,False,False,0.330689,0.681451,0.245903
igg_elisa,289,2016,0.646476,0.839401,False,False,False,False,False,0.393847,0.681451,0.245903
igg_elisa,290,2016,0.835047,1.705302,False,False,False,False,False,0.482087,0.681451,0.245903
igg_elisa,291,2016,0.198654,-1.216966,False,False,False,False,False,0.4254,0.681451,0.245903
igg_elisa,292,2016,0.573261,0.503202,False,False,False,False,False,0.454972,0.681451,0.245903
igg_elisa,293,2016,0.390094,-0.337888,False,False,False,False,False,0.441997,0.681451,0.245903
igg_elisa,294,2016,0.314846,-0.683421,False,False,False,False,False,0.416566,0.681451,0.245903
igg_elisa,295,2016,0.486817,0.106255,False,False,False,False,False,0.430616,0.681451,0.245903
igg_elisa,296,2016,0.719252,1.17358,False,False,False,False,False,0.488344,0.681451,0.245903
igg_elisa,297,2016,0.610811,0.67563,False,False,False,False,False,0.512837,0.681451,0.245903
igg_elisa,298,2016,0.502988,0.180513,False,False,False,False,False,0.510867,0.681451,0.245903
igg_elisa,299,2016,0.181168,-1.297261,False,False,False,False,False,0.444927,0.681451,0.245903
igg_elisa,300,2016,0.404052,-0.273793,False,False,False,False,False,0.436752,0.681451,0.245903
igg_elisa,301,2016,0.517277,0.246127,False,False,False,False,False,0.452857,0.681451,0.245903
igg_elisa,302,2017,0.909409,2.046767,False,False,False,False,False,0.544168,0.681451,0.245903
igg_elisa,303,2017,0.627908,0.754137,False,False,False,False,False,0.560916,0.681451,0.245903
igg_elisa,304,2017,0.274498,-0.868696,False,False,False,False,False,0.503632,0.681451,0.245903
igg_elisa,305,2017,0.276935,-0.857503,False,False,False,False,False,0.458293,0.681451,0.245903
igg_elisa,306,2017,0.418174,-0.208946,False,False,False,False,False,0.450269,0.681451,0.245903
igg_elisa,307,2017,0.414634,-0.225203,False,False,False,False,False,0.443142,0.681451,0.245903
igg_elisa,308,2017,0.087718,-1.726375,False,False,False,False,False,0.372057,0.681451,0.245903
igg_elisa,309,2017,0.499571,0.164824,False,False,False,False,False,0.39756,0.681451,0.245903
igg_elisa,310,2017,1.0,2.462754,False,False,False,False,False,0.518048,0.681451,0.245903
igg_elisa,311,2017,0.388471,-0.345341,False,False,False,False,False,0.492133,0.681451,0.245903
igg_elisa,312,2017,0.319735,-0.660971,False,False,False,False,False,0.457653,0.681451,0.245903
igg_elisa,313,2017,0.627988,0.754503,False,False,False,False,False,0.49172,0.681451,0.245903
igg_elisa,314,2017,0.320177,-0.658942,False,False,False,False,False,0.457411,0.681451,0.245903
igg_elisa,315,2017,0.76018,1.361517,False,False,False,False,False,0.517965,0.681451,0.245903
igg_elisa,316,2017,0.099411,-1.672683,False,False,False,False,False,0.434254,0.681451,0.245903
igg_elisa,317,2017,0.470855,0.032962,False,False,False,False,False,0.441574,0.681451,0.245903
igg_elisa,318,2017,0.68064,0.996279,False,False,False,False,False,0.489388,0.681451,0.245903
igg_elisa,319,2017,0.797976,1.535076,False,False,False,False,False,0.551105,0.681451,0.245903
igg_elisa,320,2017,0.642149,0.819528,False,False,False,False,False,0.569314,0.681451,0.245903
igg_elisa,321,2017,0.385098,-0.360831,False,False,False,False,False,0.532471,0.681451,0.245903
igg_elisa,322,2017,0.254325,-0.961327,False,False,False,False,False,0.476842,0.681451,0.245903
igg_elisa,323,2017,0.4341,-0.135815,False,False,False,False,False,0.468293,0.681451,0.245903
igg_elisa,324,2017,0.672902,0.960743,False,False,False,False,False,0.509215,0.681451,0.245903
igg_elisa,325,2017,0.525426,0.283546,False,False,False,False,False,0.512457,0.681451,0.245903
igg_elisa,326,2017,0.340197,-0.567012,False,False,False,False,False,0.478005,0.681451,0.245903
igg_elisa,327,2017,0.47232,0.039687,False,False,False,False,False,0.476868,0.681451,0.245903
igg_elisa,328,2017,0.288285,-0.805385,False,False,False,False,False,0.439151,0.681451,0.245903
igg_elisa,329,2017,0.509475,0.210302,False,False,False,False,False,0.453216,0.681451,0.245903
igg_elisa,330,2017,0.415273,-0.222269,False,False,False,False,False,0.445628,0.681451,0.245903
igg_elisa,331,2017,0.032954,-1.977846,False,False,False,False,False,0.363093,0.681451,0.245903
igg_elisa,332,2017,0.604535,0.646808,False,False,False,False,False,0.411381,0.681451,0.245903
igg_elisa,333,2017,0.526025,0.286298,False,False,False,False,False,0.43431,0.681451,0.245903
igg_elisa,334,2017,0.581047,0.538956,False,False,False,False,False,0.463657,0.681451,0.245903
igg_elisa,335,2017,0.123243,-1.563245,False,False,False,False,False,0.395575,0.681451,0.245903
igg_elisa,336,2017,0.477842,0.065042,False,False,False,False,False,0.412028,0.681451,0.245903
igg_elisa,337,2017,0.398892,-0.29749,False,False,False,False,False,0.409401,0.681451,0.245903
igg_elisa,338,2017,0.607459,0.660237,False,False,False,False,False,0.449012,0.681451,0.245903
igg_elisa,339,2017,0.641377,0.815985,False,False,False,False,False,0.487485,0.681451,0.245903
igg_elisa,340,2017,0.372611,-0.418167,False,False,False,False,False,0.46451,0.681451,0.245903
igg_elisa,341,2017,0.311803,-0.697393,False,False,False,False,False,0.433969,0.681451,0.245903
igg_elisa,342,2017,0.726495,1.206838,False,False,False,False,False,0.492474,0.681451,0.245903
igg_elisa,343,2017,0.531698,0.312348,False,False,False,False,False,0.500319,0.681451,0.245903
igg_elisa,344,2017,0.640155,0.810373,False,False,False,False,False,0.528286,0.681451,0.245903
igg_elisa,345,2017,0.098379,-1.677421,False,False,False,False,False,0.442305,0.681451,0.245903
igg_elisa,346,2017,0.468842,0.023719,False,False,False,False,False,0.447612,0.681451,0.245903
igg_elisa,347,2017,0.429844,-0.15536,False,False,False,False,False,0.444059,0.681451,0.245903
igg_elisa,348,2017,0.450781,-0.059216,False,False,False,False,False,0.445403,0.681451,0.245903
igg_elisa,349,2017,0.373425,-0.414432,False,False,False,False,False,0.431007,0.681451,0.245903
igg_elisa,350,2017,0.554096,0.415195,False,False,False,False,False,0.455625,0.681451,0.245903
igg_elisa,351,2017,0.291457,-0.79082,False,False,False,False,False,0.422791,0.681451,0.245903
igg_elisa,352,2017,0.699125,1.081161,False,False,False,False,False,0.478058,0.681451,0.245903
igg_elisa,353,2017,0.445512,-0.083411,False,False,False,False,False,0.471549,0.681451,0.245903
igg_elisa,354,2017,0.648716,0.849685,False,False,False,False,False,0.506982,0.681451,0.245903
igg_elisa,355,2017,0.414659,-0.225085,False,False,False,False,False,0.488518,0.681451,0.245903
igg_elisa,356,2017,0.646705,0.840453,False,False,False,False,False,0.520155,0.681451,0.245903
igg_elisa,357,2018,0.291323,-0.791438,False,False,False,False,False,0.474389,0.681451,0.245903
igg_elisa,358,2018,0.673132,0.961801,False,False,False,False,False,0.514137,0.681451,0.245903
igg_elisa,359,2018,0.620478,0.720017,False,False,False,False,False,0.535406,0.681451,0.245903
igg_elisa,360,2018,0.174066,-1.329873,False,False,False,False,False,0.463138,0.681451,0.245903
igg_elisa,361,2018,0.488577,0.11434,False,False,False,False,False,0.468226,0.681451,0.245903
igg_elisa,362,2018,0.51746,0.246968,False,False,False,False,False,0.478072,0.681451,0.245903
igg_elisa,363,2018,0.502504,0.178293,False,False,False,False,False,0.482959,0.681451,0.245903
igg_elisa,364,2018,0.941142,2.192482,False,False,False,False,False,0.574595,0.681451,0.245903
igg_elisa,365,2018,0.664264,0.921082,False,False,False,False,False,0.592529,0.681451,0.245903
igg_elisa,366,2018,0.666213,0.930029,False,False,False,False,False,0.607266,0.681451,0.245903
igg_elisa,367,2018,0.137481,-1.497868,False,False,False,False,False,0.513309,0.681451,0.245903
igg_elisa,368,2018,0.208707,-1.170803,False,False,False,False,False,0.452389,0.681451,0.245903
igg_elisa,369,2018,0.243047,-1.013114,False,False,False,False,False,0.41052,0.681451,0.245903
igg_elisa,370,2018,0.326815,-0.628461,False,False,False,False,False,0.393779,0.681451,0.245903
igg_elisa,371,2018,0.359393,-0.478866,False,False,False,False,False,0.386902,0.681451,0.245903
igg_elisa,372,2018,0.538564,0.343877,False,False,True,False,False,0.417234,0.681451,0.245903
igg_elisa,373,2018,0.315516,-0.680346,False,False,False,False,False,0.396891,0.681451,0.245903
igg_elisa,374,2018,0.714616,1.152292,False,False,False,False,False,0.460436,0.681451,0.245903
igg_elisa,375,2018,0.529723,0.303277,False,False,False,False,False,0.474293,0.681451,0.245903
igg_elisa,376,2018,0.705988,1.112675,False,False,False,False,False,0.520632,0.681451,0.245903
igg_elisa,377,2018,0.74629,1.297738,False,False,False,False,False,0.565764,0.681451,0.245903
igg_elisa,378,2018,0.734741,1.244706,False,False,False,False,False,0.599559,0.681451,0.245903
igg_elisa,379,2018,0.353514,-0.505858,False,False,False,False,False,0.55035,0.681451,0.245903
igg_elisa,380,2018,0.814182,1.609491,False,False,False,False,False,0.603117,0.681451,0.245903
igg_elisa,381,2018,0.446561,-0.078593,False,False,False,False,False,0.571806,0.681451,0.245903
igg_elisa,382,2018,0.256692,-0.950457,False,False,False,False,False,0.508783,0.681451,0.245903
igg_elisa,383,2018,0.203627,-1.194131,False,False,False,False,False,0.447752,0.681451,0.245903
igg_elisa,384,2018,0.400557,-0.289843,False,False,False,False,False,0.438313,0.681451,0.245903
igg_elisa,385,2018,0.216956,-1.132924,False,False,False,False,False,0.394041,0.681451,0.245903
igg_elisa,386,2018,0.590434,0.58206,False,False,False,False,False,0.43332,0.681451,0.245903
igg_elisa,387,2018,0.00218,-2.119159,False,False,False,False,False,0.347092,0.681451,0.245903
igg_elisa,388,2018,0.651941,0.864496,False,False,False,False,False,0.408062,0.681451,0.245903
igg_elisa,389,2018,0.947695,2.222572,False,False,False,False,False,0.515988,0.681451,0.245903
igg_elisa,390,2018,0.488534,0.114141,False,False,False,False,False,0.510498,0.681451,0.245903
igg_elisa,391,2018,0.295374,-0.772834,False,False,False,False,False,0.467473,0.681451,0.245903
igg_elisa,392,2018,0.229091,-1.077199,False,False,False,False,False,0.419797,0.681451,0.245903
igg_elisa,393,2018,0.510344,0.214293,False,False,False,False,False,0.437906,0.681451,0.245903
igg_elisa,394,2018,0.228125,-1.081637,False,False,False,False,False,0.39595,0.681451,0.245903
igg_elisa,395,2018,0.13013,-1.531623,False,False,False,False,False,0.342786,0.681451,0.245903
igg_elisa,396,2018,0.818131,1.627624,False,False,False,False,False,0.437855,0.681451,0.245903
igg_elisa,397,2018,0.734377,1.243034,False,False,False,False,False,0.497159,0.681451,0.245903
igg_elisa,398,2018,0.69004,1.039442,False,False,False,False,False,0.535735,0.681451,0.245903
igg_elisa,399,2018,0.425472,-0.175435,False,False,False,False,False,0.513683,0.681451,0.245903
igg_elisa,400,2018,0.381644,-0.37669,False,False,False,False,False,0.487275,0.681451,0.245903
igg_elisa,401,2018,0.763736,1.377848,False,False,False,False,False,0.542567,0.681451,0.245903
igg_elisa,402,2018,0.572218,0.49841,False,False,False,False,False,0.548497,0.681451,0.245903
igg_elisa,403,2018,0.693534,1.055486,False,False,False,False,False,0.577505,0.681451,0.245903
igg_elisa,404,2018,0.513824,0.230271,False,False,False,False,False,0.564769,0.681451,0.245903
igg_elisa,405,2018,0.431103,-0.149579,False,False,False,False,False,0.538035,0.681451,0.245903
igg_elisa,406,2018,0.219054,-1.123289,False,False,False,False,False,0.474239,0.681451,0.245903
igg_elisa,407,2018,0.04579,-1.918903,False,False,False,False,False,0.388549,0.681451,0.245903
igg_elisa,408,2018,0.757383,1.348677,False,False,False,False,False,0.462316,0.681451,0.245903
igg_elisa,409,2018,0.806789,1.575543,False,False,False,False,False,0.531211,0.681451,0.245903
igg_elisa,410,2018,0.465361,0.007732,False,False,False,False,False,0.518041,0.681451,0.245903
igg_elisa,411,2018,0.283075,-0.829312,False,False,False,False,False,0.471047,0.681451,0.245903
igg_elisa,412,2018,0.21413,-1.145901,False,False,False,False,False,0.419664,0.681451,0.245903
igg_elisa,413,2018,0.399659,-0.293966,False,False,False,False,False,0.415663,0.681451,0.245903
igg_elisa,414,2018,0.671286,0.953323,False,False,False,False,False,0.466787,0.681451,0.245903
igg_elisa,415,2019,0.470449,0.031096,False,False,False,False,False,0.46752,0.681451,0.245903
igg_elisa,416,2019,0.240607,-1.02432,False,False,False,False,False,0.422137,0.681451,0.245903
igg_elisa,417,2019,0.476662,0.059628,False,False,False,False,False,0.433042,0.681451,0.245903
igg_elisa,418,2019,0.678782,0.987746,False,False,False,False,False,0.48219,0.681451,0.245903
igg_elisa,419,2019,0.601169,0.631353,False,False,False,False,False,0.505986,0.681451,0.245903
igg_elisa,420,2019,0.188624,-1.263021,False,False,False,False,False,0.442514,0.681451,0.245903
igg_elisa,421,2019,0.382001,-0.375048,False,False,False,False,False,0.430411,0.681451,0.245903
igg_elisa,422,2019,0.395756,-0.311888,False,False,False,False,False,0.42348,0.681451,0.245903
igg_elisa,423,2019,0.175547,-1.323069,False,False,False,False,False,0.373894,0.681451,0.245903
igg_elisa,424,2019,0.265113,-0.91179,False,False,False,False,False,0.352138,0.681451,0.245903
igg_elisa,425,2019,0.289199,-0.801191,False,False,False,False,False,0.33955,0.681451,0.245903
igg_elisa,426,2019,0.278945,-0.848275,False,False,False,False,False,0.327429,0.681451,0.245903
igg_elisa,427,2019,0.375828,-0.403395,False,False,False,False,False,0.337109,0.681451,0.245903
igg_elisa,428,2019,0.786868,1.48407,False,False,False,False,False,0.427061,0.681451,0.245903
igg_elisa,429,2019,0.520057,0.258892,False,False,False,False,False,0.44566,0.681451,0.245903
igg_elisa,430,2019,0.740627,1.271734,False,False,False,False,False,0.504653,0.681451,0.245903
igg_elisa,431,2019,0.718654,1.170833,False,False,False,False,False,0.547453,0.681451,0.245903
igg_elisa,432,2019,0.573423,0.503945,False,False,False,False,False,0.552647,0.681451,0.245903
igg_elisa,433,2019,0.803246,1.559273,False,False,False,False,False,0.602767,0.681451,0.245903
igg_elisa,434,2019,0.342364,-0.557061,False,False,False,False,False,0.550686,0.681451,0.245903
igg_elisa,435,2019,0.402321,-0.281742,False,False,False,False,False,0.521013,0.681451,0.245903
igg_elisa,436,2019,1.0,2.462754,False,False,False,False,False,0.616811,0.681451,0.245903
igg_elisa,437,2019,0.40282,-0.279451,False,False,False,False,False,0.574012,0.681451,0.245903
igg_elisa,438,2019,0.363422,-0.460363,False,False,False,False,False,0.531894,0.681451,0.245903
igg_elisa,439,2019,0.485617,0.100747,False,False,False,False,False,0.522639,0.681451,0.245903
igg_elisa,440,2019,0.424397,-0.18037,False,False,False,False,False,0.502991,0.681451,0.245903
igg_elisa,441,2019,0.594516,0.600801,False,False,False,False,False,0.521296,0.681451,0.245903
igg_elisa,442,2019,0.386842,-0.352822,False,False,False,False,False,0.494405,0.681451,0.245903
igg_elisa,443,2019,0.424397,-0.18037,False,False,False,False,False,0.480403,0.681451,0.245903
igg_elisa,444,2019,0.207412,-1.17675,False,False,False,False,False,0.425805,0.681451,0.245903
igg_elisa,445,2019,0.398043,-0.301385,False,False,False,False,False,0.420253,0.681451,0.245903
igg_elisa,446,2019,0.513988,0.231025,False,False,False,False,False,0.439,0.681451,0.245903
igg_elisa,447,2019,0.527619,0.293618,False,False,False,False,False,0.456724,0.681451,0.245903
igg_elisa,448,2019,0.611951,0.680861,False,False,False,False,False,0.487769,0.681451,0.245903
igg_elisa,449,2019,0.215207,-1.140956,False,False,False,False,False,0.433257,0.681451,0.245903
igg_elisa,450,2019,0.05173,-1.891629,False,False,False,False,False,0.356951,0.681451,0.245903
igg_elisa,451,2019,0.767825,1.396622,False,False,False,False,False,0.439126,0.681451,0.245903
igg_elisa,452,2019,0.404392,-0.272231,False,False,False,False,False,0.432179,0.681451,0.245903
igg_elisa,453,2019,0.488273,0.112945,False,False,False,False,False,0.443398,0.681451,0.245903
igg_elisa,454,2019,0.430634,-0.15173,False,False,False,False,False,0.440845,0.681451,0.245903
igg_elisa,455,2019,0.206438,-1.181221,False,False,False,False,False,0.393964,0.681451,0.245903
igg_elisa,456,2019,0.742062,1.278322,False,False,False,False,False,0.463583,0.681451,0.245903
igg_elisa,457,2019,0.516809,0.243977,False,False,False,False,False,0.474229,0.681451,0.245903
igg_elisa,458,2019,0.438317,-0.116453,False,False,False,False,False,0.467046,0.681451,0.245903
igg_elisa,459,2019,0.852337,1.784696,False,False,False,False,False,0.544104,0.681451,0.245903
igg_elisa,460,2019,0.793262,1.513428,False,False,False,False,False,0.593936,0.681451,0.245903
igg_elisa,461,2019,0.628354,0.756183,False,False,False,False,False,0.600819,0.681451,0.245903
igg_elisa,462,2019,0.50848,0.205733,False,False,False,False,False,0.582352,0.681451,0.245903
igg_elisa,463,2019,0.295807,-0.770845,False,False,False,False,False,0.525043,0.681451,0.245903
igg_elisa,464,2019,0.014917,-2.060669,False,False,True,False,False,0.423018,0.681451,0.245903
igg_elisa,465,2020,0.556042,0.424133,False,False,False,False,False,0.449622,0.681451,0.245903
igg_elisa,466,2020,0.810951,1.594656,False,False,False,False,False,0.521888,0.681451,0.245903
igg_elisa,467,2020,0.533351,0.319938,False,False,False,False,False,0.524181,0.681451,0.245903
igg_elisa,468,2020,0.657177,0.888536,False,False,False,False,False,0.55078,0.681451,0.245903
igg_elisa,469,2020,0.461345,-0.010707,False,False,False,False,False,0.532893,0.681451,0.245903
igg_elisa,470,2020,0.457363,-0.028991,False,False,False,False,False,0.517787,0.681451,0.245903
igg_elisa,471,2020,0.355356,-0.497402,False,False,False,False,False,0.485301,0.681451,0.245903
igg_elisa,472,2020,0.339683,-0.569369,False,False,False,False,False,0.456177,0.681451,0.245903
igg_elisa,473,2020,0.63078,0.767324,False,False,False,False,False,0.491098,0.681451,0.245903
igg_elisa,474,2020,0.322505,-0.648251,False,False,False,False,False,0.457379,0.681451,0.245903
igg_elisa,475,2020,0.473735,0.046184,False,False,False,False,False,0.46065,0.681451,0.245903
igg_elisa,476,2020,0.176894,-1.316886,False,False,False,False,False,0.403899,0.681451,0.245903
igg_elisa,477,2020,0.365623,-0.450257,False,False,False,False,False,0.396244,0.681451,0.245903
igg_elisa,478,2020,0.260923,-0.931033,False,False,False,False,False,0.36918,0.681451,0.245903
igg_elisa,479,2020,0.217868,-1.128737,False,False,False,False,False,0.338917,0.681451,0.245903
igg_elisa,480,2020,0.299587,-0.753487,False,False,False,False,False,0.331051,0.681451,0.245903
igg_elisa,481,2020,0.58936,0.577129,False,False,False,False,False,0.382713,0.681451,0.245903
igg_elisa,482,2020,0.537495,0.338969,False,False,False,False,False,0.41367,0.681451,0.245903
igg_elisa,483,2020,0.439867,-0.109336,False,False,False,False,False,0.418909,0.681451,0.245903
igg_elisa,484,2020,0.211527,-1.157853,False,False,False,False,False,0.377433,0.681451,0.245903
igg_elisa,485,2020,0.421032,-0.195824,False,False,False,False,False,0.386152,0.681451,0.245903
igg_elisa,486,2020,0.491604,0.12824,False,False,False,False,False,0.407243,0.681451,0.245903
igg_elisa,487,2020,0.630511,0.766089,False,False,False,False,False,0.451896,0.681451,0.245903
igg_elisa,488,2020,0.307865,-0.715476,False,False,False,False,False,0.42309,0.681451,0.245903
igg_elisa,489,2020,0.454518,-0.04206,False,False,False,False,False,0.429376,0.681451,0.245903
igg_elisa,490,2020,0.408118,-0.255125,False,False,False,False,False,0.425124,0.681451,0.245903
igg_elisa,491,2020,0.310193,-0.704785,False,False,False,False,False,0.402138,0.681451,0.245903
igg_elisa,492,2020,0.594241,0.599541,False,False,False,False,False,0.440559,0.681451,0.245903
igg_elisa,493,2020,0.185784,-1.276063,False,False,False,False,False,0.389604,0.681451,0.245903
igg_elisa,494,2020,0.313215,-0.69091,False,False,False,False,False,0.374326,0.681451,0.245903
igg_elisa,495,2020,0.80168,1.552083,False,False,False,False,False,0.459797,0.681451,0.245903
igg_elisa,496,2020,0.410317,-0.245023,False,False,False,False,False,0.449901,0.681451,0.245903
igg_elisa,497,2020,0.647986,0.846332,False,False,False,False,False,0.489518,0.681451,0.245903
igg_elisa,498,2020,0.34901,-0.526541,False,False,False,False,False,0.461416,0.681451,0.245903
igg_elisa,499,2020,0.526404,0.288038,False,False,False,False,False,0.474414,0.681451,0.245903
igg_elisa,500,2020,0.803321,1.559619,False,False,False,False,False,0.540195,0.681451,0.245903
igg_elisa,501,2020,0.047123,-1.912782,False,False,False,False,False,0.441581,0.681451,0.245903
igg_elisa,502,2020,0.331207,-0.608292,False,False,False,False,False,0.419506,0.681451,0.245903
igg_elisa,503,2020,0.24211,-1.017417,False,False,False,False,False,0.384027,0.681451,0.245903
igg_elisa,504,2020,0.364852,-0.453795,False,False,False,False,False,0.380192,0.681451,0.245903
igg_elisa,505,2020,0.693534,1.055486,False,False,False,False,False,0.44286,0.681451,0.245903
igg_elisa,506,2020,0.689166,1.035428,False,False,False,False,False,0.492122,0.681451,0.245903
igg_elisa,507,2021,0.533528,0.320749,False,False,False,False,False,0.500403,0.681451,0.245903
igg_elisa,508,2021,0.529624,0.302822,False,False,False,False,False,0.506247,0.681451,0.245903
igg_elisa,509,2021,0.16427,-1.374854,False,False,False,False,False,0.437852,0.681451,0.245903
igg_elisa,510,2021,0.6365,0.793591,False,False,False,False,False,0.477581,0.681451,0.245903
igg_elisa,511,2021,0.425896,-0.173488,False,False,False,False,False,0.467244,0.681451,0.245903
igg_elisa,512,2021,0.767194,1.393728,False,False,False,False,False,0.527234,0.681451,0.245903
igg_elisa,513,2021,0.279325,-0.84653,False,False,False,False,False,0.477652,0.681451,0.245903
igg_elisa,514,2021,0.630004,0.763762,False,False,False,False,False,0.508123,0.681451,0.245903
igg_elisa,515,2021,0.302746,-0.738981,False,False,False,False,False,0.467048,0.681451,0.245903
igg_elisa,516,2021,0.55014,0.397031,False,False,False,False,False,0.483666,0.681451,0.245903
igg_elisa,517,2021,0.592471,0.591412,False,False,False,False,False,0.505427,0.681451,0.245903
igg_elisa,518,2021,0.312734,-0.693118,False,False,False,False,False,0.466888,0.681451,0.245903
igg_elisa,519,2021,0.366221,-0.447509,False,False,False,False,False,0.446755,0.681451,0.245903
igg_elisa,520,2021,0.721713,1.184884,False,False,False,False,False,0.501747,0.681451,0.245903
igg_elisa,521,2021,0.053845,-1.881918,False,False,False,False,False,0.412166,0.681451,0.245903
igg_elisa,522,2021,0.438414,-0.116007,False,False,False,False,False,0.417416,0.681451,0.245903
igg_elisa,523,2021,0.232669,-1.06077,False,False,False,False,False,0.380466,0.681451,0.245903
igg_elisa,524,2021,0.515094,0.236102,False,False,False,False,False,0.407392,0.681451,0.245903
igg_elisa,525,2021,0.811861,1.598836,False,False,False,False,False,0.488286,0.681451,0.245903
igg_elisa,526,2021,0.567855,0.478378,False,False,False,False,False,0.5042,0.681451,0.245903
igg_elisa,527,2021,0.649263,0.852195,False,False,False,False,False,0.533212,0.681451,0.245903
igg_elisa,528,2021,0.489184,0.117128,False,False,False,False,False,0.524407,0.681451,0.245903
igg_elisa,529,2021,0.589759,0.578959,False,False,False,False,False,0.537477,0.681451,0.245903
igg_elisa,530,2021,0.380459,-0.38213,False,False,False,False,False,0.506074,0.681451,0.245903
igg_elisa,531,2021,0.383922,-0.366229,False,False,False,False,False,0.481643,0.681451,0.245903
igg_elisa,532,2021,0.656117,0.883668,False,False,False,False,False,0.516538,0.681451,0.245903
igg_elisa,533,2021,0.576056,0.516037,False,False,False,False,False,0.528442,0.681451,0.245903
igg_elisa,534,2021,0.258903,-0.940307,False,False,False,False,False,0.474534,0.681451,0.245903
igg_elisa,535,2021,0.36193,-0.467216,False,False,False,False,False,0.452013,0.681451,0.245903
igg_elisa,536,2021,0.592523,0.591649,False,False,False,False,False,0.480115,0.681451,0.245903
igg_elisa,537,2021,0.725932,1.204253,False,False,False,False,False,0.529278,0.681451,0.245903
igg_elisa,538,2021,0.343443,-0.552103,False,False,False,False,False,0.492111,0.681451,0.245903
igg_elisa,539,2021,0.651534,0.862624,False,False,False,False,False,0.523996,0.681451,0.245903
igg_elisa,540,2021,0.646599,0.839962,False,False,False,False,False,0.548516,0.681451,0.245903
igg_elisa,541,2021,0.37833,-0.391908,False,False,False,False,False,0.514479,0.681451,0.245903
igg_elisa,542,2021,0.534449,0.324982,False,False,False,False,False,0.518473,0.681451,0.245903
igg_elisa,543,2022,0.410808,-0.242772,False,False,False,False,False,0.49694,0.681451,0.245903
igg_elisa,544,2022,0.00218,-2.119159,False,False,False,False,False,0.397988,0.681451,0.245903
igg_elisa,545,2022,0.105043,-1.646819,False,False,False,False,False,0.339399,0.681451,0.245903
igg_elisa,546,2022,0.50665,0.197328,False,False,False,False,False,0.372849,0.681451,0.245903
igg_elisa,547,2022,0.183695,-1.285654,False,False,False,False,False,0.335018,0.681451,0.245903
igg_elisa,548,2022,0.478641,0.068712,False,False,False,False,False,0.363743,0.681451,0.245903
igg_elisa,549,2022,0.334213,-0.594487,False,False,False,False,False,0.357837,0.681451,0.245903
igg_elisa,550,2022,0.740069,1.269172,False,False,False,False,False,0.434283,0.681451,0.245903
igg_elisa,551,2022,0.44986,-0.063446,False,False,False,False,False,0.437399,0.681451,0.245903
igg_elisa,552,2022,0.263255,-0.92032,False,False,False,False,False,0.40257,0.681451,0.245903
igg_elisa,553,2022,0.135821,-1.505491,False,False,False,False,False,0.34922,0.681451,0.245903
igg_elisa,554,2022,0.30422,-0.732216,False,False,False,False,False,0.34022,0.681451,0.245903
igg_elisa,555,2022,0.717716,1.166528,False,False,False,False,False,0.415719,0.681451,0.245903
igg_elisa,556,2022,0.00218,-2.119159,False,False,False,False,False,0.333011,0.681451,0.245903
igg_elisa,557,2022,0.496747,0.151853,False,False,False,False,False,0.365758,0.681451,0.245903
igg_elisa,558,2022,0.086235,-1.733186,False,False,False,False,False,0.309854,0.681451,0.245903
igg_elisa,559,2022,0.452501,-0.051321,False,False,False,False,False,0.338383,0.681451,0.245903
igg_elisa,560,2022,0.186676,-1.271966,False,False,False,False,False,0.308042,0.681451,0.245903
igg_elisa,561,2022,0.632879,0.77696,False,False,False,False,False,0.373009,0.681451,0.245903
igg_elisa,562,2022,0.463415,-0.001203,False,False,False,False,False,0.39109,0.681451,0.245903
igg_elisa,563,2022,0.986325,2.399961,False,False,False,False,False,0.510137,0.681451,0.245903
igg_elisa,564,2022,0.432825,-0.14167,False,False,False,False,False,0.494675,0.681451,0.245903
igg_elisa,565,2022,0.328242,-0.621906,False,False,False,False,False,0.461388,0.681451,0.245903
igg_elisa,566,2022,0.526903,0.290327,False,False,False,False,False,0.474491,0.681451,0.245903
igg_elisa,567,2022,0.00218,-2.119159,False,False,False,False,False,0.380029,0.681451,0.245903
igg_elisa,568,2022,0.456013,-0.035194,False,False,False,False,False,0.395226,0.681451,0.245903
igg_elisa,569,2022,0.722682,1.189329,False,False,False,False,False,0.460717,0.681451,0.245903
igg_elisa,570,2022,0.61527,0.696102,False,False,False,False,False,0.491627,0.681451,0.245903
igg_elisa,571,2022,0.315707,-0.679468,False,False,False,False,False,0.456443,0.681451,0.245903
igg_elisa,572,2022,0.497853,0.156934,False,False,False,False,False,0.464725,0.681451,0.245903
igg_elisa,573,2022,0.69816,1.076727,False,False,False,False,False,0.511412,0.681451,0.245903
igg_elisa,574,2022,0.680796,0.996994,False,False,False,False,False,0.545289,0.681451,0.245903
igg_elisa,575,2022,0.73508,1.246261,False,False,False,False,False,0.583247,0.681451,0.245903
igg_elisa,576,2022,0.235838,-1.046218,False,False,False,False,False,0.513765,0.681451,0.245903
igg_elisa,577,2022,0.540927,0.354724,False,False,False,False,False,0.519198,0.681451,0.245903
igg_elisa,578,2022,0.189427,-1.259337,False,False,False,False,False,0.453243,0.681451,0.245903
igg_elisa,579,2022,0.060186,-1.8528,False,False,False,False,False,0.374632,0.681451,0.245903
igg_elisa,580,2022,0.466479,0.012866,False,False,False,False,False,0.393001,0.681451,0.245903
igg_elisa,581,2022,0.274847,-0.867093,False,False,False,False,False,0.36937,0.681451,0.245903
igg_elisa,582,2022,0.539631,0.348775,False,False,False,False,False,0.403423,0.681451,0.245903
igg_elisa,583,2022,0.488078,0.112048,False,False,False,False,False,0.420354,0.681451,0.245903
igg_elisa,584,2022,0.501177,0.172199,False,False,False,False,False,0.436518,0.681451,0.245903
igg_elisa,585,2022,0.9403,2.188617,False,False,False,False,False,0.537275,0.681451,0.245903
igg_elisa,586,2022,0.646476,0.839401,False,False,False,False,False,0.559115,0.681451,0.245903
igg_elisa,587,2022,0.729425,1.220296,False,False,False,False,False,0.593177,0.681451,0.245903
igg_elisa,588,2022,0.255128,-0.957642,False,False,False,False,False,0.525567,0.681451,0.245903
igg_elisa,589,2022,0.055779,-1.873035,False,False,False,False,False,0.43161,0.681451,0.245903
igg_elisa,590,2023,0.721287,1.182925,False,False,False,False,False,0.489545,0.681451,0.245903
igg_elisa,591,2023,0.274952,-0.866613,False,False,False,False,False,0.446626,0.681451,0.245903
igg_elisa,592,2023,0.419365,-0.203478,False,False,False,False,False,0.441174,0.681451,0.245903
igg_elisa,593,2023,0.279049,-0.847799,False,False,False,False,False,0.408749,0.681451,0.245903
igg_elisa,594,2023,0.446299,-0.079797,False,False,False,False,False,0.416259,0.681451,0.245903
igg_elisa,595,2023,0.577055,0.520625,False,False,False,False,False,0.448418,0.681451,0.245903
igg_elisa,596,2023,0.288319,-0.805229,False,False,False,False,False,0.416399,0.681451,0.245903
igg_elisa,597,2023,0.610447,0.673959,False,False,False,False,False,0.455208,0.681451,0.245903
igg_elisa,598,2023,0.169812,-1.349406,False,False,False,False,False,0.398129,0.681451,0.245903
igg_elisa,599,2023,0.196126,-1.228575,False,False,False,False,False,0.357728,0.681451,0.245903
igg_elisa,600,2023,0.271239,-0.883661,False,False,False,False,False,0.34043,0.681451,0.245903
igg_elisa,601,2024,0.674583,0.968466,False,False,False,False,False,0.407261,0.681451,0.245903
igg_elisa,602,2024,0.820886,1.640275,False,False,False,False,False,0.489986,0.681451,0.245903
igg_elisa,603,2024,0.380983,-0.379725,False,False,False,False,False,0.468185,0.681451,0.245903
igg_elisa,604,2024,0.232171,-1.063059,False,False,False,False,False,0.420982,0.681451,0.245903
igg_elisa,605,2024,0.14504,-1.463158,False,False,False,False,False,0.365794,0.681451,0.245903
igg_elisa,606,2024,0.401427,-0.285849,False,False,False,False,False,0.37292,0.681451,0.245903
igg_elisa,607,2024,0.412892,-0.233202,False,False,False,False,False,0.380915,0.681451,0.245903
igg_elisa,608,2024,0.865312,1.844275,False,False,False,False,False,0.477794,0.681451,0.245903
igg_elisa,609,2024,0.231403,-1.066585,False,False,False,False,False,0.428516,0.681451,0.245903
igg_elisa,610,2024,0.83262,1.694157,False,False,False,False,False,0.509337,0.681451,0.245903
igg_elisa,611,2024,0.304023,-0.733117,False,False,False,False,False,0.468274,0.681451,0.245903
igg_elisa,612,2024,0.328025,-0.622902,False,False,False,False,False,0.440224,0.681451,0.245903
igg_elisa,613,2024,0.206235,-1.182154,False,False,False,False,False,0.393426,0.681451,0.245903
igg_elisa,614,2024,0.221142,-1.1137,False,False,False,False,False,0.35897,0.681451,0.245903
igg_elisa,615,2024,0.024818,-2.015209,False,False,False,False,False,0.292139,0.681451,0.245903
igg_elisa,616,2024,0.245288,-1.002823,False,False,False,False,False,0.282769,0.681451,0.245903
igg_elisa,617,2024,0.656654,0.886138,False,False,False,False,False,0.357546,0.681451,0.245903
igg_elisa,618,2024,0.609702,0.670537,False,False,False,False,False,0.407977,0.681451,0.245903
igg_elisa,619,2024,0.593194,0.594731,False,False,False,False,False,0.445021,0.681451,0.245903
igg_elisa,620,2024,0.519004,0.254057,False,False,False,False,False,0.459817,0.681451,0.245903
igg_elisa,621,2024,0.638619,0.80332,False,False,False,False,False,0.495578,0.681451,0.245903
igg_elisa,622,2024,0.692694,1.051629,False,False,False,False,False,0.535001,0.681451,0.245903
igg_elisa,623,2024,0.372499,-0.418683,False,False,False,False,False,0.502501,0.681451,0.245903
igg_elisa,624,2024,0.565173,0.466063,False,False,False,False,False,0.515035,0.681451,0.245903
igg_elisa,625,2024,0.577839,0.524222,False,False,False,False,False,0.527596,0.681451,0.245903
igg_elisa,626,2024,0.941023,2.191936,False,False,False,False,False,0.610281,0.681451,0.245903
igg_elisa,627,2024,0.694015,1.057696,False,False,False,False,False,0.627028,0.681451,0.245903
igg_elisa,628,2024,0.562089,0.451899,False,False,False,False,False,0.61404,0.681451,0.245903
igg_elisa,629,2024,0.570395,0.490039,False,False,False,False,False,0.605311,0.681451,0.245903
igg_elisa,630,2024,0.294507,-0.776817,False,False,False,False,False,0.54315,0.681451,0.245903
igg_elisa,631,2024,0.428879,-0.159791,False,False,False,False,False,0.520296,0.681451,0.245903
igg_elisa,632,2024,0.545977,0.377916,False,False,False,False,False,0.525432,0.681451,0.245903
igg_elisa,633,2024,0.118527,-1.5849,False,False,False,False,False,0.444051,0.681451,0.245903
igg_elisa,634,2024,0.49919,0.163073,False,False,False,False,False,0.455079,0.681451,0.245903
igg_elisa,635,2024,0.553044,0.410367,False,False,False,False,False,0.474672,0.681451,0.245903
igg_elisa,636,2024,0.61897,0.713095,False,False,False,False,False,0.503532,0.681451,0.245903
igg_elisa,637,2024,0.749436,1.312182,False,False,False,False,False,0.552712,0.681451,0.245903
igg_elisa,638,2024,0.574697,0.509794,False,False,False,False,False,0.557109,0.681451,0.245903
igg_elisa,639,2024,0.448961,-0.067576,False,False,False,False,False,0.53548,0.681451,0.245903
igg_elisa,640,2024,0.335679,-0.587759,False,False,False,False,False,0.495519,0.681451,0.245903
igg_elisa,641,2024,0.634058,0.782374,False,False,False,False,False,0.523227,0.681451,0.245903
igg_elisa,642,2024,0.099514,-1.67221,False,False,False,False,False,0.438484,0.681451,0.245903
igg_elisa,643,2024,0.231057,-1.068173,False,False,False,False,False,0.396999,0.681451,0.245903
igg_elisa,644,2024,0.453346,-0.047439,False,False,False,False,False,0.408268,0.681451,0.245903
igg_elisa,645,2024,0.168841,-1.353863,False,False,False,False,False,0.360383,0.681451,0.245903
igg_elisa,646,2024,0.453627,-0.046147,False,False,False,False,False,0.379032,0.681451,0.245903
igg_elisa,647,2024,0.200839,-1.206933,False,False,False,False,False,0.343393,0.681451,0.245903
igg_elisa,648,2024,0.605188,0.649808,False,False,False,False,False,0.395752,0.681451,0.245903
igg_elisa,649,2024,0.513229,0.227538,False,False,False,False,False,0.419248,0.681451,0.245903
igg_elisa,650,2024,0.329604,-0.615655,False,False,False,False,False,0.401319,0.681451,0.245903
igg_elisa,651,2024,0.479704,0.073595,False,False,False,False,False,0.416996,0.681451,0.245903
igg_elisa,652,2024,0.341312,-0.561892,False,False,False,False,False,0.401859,0.681451,0.245903
igg_elisa,653,2024,0.456293,-0.033909,False,False,False,False,False,0.412746,0.681451,0.245903
igg_elisa,654,2024,0.745028,1.291944,False,False,False,False,False,0.479202,0.681451,0.245903
igg_elisa,655,2024,0.213651,-1.148102,False,False,False,False,False,0.426092,0.681451,0.245903
igg_elisa,656,2024,0.496917,0.152636,False,False,False,False,False,0.440257,0.681451,0.245903
igg_elisa,657,2024,0.253667,-0.964348,False,False,False,False,False,0.402939,0.681451,0.245903
igg_elisa,658,2024,0.359537,-0.478202,False,False,False,False,False,0.394259,0.681451,0.245903
igg_elisa,659,2024,0.381781,-0.376058,False,False,False,False,False,0.391763,0.681451,0.245903
igg_elisa,660,2024,0.575878,0.515216,False,False,False,False,False,0.428586,0.681451,0.245903
igg_elisa,661,2024,0.56616,0.470596,False,False,False,False,False,0.456101,0.681451,0.245903
igg_elisa,662,2024,0.667541,0.936128,False,False,False,False,False,0.498389,0.681451,0.245903
igg_elisa,663,2024,0.87362,1.882426,False,False,False,False,False,0.573435,0.681451,0.245903
igg_elisa,664,2024,0.945963,2.214622,False,False,False,False,False,0.647941,0.681451,0.245903
igg_elisa,665,2024,0.658963,0.896738,False,False,False,False,False,0.650145,0.681451,0.245903
igg_elisa,666,2024,0.394153,-0.319248,False,False,False,False,False,0.598947,0.681451,0.245903
igg_elisa,667,2024,0.165873,-1.367493,False,False,False,False,False,0.512332,0.681451,0.245903
igg_elisa,668,2024,0.379216,-0.387839,False,False,False,False,False,0.485709,0.681451,0.245903
igg_elisa,669,2024,0.407053,-0.260015,False,False,False,False,False,0.469978,0.681451,0.245903
igg_elisa,670,2024,0.439359,-0.111668,False,False,False,False,False,0.463854,0.681451,0.245903
igg_elisa,671,2024,0.319514,-0.661987,False,False,False,False,False,0.434986,0.681451,0.245903
igg_elisa,672,2024,0.718654,1.170833,False,False,False,False,False,0.491719,0.681451,0.245903
igg_elisa,673,2024,0.312413,-0.694591,False,False,False,False,False,0.455858,0.681451,0.245903
igg_elisa,674,2024,0.34738,-0.534026,False,False,False,False,False,0.434163,0.681451,0.245903
igg_elisa,675,2024,0.46176,-0.008803,False,False,False,False,False,0.439682,0.681451,0.245903
igg_elisa,676,2024,0.328552,-0.620483,False,False,False,False,False,0.417456,0.681451,0.245903
igg_elisa,677,2024,0.350988,-0.517458,False,False,False,False,False,0.404162,0.681451,0.245903
igg_elisa,678,2024,0.485879,0.10195,False,False,False,False,False,0.420506,0.681451,0.245903
igg_elisa,679,2024,0.612083,0.681467,False,False,False,False,False,0.458821,0.681451,0.245903
igg_elisa,680,2024,0.076581,-1.777513,False,False,False,False,False,0.382373,0.681451,0.245903
igg_elisa,681,2024,0.651987,0.864703,False,False,False,False,False,0.436296,0.681451,0.245903
igg_elisa,682,2024,0.326286,-0.630888,False,False,False,False,False,0.414294,0.681451,0.245903
igg_elisa,683,2024,0.733811,1.240436,False,False,False,False,False,0.478197,0.681451,0.245903
igg_elisa,684,2024,0.667424,0.935592,False,False,False,False,False,0.516043,0.681451,0.245903
igg_elisa,685,2024,0.457782,-0.02707,False,False,False,False,False,0.504391,0.681451,0.245903
igg_elisa,686,2024,0.31251,-0.694149,False,False,False,False,False,0.466014,0.681451,0.245903
igg_elisa,687,2024,0.384961,-0.361458,False,False,False,False,False,0.449804,0.681451,0.245903
igg_elisa,688,2024,0.258758,-0.940971,False,False,False,False,False,0.411595,0.681451,0.245903
igg_elisa,689,2024,0.768524,1.399833,False,False,False,False,False,0.48298,0.681451,0.245903
igg_elisa,690,2025,0.462174,-0.0069,False,False,False,False,False,0.478819,0.681451,0.245903
igg_elisa,691,2025,0.807846,1.580399,False,False,False,False,False,0.544625,0.681451,0.245903
igg_elisa,692,2025,0.629243,0.760267,False,False,False,False,False,0.561548,0.681451,0.245903
igg_elisa,693,2025,0.551821,0.404749,False,False,False,False,False,0.559603,0.681451,0.245903
igg_elisa,694,2025,0.837281,1.715561,False,False,False,False,False,0.615138,0.681451,0.245903
igg_elisa,695,2025,0.408817,-0.251911,False,False,False,False,False,0.573874,0.681451,0.245903
igg_elisa,696,2025,0.180351,-1.301013,False,False,False,False,False,0.49517,0.681451,0.245903
igg_elisa,697,2025,0.489098,0.11673,False,False,False,False,False,0.493955,0.681451,0.245903
igg_elisa,698,2025,0.246813,-0.995821,False,False,False,False,False,0.444527,0.681451,0.245903
igg_elisa,699,2025,0.960582,2.281747,False,False,False,False,False,0.547738,0.681451,0.245903
igg_elisa,700,2025,0.840468,1.730194,False,False,False,False,False,0.606284,0.681451,0.245903
igg_elisa,701,2025,0.281083,-0.838456,False,False,False,False,False,0.541244,0.681451,0.245903
igg_elisa,702,2025,0.849953,1.773749,False,False,False,False,False,0.602986,0.681451,0.245903
igg_elisa,703,2025,0.370134,-0.429543,False,False,False,False,False,0.556415,0.681451,0.245903
igg_elisa,704,2025,0.474474,0.049579,False,False,False,False,False,0.540027,0.681451,0.245903
igg_elisa,705,2025,0.529683,0.303095,False,False,False,False,False,0.537958,0.681451,0.245903
igg_elisa,706,2025,0.438583,-0.115228,False,False,False,False,False,0.518083,0.681451,0.245903
igg_elisa,707,2025,0.393912,-0.320355,False,False,False,False,False,0.493249,0.681451,0.245903
igg_elisa,708,2025,0.745654,1.294815,False,False,False,False,False,0.54373,0.681451,0.245903
igg_elisa,709,2025,0.669722,0.946142,False,False,False,False,False,0.568928,0.681451,0.245903
igg_elisa,710,2025,0.00218,-2.119159,False,False,False,False,False,0.455579,0.681451,0.245903
igg_elisa,711,2025,0.46682,0.014435,False,False,False,False,False,0.457827,0.681451,0.245903
igg_elisa,712,2025,0.457247,-0.029525,False,False,False,False,False,0.457711,0.681451,0.245903
igg_elisa,713,2025,0.693066,1.053337,False,False,False,False,False,0.504782,0.681451,0.245903
igg_elisa,714,2025,0.344998,-0.544963,False,False,False,False,False,0.472825,0.681451,0.245903
igg_elisa,715,2025,0.413815,-0.228963,False,False,False,False,False,0.461023,0.681451,0.245903
igg_elisa,716,2025,0.409258,-0.24989,False,False,False,False,False,0.45067,0.681451,0.245903
igg_elisa,717,2025,0.136106,-1.504182,False,False,False,False,False,0.387757,0.681451,0.245903
igg_elisa,718,2025,0.721623,1.184468,False,False,False,False,False,0.45453,0.681451,0.245903
igg_elisa,719,2025,0.70497,1.108,False,False,False,False,False,0.504618,0.681451,0.245903
igg_elisa,720,2025,0.005239,-2.10511,False,False,False,False,False,0.404743,0.681451,0.245903
igg_elisa,721,2025,0.540676,0.353571,False,False,False,False,False,0.431929,0.681451,0.245903
igg_elisa,722,2025,0.729286,1.219655,False,False,False,False,False,0.4914,0.681451,0.245903
igg_elisa,723,2025,0.421712,-0.1927,False,False,False,False,False,0.477463,0.681451,0.245903
igg_elisa,724,2025,0.43432,-0.134803,False,False,False,False,False,0.468834,0.681451,0.245903
igg_elisa,725,2025,0.408481,-0.253458,False,False,False,False,False,0.456764,0.681451,0.245903
igg_elisa,726,2025,0.277976,-0.852725,False,False,False,False,False,0.421006,0.681451,0.245903
igg_elisa,727,2025,0.501135,0.172005,False,False,False,False,False,0.437032,0.681451,0.245903
igg_elisa,728,2025,0.199727,-1.212038,False,False,False,False,False,0.389571,0.681451,0.245903
igg_elisa,729,2025,0.395462,-0.313236,False,False,False,False,False,0.390749,0.681451,0.245903
igg_elisa,730,2025,0.191657,-1.249096,False,False,False,False,False,0.350931,0.681451,0.245903
igg_elisa,731,2025,0.277872,-0.853202,False,False,False,False,False,0.336319,0.681451,0.245903
igg_elisa,732,2025,0.304546,-0.730716,False,False,False,False,False,0.329964,0.681451,0.245903
igg_elisa,733,2025,0.949365,2.230241,False,False,False,False,False,0.453845,0.681451,0.245903
igg_elisa,734,2025,0.115256,-1.599921,False,False,False,False,False,0.386127,0.681451,0.245903
igg_elisa,735,2025,0.261821,-0.926906,False,False,False,False,False,0.361266,0.681451,0.245903
igg_elisa,736,2025,0.077177,-1.774777,False,False,False,False,False,0.304448,0.681451,0.245903
endotoxin,1,2011,0.797008,-0.060905,False,False,False,False,False,0.799438,0.829973,0.770118
endotoxin,2,2011,0.834642,0.693598,False,False,False,False,False,0.806479,0.838372,0.76172
endotoxin,3,2011,0.743243,-1.138803,False,False,False,False,False,0.793832,0.842891,0.757201
endotoxin,4,2011,0.844103,0.883273,False,False,False,False,False,0.803886,0.845549,0.754543
endotoxin,5,2011,0.826169,0.523738,False,False,False,False,False,0.808343,0.847171,0.752921
endotoxin,6,2011,0.8608,1.218024,False,False,False,False,False,0.818834,0.848181,0.751911
endotoxin,7,2011,0.810567,0.210924,False,False,False,False,False,0.817181,0.848816,0.751276
endotoxin,8,2011,0.858837,1.178675,False,False,False,False,False,0.825512,0.849218,0.750874
endotoxin,9,2011,0.908215,2.168634,False,False,False,False,False,0.842053,0.849474,0.750618
endotoxin,10,2011,0.861995,1.241986,False,False,False,False,False,0.846041,0.849637,0.750455
endotoxin,11,2011,0.712316,-1.75885,False,False,False,False,False,0.819296,0.849741,0.750351
endotoxin,12,2011,0.827988,0.560204,False,False,False,False,False,0.821035,0.849807,0.750285
endotoxin,13,2011,0.835082,0.702427,False,False,False,False,False,0.823844,0.84985,0.750242
endotoxin,14,2011,0.837836,0.757641,False,False,False,False,False,0.826643,0.849877,0.750215
endotoxin,15,2011,0.908178,2.167881,False,False,False,False,False,0.84295,0.849894,0.750198
endotoxin,16,2011,0.87943,1.591526,False,False,False,False,True,0.850246,0.849905,0.750187
endotoxin,17,2011,0.880342,1.609816,False,False,False,False,True,0.856265,0.849912,0.750179
endotoxin,18,2011,0.869105,1.384536,False,False,False,False,True,0.858833,0.849917,0.750175
endotoxin,19,2011,0.725077,-1.503006,False,False,False,False,False,0.832082,0.84992,0.750172
endotoxin,20,2011,0.851574,1.033059,False,False,False,False,False,0.83598,0.849922,0.75017
endotoxin,21,2011,0.855387,1.109508,False,False,False,False,False,0.839862,0.849923,0.750169
endotoxin,22,2011,0.890542,1.814313,False,False,False,False,True,0.849998,0.849924,0.750168
endotoxin,23,2011,0.760545,-0.791929,False,False,False,False,False,0.832107,0.849924,0.750168
endotoxin,24,2011,0.798727,-0.02644,False,False,False,False,False,0.825431,0.849924,0.750167
endotoxin,25,2011,0.902877,2.061609,False,False,False,False,False,0.84092,0.849925,0.750167
endotoxin,26,2011,0.829229,0.58507,False,False,False,False,False,0.838582,0.849925,0.750167
endotoxin,27,2011,0.905614,2.116473,False,False,False,True,True,0.851988,0.849925,0.750167
endotoxin,28,2011,0.889688,1.797184,False,False,False,False,True,0.859528,0.849925,0.750167
endotoxin,29,2011,0.865899,1.320253,False,False,False,False,True,0.860802,0.849925,0.750167
endotoxin,30,2011,0.878206,1.566992,False,False,False,False,True,0.864283,0.849925,0.750167
endotoxin,31,2011,0.875349,1.509722,False,False,False,False,True,0.866496,0.849925,0.750167
endotoxin,32,2011,0.773282,-0.536576,False,False,False,False,False,0.847853,0.849925,0.750167
endotoxin,33,2011,0.869161,1.385646,False,False,False,False,True,0.852115,0.849925,0.750167
endotoxin,34,2011,0.786197,-0.27764,False,False,False,False,False,0.838931,0.849925,0.750167
endotoxin,35,2011,0.870444,1.411369,False,False,False,False,False,0.845234,0.849925,0.750167
endotoxin,36,2011,0.865307,1.308378,False,False,False,False,False,0.849248,0.849925,0.750167
endotoxin,37,2011,0.819999,0.40002,False,False,False,False,False,0.843398,0.849925,0.750167
endotoxin,38,2011,0.837484,0.750568,False,False,False,False,False,0.842215,0.849925,0.750167
endotoxin,39,2012,0.798281,-0.035375,False,False,False,False,False,0.833429,0.849925,0.750167
endotoxin,40,2012,0.887742,1.758182,False,False,False,False,False,0.844291,0.849925,0.750167
endotoxin,41,2012,0.732341,-1.35739,False,False,False,False,False,0.821901,0.849925,0.750167
endotoxin,42,2012,0.904202,2.088182,False,False,False,False,False,0.838361,0.849925,0.750167
endotoxin,43,2012,0.821311,0.426326,False,False,False,False,False,0.834951,0.849925,0.750167
endotoxin,44,2012,0.790267,-0.196044,False,False,False,False,False,0.826015,0.849925,0.750167
endotoxin,45,2012,0.756967,-0.863664,False,False,False,False,False,0.812205,0.849925,0.750167
endotoxin,46,2012,0.836316,0.727153,False,False,False,False,False,0.817027,0.849925,0.750167
endotoxin,47,2012,0.824144,0.48314,False,False,False,False,False,0.818451,0.849925,0.750167
endotoxin,48,2012,0.82583,0.516933,False,False,False,False,False,0.819927,0.849925,0.750167
endotoxin,49,2012,0.77675,-0.467054,False,False,False,False,False,0.811291,0.849925,0.750167
endotoxin,50,2012,0.800272,0.004523,False,False,False,False,False,0.809087,0.849925,0.750167
endotoxin,51,2012,0.883688,1.676889,False,False,False,False,False,0.824007,0.849925,0.750167
endotoxin,52,2012,0.786574,-0.270084,False,False,False,False,False,0.816521,0.849925,0.750167
endotoxin,53,2012,0.874897,1.500658,False,False,False,False,False,0.828196,0.849925,0.750167
endotoxin,54,2012,0.785903,-0.283536,False,False,False,False,False,0.819737,0.849925,0.750167
endotoxin,55,2012,0.918555,2.375937,False,False,False,False,False,0.839501,0.849925,0.750167
endotoxin,56,2012,0.799134,-0.018285,False,False,False,False,False,0.831428,0.849925,0.750167
endotoxin,57,2012,0.867261,1.347569,False,False,False,False,False,0.838594,0.849925,0.750167
endotoxin,58,2012,0.699404,-2.017712,False,False,False,False,False,0.810756,0.849925,0.750167
endotoxin,59,2012,0.871278,1.428097,False,False,False,False,False,0.822861,0.849925,0.750167
endotoxin,60,2012,0.846255,0.926417,False,False,False,False,False,0.827539,0.849925,0.750167
endotoxin,61,2012,0.819366,0.387343,False,False,False,False,False,0.825905,0.849925,0.750167
endotoxin,62,2012,0.804768,0.094669,False,False,False,False,False,0.821677,0.849925,0.750167
endotoxin,63,2012,0.848112,0.963655,False,False,False,False,False,0.826964,0.849925,0.750167
endotoxin,64,2012,0.856898,1.139799,False,False,False,False,False,0.832951,0.849925,0.750167
endotoxin,65,2012,0.746029,-1.082954,False,False,False,False,False,0.815567,0.849925,0.750167
endotoxin,66,2012,0.791588,-0.16956,False,False,False,False,False,0.810771,0.849925,0.750167
endotoxin,67,2012,0.788765,-0.226156,False,False,False,False,False,0.80637,0.849925,0.750167
endotoxin,68,2012,0.793986,-0.121499,False,False,False,False,False,0.803893,0.849925,0.750167
endotoxin,69,2012,0.914788,2.300399,False,False,False,False,False,0.826072,0.849925,0.750167
endotoxin,70,2012,0.831771,0.636048,False,False,False,False,False,0.827212,0.849925,0.750167
endotoxin,71,2012,0.836698,0.734818,False,False,False,False,False,0.829109,0.849925,0.750167
endotoxin,72,2012,0.78852,-0.231081,False,False,False,False,False,0.820991,0.849925,0.750167
endotoxin,73,2012,0.801505,0.029246,False,False,False,False,False,0.817094,0.849925,0.750167
endotoxin,74,2012,0.804628,0.091868,False,False,False,False,False,0.814601,0.849925,0.750167
endotoxin,75,2012,0.916337,2.331463,False,False,False,False,False,0.834948,0.849925,0.750167
endotoxin,76,2012,0.782915,-0.343458,False,False,False,False,False,0.824541,0.849925,0.750167
endotoxin,77,2012,0.815675,0.31334,False,False,False,False,False,0.822768,0.849925,0.750167
endotoxin,78,2012,0.925419,2.513547,False,False,False,False,False,0.843298,0.849925,0.750167
endotoxin,79,2012,0.818578,0.371537,False,False,False,False,False,0.838354,0.849925,0.750167
endotoxin,80,2012,0.820925,0.418589,False,False,False,False,False,0.834868,0.849925,0.750167
endotoxin,81,2012,0.782044,-0.36091,False,False,False,False,False,0.824303,0.849925,0.750167
endotoxin,82,2012,0.787407,-0.253395,False,False,False,False,False,0.816924,0.849925,0.750167
endotoxin,83,2013,0.817168,0.343266,False,False,False,False,False,0.816973,0.849925,0.750167
endotoxin,84,2013,0.871097,1.424472,False,False,False,False,False,0.827798,0.849925,0.750167
endotoxin,85,2013,0.79075,-0.186373,False,False,False,False,False,0.820388,0.849925,0.750167
endotoxin,86,2013,0.81876,0.375195,False,False,False,False,False,0.820063,0.849925,0.750167
endotoxin,87,2013,0.859326,1.188482,False,False,False,False,False,0.827915,0.849925,0.750167
endotoxin,88,2013,0.883368,1.670473,False,False,False,False,False,0.839006,0.849925,0.750167
endotoxin,89,2013,0.708947,-1.826394,False,False,False,False,False,0.812994,0.849925,0.750167
endotoxin,90,2013,0.887158,1.746458,False,False,False,False,False,0.827827,0.849925,0.750167
endotoxin,91,2013,0.910971,2.22389,False,False,False,False,False,0.844456,0.849925,0.750167
endotoxin,92,2013,0.996398,3.936555,True,False,False,True,True,0.874844,0.849925,0.750167
endotoxin,93,2013,0.95826,3.17196,True,False,False,True,True,0.891527,0.849925,0.750167
endotoxin,94,2013,0.779745,-0.407001,False,False,False,True,True,0.869171,0.849925,0.750167
endotoxin,95,2013,0.898738,1.978628,False,False,False,False,True,0.875084,0.849925,0.750167
endotoxin,96,2013,0.889973,1.80291,False,False,False,False,True,0.878062,0.849925,0.750167
endotoxin,97,2013,0.786991,-0.261723,False,False,False,False,True,0.859848,0.849925,0.750167
endotoxin,98,2013,0.849802,0.997535,False,False,False,False,True,0.857839,0.849925,0.750167
endotoxin,99,2013,0.70602,-1.885076,False,False,False,False,False,0.827475,0.849925,0.750167
endotoxin,100,2013,0.942569,2.857374,False,False,False,False,True,0.850494,0.849925,0.750167
endotoxin,101,2013,0.768398,-0.634485,False,False,False,False,False,0.834075,0.849925,0.750167
endotoxin,102,2013,0.763319,-0.736317,False,False,False,False,False,0.819924,0.849925,0.750167
endotoxin,103,2013,0.857127,1.144387,False,False,False,False,False,0.827364,0.849925,0.750167
endotoxin,104,2013,0.808704,0.173582,False,False,False,False,False,0.823632,0.849925,0.750167
endotoxin,105,2013,0.74764,-1.050663,False,False,False,False,False,0.808434,0.849925,0.750167
endotoxin,106,2013,0.871639,1.435327,False,False,False,False,False,0.821075,0.849925,0.750167
endotoxin,107,2013,0.883624,1.675607,False,False,False,False,False,0.833584,0.849925,0.750167
endotoxin,108,2013,0.858858,1.179084,False,False,False,False,False,0.838639,0.849925,0.750167
endotoxin,109,2013,0.804208,0.083442,False,False,False,False,False,0.831753,0.849925,0.750167
endotoxin,110,2013,0.854878,1.09931,False,False,False,False,False,0.836378,0.849925,0.750167
endotoxin,111,2013,0.758414,-0.834665,False,False,False,False,False,0.820785,0.849925,0.750167
endotoxin,112,2013,0.865364,1.30953,False,False,False,False,False,0.829701,0.849925,0.750167
endotoxin,113,2013,0.862548,1.253072,False,False,False,False,False,0.83627,0.849925,0.750167
endotoxin,114,2013,0.866279,1.327878,False,False,False,False,False,0.842272,0.849925,0.750167
endotoxin,115,2013,0.873299,1.468611,False,False,False,False,False,0.848477,0.849925,0.750167
endotoxin,116,2013,0.831664,0.633905,False,False,False,False,False,0.845115,0.849925,0.750167
endotoxin,117,2013,0.834668,0.694118,False,False,False,False,False,0.843025,0.849925,0.750167
endotoxin,118,2013,0.802616,0.051528,False,False,False,False,False,0.834944,0.849925,0.750167
endotoxin,119,2013,0.786114,-0.279322,False,False,False,False,False,0.825178,0.849925,0.750167
endotoxin,120,2013,0.741495,-1.173852,False,False,False,False,False,0.808441,0.849925,0.750167
endotoxin,121,2013,0.741756,-1.168621,False,False,False,False,False,0.795104,0.849925,0.750167
endotoxin,122,2013,0.841322,0.827531,False,False,False,False,False,0.804348,0.849925,0.750167
endotoxin,123,2013,0.880902,1.62104,False,False,False,False,False,0.819659,0.849925,0.750167
endotoxin,124,2013,0.811224,0.224095,False,False,False,False,False,0.817972,0.849925,0.750167
endotoxin,125,2013,0.830291,0.606377,False,False,False,False,False,0.820436,0.849925,0.750167
endotoxin,126,2013,0.915722,2.319141,False,False,False,False,False,0.839493,0.849925,0.750167
endotoxin,127,2013,0.782437,-0.353038,False,False,False,False,False,0.828082,0.849925,0.750167
endotoxin,128,2013,0.844504,0.891315,False,False,False,False,False,0.831366,0.849925,0.750167
endotoxin,129,2013,0.821162,0.423354,False,False,False,False,False,0.829325,0.849925,0.750167
endotoxin,130,2013,0.834226,0.685252,False,False,False,False,False,0.830305,0.849925,0.750167
endotoxin,131,2013,0.892112,1.845787,False,False,False,False,False,0.842667,0.849925,0.750167
endotoxin,132,2013,0.799465,-0.011637,False,False,False,False,False,0.834026,0.849925,0.750167
endotoxin,133,2013,0.847862,0.958638,False,False,False,False,False,0.836794,0.849925,0.750167
endotoxin,134,2013,0.874566,1.494008,False,False,False,False,False,0.844348,0.849925,0.750167
endotoxin,135,2014,0.885162,1.706456,False,False,False,False,True,0.852511,0.849925,0.750167
endotoxin,136,2014,0.87928,1.588517,False,False,False,False,True,0.857865,0.849925,0.750167
endotoxin,137,2014,0.849309,0.987655,False,False,False,False,True,0.856154,0.849925,0.750167
endotoxin,138,2014,0.859692,1.195806,False,False,False,False,True,0.856861,0.849925,0.750167
endotoxin,139,2014,0.819638,0.392785,False,False,False,False,False,0.849416,0.849925,0.750167
endotoxin,140,2014,0.938429,2.774363,False,False,False,False,True,0.867219,0.849925,0.750167
endotoxin,141,2014,0.845301,0.907303,False,True,False,False,True,0.862835,0.849925,0.750167
endotoxin,142,2014,0.814255,0.284876,False,True,False,False,True,0.853119,0.849925,0.750167
endotoxin,143,2014,0.837307,0.747022,False,True,False,False,True,0.849957,0.849925,0.750167
endotoxin,144,2014,0.814414,0.288058,False,True,False,False,False,0.842848,0.849925,0.750167
endotoxin,145,2014,0.794913,-0.102898,False,False,False,False,False,0.833261,0.849925,0.750167
endotoxin,146,2014,0.827711,0.554636,False,False,False,False,False,0.832151,0.849925,0.750167
endotoxin,147,2014,0.881606,1.635148,False,False,False,False,False,0.842042,0.849925,0.750167
endotoxin,148,2014,0.869547,1.393397,False,False,False,False,False,0.847543,0.849925,0.750167
endotoxin,149,2014,0.864034,1.28286,False,False,False,False,True,0.850841,0.849925,0.750167
endotoxin,150,2014,0.827265,0.545696,False,False,False,False,False,0.846126,0.849925,0.750167
endotoxin,151,2014,0.896046,1.924663,False,False,False,False,True,0.85611,0.849925,0.750167
endotoxin,152,2014,0.779162,-0.418689,False,False,False,False,False,0.84072,0.849925,0.750167
endotoxin,153,2014,0.766886,-0.664806,False,False,False,False,False,0.825954,0.849925,0.750167
endotoxin,154,2014,0.836749,0.735838,False,False,False,False,False,0.828113,0.849925,0.750167
endotoxin,155,2014,0.749588,-1.011614,False,False,False,False,False,0.812408,0.849925,0.750167
endotoxin,156,2014,0.844126,0.883747,False,False,False,False,False,0.818751,0.849925,0.750167
endotoxin,157,2014,0.779297,-0.415986,False,False,False,False,False,0.81086,0.849925,0.750167
endotoxin,158,2014,0.892625,1.856073,False,False,False,False,False,0.827213,0.849925,0.750167
endotoxin,159,2014,0.768248,-0.637497,False,False,False,False,False,0.81542,0.849925,0.750167
endotoxin,160,2014,0.839903,0.799074,False,False,False,False,False,0.820317,0.849925,0.750167
endotoxin,161,2014,0.820208,0.404228,False,False,False,False,False,0.820295,0.849925,0.750167
endotoxin,162,2014,0.816455,0.328982,False,False,False,False,False,0.819527,0.849925,0.750167
endotoxin,163,2014,0.809773,0.195005,False,False,False,False,False,0.817576,0.849925,0.750167
endotoxin,164,2014,0.76421,-0.718462,False,False,False,False,False,0.806903,0.849925,0.750167
endotoxin,165,2014,0.821813,0.436399,False,False,False,False,False,0.809885,0.849925,0.750167
endotoxin,166,2014,0.710646,-1.79234,False,False,False,False,False,0.790037,0.849925,0.750167
endotoxin,167,2014,0.820687,0.413813,False,False,False,False,False,0.796167,0.849925,0.750167
endotoxin,168,2014,0.766632,-0.669904,False,False,False,False,False,0.79026,0.849925,0.750167
endotoxin,169,2014,0.777986,-0.442271,False,False,False,False,False,0.787805,0.849925,0.750167
endotoxin,170,2014,0.901507,2.034146,False,False,False,False,False,0.810546,0.849925,0.750167
endotoxin,171,2014,0.832702,0.654706,False,False,False,False,False,0.814977,0.849925,0.750167
endotoxin,172,2014,0.829146,0.583422,False,False,False,False,False,0.817811,0.849925,0.750167
endotoxin,173,2014,0.802438,0.047951,False,False,False,False,False,0.814736,0.849925,0.750167
endotoxin,174,2014,0.733195,-1.340258,False,False,False,False,False,0.798428,0.849925,0.750167
endotoxin,175,2014,0.792302,-0.155259,False,False,False,False,False,0.797203,0.849925,0.750167
endotoxin,176,2014,0.808233,0.164138,False,False,False,False,False,0.799409,0.849925,0.750167
endotoxin,177,2014,0.803256,0.064354,False,False,False,False,False,0.800178,0.849925,0.750167
endotoxin,178,2014,0.818639,0.372757,False,False,False,False,False,0.80387,0.849925,0.750167
endotoxin,179,2014,0.83606,0.722027,False,False,False,False,False,0.810308,0.849925,0.750167
endotoxin,180,2014,0.894479,1.89325,False,False,False,False,False,0.827142,0.849925,0.750167
endotoxin,181,2014,0.658115,-2.845491,False,False,False,False,False,0.793337,0.849925,0.750167
endotoxin,182,2014,0.777621,-0.449583,False,False,False,False,False,0.790194,0.849925,0.750167
endotoxin,183,2014,0.877885,1.560557,False,False,False,False,False,0.807732,0.849925,0.750167
endotoxin,184,2015,0.842794,0.857035,False,False,False,False,False,0.814744,0.849925,0.750167
endotoxin,185,2015,0.79697,-0.061661,False,False,False,False,False,0.81119,0.849925,0.750167
endotoxin,186,2015,0.829338,0.587266,False,False,False,False,False,0.814819,0.849925,0.750167
endotoxin,187,2015,0.867711,1.356593,False,False,False,False,False,0.825398,0.849925,0.750167
endotoxin,188,2015,0.870243,1.407349,False,False,False,False,False,0.834367,0.849925,0.750167
endotoxin,189,2015,0.804873,0.096767,False,False,False,False,False,0.828468,0.849925,0.750167
endotoxin,190,2015,0.813969,0.279135,False,False,False,False,False,0.825568,0.849925,0.750167
endotoxin,191,2015,0.835701,0.714828,False,False,False,False,False,0.827595,0.849925,0.750167
endotoxin,192,2015,0.774184,-0.518496,False,False,False,False,False,0.816913,0.849925,0.750167
endotoxin,193,2015,0.80089,0.016923,False,False,False,False,False,0.813708,0.849925,0.750167
endotoxin,194,2015,0.819185,0.383706,False,False,False,False,False,0.814803,0.849925,0.750167
endotoxin,195,2015,0.842794,0.857035,False,False,False,False,False,0.820401,0.849925,0.750167
endotoxin,196,2015,0.891936,1.842249,False,False,False,False,False,0.834708,0.849925,0.750167
endotoxin,197,2015,0.852143,1.044471,False,False,False,False,False,0.838195,0.849925,0.750167
endotoxin,198,2015,0.878358,1.570032,False,False,False,False,False,0.846228,0.849925,0.750167
endotoxin,199,2015,0.76607,-0.681165,False,False,False,False,False,0.830196,0.849925,0.750167
endotoxin,200,2015,0.82199,0.439942,False,False,False,False,False,0.828555,0.849925,0.750167
endotoxin,201,2015,0.860559,1.213197,False,False,False,False,False,0.834956,0.849925,0.750167
endotoxin,202,2015,0.793167,-0.137916,False,False,False,False,False,0.826598,0.849925,0.750167
endotoxin,203,2015,0.871133,1.425197,False,False,False,False,False,0.835505,0.849925,0.750167
endotoxin,204,2015,0.802865,0.056526,False,False,False,False,False,0.828977,0.849925,0.750167
endotoxin,205,2015,0.786407,-0.273439,False,False,False,False,False,0.820463,0.849925,0.750167
endotoxin,206,2015,0.767342,-0.655662,False,False,False,False,False,0.809839,0.849925,0.750167
endotoxin,207,2015,0.871332,1.429183,False,False,False,False,False,0.822138,0.849925,0.750167
endotoxin,208,2015,0.825858,0.517501,False,False,False,False,False,0.822882,0.849925,0.750167
endotoxin,209,2015,0.816362,0.327111,False,False,False,False,False,0.821578,0.849925,0.750167
endotoxin,210,2015,0.824719,0.494659,False,False,False,False,False,0.822206,0.849925,0.750167
endotoxin,211,2015,0.841274,0.826556,False,False,False,False,False,0.82602,0.849925,0.750167
endotoxin,212,2015,0.787531,-0.250904,False,False,False,False,False,0.818322,0.849925,0.750167
endotoxin,213,2015,0.830454,0.609635,False,False,False,False,False,0.820748,0.849925,0.750167
endotoxin,214,2015,0.684481,-2.316899,False,False,False,False,False,0.793495,0.849925,0.750167
endotoxin,215,2015,0.809039,0.180301,False,False,False,False,False,0.796604,0.849925,0.750167
endotoxin,216,2015,0.76258,-0.75114,False,False,False,False,False,0.789799,0.849925,0.750167
endotoxin,217,2015,0.773615,-0.529896,False,False,False,False,False,0.786562,0.849925,0.750167
endotoxin,218,2015,0.842001,0.841127,False,False,False,False,False,0.79765,0.849925,0.750167
endotoxin,219,2015,0.84037,0.80844,False,False,False,False,False,0.806194,0.849925,0.750167
endotoxin,220,2015,0.943906,2.884188,False,False,False,False,False,0.833736,0.849925,0.750167
endotoxin,221,2015,0.754299,-0.917165,False,False,False,False,False,0.817849,0.849925,0.750167
endotoxin,222,2015,0.773663,-0.528944,False,False,False,False,False,0.809012,0.849925,0.750167
endotoxin,223,2015,0.880935,1.621699,False,False,False,False,False,0.823396,0.849925,0.750167
endotoxin,224,2015,0.801541,0.029969,False,False,False,False,False,0.819025,0.849925,0.750167
endotoxin,225,2015,0.802438,0.047951,False,False,False,False,False,0.815708,0.849925,0.750167
endotoxin,226,2015,0.815894,0.317732,False,False,False,False,False,0.815745,0.849925,0.750167
endotoxin,227,2015,0.811583,0.231302,False,False,False,False,False,0.814913,0.849925,0.750167
endotoxin,228,2015,0.802402,0.047235,False,False,False,False,False,0.81241,0.849925,0.750167
endotoxin,229,2015,0.767494,-0.652623,False,False,False,False,False,0.803427,0.849925,0.750167
endotoxin,230,2015,0.816766,0.335205,False,False,False,False,False,0.806095,0.849925,0.750167
endotoxin,231,2015,0.869419,1.390817,False,False,False,False,False,0.81876,0.849925,0.750167
endotoxin,232,2015,0.864903,1.300293,False,False,False,False,False,0.827988,0.849925,0.750167
endotoxin,233,2015,0.770723,-0.587877,False,False,False,False,False,0.816535,0.849925,0.750167
endotoxin,234,2015,0.84978,0.997087,False,False,False,False,False,0.823184,0.849925,0.750167
endotoxin,235,2015,0.755953,-0.883987,False,False,False,False,False,0.809738,0.849925,0.750167
endotoxin,236,2015,0.813682,0.273377,False,False,False,False,False,0.810527,0.849925,0.750167
endotoxin,237,2015,0.821607,0.432258,False,False,False,False,False,0.812743,0.849925,0.750167
endotoxin,238,2015,0.766479,-0.672969,False,False,False,False,False,0.80349,0.849925,0.750167
endotoxin,239,2015,0.815644,0.312711,False,False,False,False,False,0.805921,0.849925,0.750167
endotoxin,240,2015,0.767241,-0.65769,False,False,False,False,False,0.798185,0.849925,0.750167
endotoxin,241,2016,0.840125,0.803516,False,False,False,False,False,0.806573,0.849925,0.750167
endotoxin,242,2016,0.810336,0.206294,False,False,False,False,False,0.807325,0.849925,0.750167
endotoxin,243,2016,0.829201,0.584521,False,False,False,False,False,0.8117,0.849925,0.750167
endotoxin,244,2016,0.808603,0.171562,False,False,False,False,False,0.811081,0.849925,0.750167
endotoxin,245,2016,0.826395,0.528261,False,False,False,False,False,0.814144,0.849925,0.750167
endotoxin,246,2016,0.822547,0.451122,False,False,False,False,False,0.815825,0.849925,0.750167
endotoxin,247,2016,0.815204,0.303896,False,False,False,False,False,0.8157,0.849925,0.750167
endotoxin,248,2016,0.751321,-0.976865,False,False,False,False,False,0.802825,0.849925,0.750167
endotoxin,249,2016,0.859347,1.18889,False,False,False,False,False,0.814129,0.849925,0.750167
endotoxin,250,2016,0.794451,-0.112177,False,False,False,False,False,0.810193,0.849925,0.750167
endotoxin,251,2016,0.976919,3.54604,True,False,False,False,False,0.843538,0.849925,0.750167
endotoxin,252,2016,0.724615,-1.512271,False,False,False,False,False,0.819754,0.849925,0.750167
endotoxin,253,2016,0.809006,0.17963,False,False,False,False,False,0.817604,0.849925,0.750167
endotoxin,254,2016,0.783735,-0.327017,False,False,False,False,False,0.81083,0.849925,0.750167
endotoxin,255,2016,0.841565,0.832397,False,False,False,False,False,0.816977,0.849925,0.750167
endotoxin,256,2016,0.857044,1.14272,False,False,False,False,False,0.824991,0.849925,0.750167
endotoxin,257,2016,0.822956,0.45932,False,False,False,False,False,0.824584,0.849925,0.750167
endotoxin,258,2016,0.795106,-0.099044,False,False,False,False,False,0.818688,0.849925,0.750167
endotoxin,259,2016,0.857106,1.14397,False,False,False,False,False,0.826372,0.849925,0.750167
endotoxin,260,2016,0.836876,0.738385,False,False,False,False,False,0.828473,0.849925,0.750167
endotoxin,261,2016,0.852078,1.043158,False,False,False,False,False,0.833194,0.849925,0.750167
endotoxin,262,2016,0.916752,2.33979,False,False,False,False,False,0.849905,0.849925,0.750167
endotoxin,263,2016,0.821872,0.437581,False,False,False,False,False,0.844299,0.849925,0.750167
endotoxin,264,2016,0.785735,-0.286912,False,False,False,False,False,0.832586,0.849925,0.750167
endotoxin,265,2016,0.954028,3.087114,True,False,False,False,True,0.856874,0.849925,0.750167
endotoxin,266,2016,0.8608,1.218024,False,False,False,False,True,0.857659,0.849925,0.750167
endotoxin,267,2016,0.863645,1.275063,False,False,False,False,True,0.858857,0.849925,0.750167
endotoxin,268,2016,0.80536,0.10653,False,False,False,False,False,0.848157,0.849925,0.750167
endotoxin,269,2016,0.774089,-0.520392,False,False,False,False,False,0.833344,0.849925,0.750167
endotoxin,270,2016,0.83926,0.786186,False,False,False,False,False,0.834527,0.849925,0.750167
endotoxin,271,2016,0.941925,2.844463,False,False,False,False,True,0.856007,0.849925,0.750167
endotoxin,272,2016,0.862449,1.251097,False,False,False,False,True,0.857295,0.849925,0.750167
endotoxin,273,2016,0.751498,-0.973304,False,False,False,False,False,0.836136,0.849925,0.750167
endotoxin,274,2016,0.853445,1.070565,False,False,False,False,False,0.839598,0.849925,0.750167
endotoxin,275,2016,0.862114,1.244367,False,False,False,False,False,0.844101,0.849925,0.750167
endotoxin,276,2016,0.878374,1.57037,False,False,False,False,True,0.850956,0.849925,0.750167
endotoxin,277,2016,0.885868,1.720609,False,False,False,False,True,0.857938,0.849925,0.750167
endotoxin,278,2016,0.868476,1.371916,False,False,False,False,True,0.860046,0.849925,0.750167
endotoxin,279,2016,0.700292,-1.999911,False,False,False,False,False,0.828095,0.849925,0.750167
endotoxin,280,2016,0.828652,0.573504,False,False,False,False,False,0.828206,0.849925,0.750167
endotoxin,281,2016,0.778349,-0.434986,False,False,False,False,False,0.818235,0.849925,0.750167
endotoxin,282,2016,0.880688,1.616756,False,False,False,False,False,0.830726,0.849925,0.750167
endotoxin,283,2016,0.827683,0.554079,False,False,False,False,False,0.830117,0.849925,0.750167
endotoxin,284,2016,0.77038,-0.594751,False,False,False,False,False,0.81817,0.849925,0.750167
endotoxin,285,2016,0.96152,3.237307,True,False,False,False,False,0.84684,0.849925,0.750167
endotoxin,286,2016,0.89528,1.909303,False,False,False,False,True,0.856528,0.849925,0.750167
endotoxin,287,2016,0.841274,0.826556,False,False,False,False,True,0.853477,0.849925,0.750167
endotoxin,288,2016,0.815581,0.311454,False,False,False,False,False,0.845898,0.849925,0.750167
endotoxin,289,2016,0.899996,2.003854,False,False,False,False,True,0.856717,0.849925,0.750167
endotoxin,290,2016,0.80643,0.127982,False,False,False,False,False,0.84666,0.849925,0.750167
endotoxin,291,2016,0.897645,1.956712,False,False,False,False,True,0.856857,0.849925,0.750167
endotoxin,292,2016,0.793986,-0.121499,False,False,False,False,False,0.844283,0.849925,0.750167
endotoxin,293,2016,0.856981,1.141469,False,False,False,False,False,0.846822,0.849925,0.750167
endotoxin,294,2016,0.769493,-0.612535,False,False,False,False,False,0.831357,0.849925,0.750167
endotoxin,295,2016,0.805741,0.114168,False,False,False,False,False,0.826233,0.849925,0.750167
endotoxin,296,2016,0.801505,0.029246,False,False,False,False,False,0.821288,0.849925,0.750167
endotoxin,297,2016,0.901841,2.040846,False,False,False,False,False,0.837398,0.849925,0.750167
endotoxin,298,2016,0.876075,1.524278,False,False,False,False,False,0.845134,0.849925,0.750167
endotoxin,299,2016,0.873776,1.478172,False,False,False,False,True,0.850862,0.849925,0.750167
endotoxin,300,2016,0.863723,1.276625,False,False,False,False,True,0.853434,0.849925,0.750167
endotoxin,301,2016,0.695567,-2.094648,False,False,False,False,False,0.821861,0.849925,0.750167
endotoxin,302,2017,0.795566,-0.089825,False,False,False,False,False,0.816602,0.849925,0.750167
endotoxin,303,2017,0.782393,-0.353911,False,False,False,False,False,0.80976,0.849925,0.750167
endotoxin,304,2017,0.79869,-0.027183,False,False,False,False,False,0.807546,0.849925,0.750167
endotoxin,305,2017,0.822196,0.444068,False,False,False,False,False,0.810476,0.849925,0.750167
endotoxin,306,2017,0.830859,0.617757,False,False,False,False,False,0.814553,0.849925,0.750167
endotoxin,307,2017,0.704052,-1.924532,False,False,False,False,False,0.792452,0.849925,0.750167
endotoxin,308,2017,0.87282,1.459004,False,False,False,False,False,0.808526,0.849925,0.750167
endotoxin,309,2017,0.841322,0.827531,False,False,False,False,False,0.815085,0.849925,0.750167
endotoxin,310,2017,0.755101,-0.90108,False,False,False,False,False,0.803088,0.849925,0.750167
endotoxin,311,2017,0.945313,2.912391,False,False,False,False,False,0.831533,0.849925,0.750167
endotoxin,312,2017,0.809273,0.184991,False,False,False,False,False,0.827081,0.849925,0.750167
endotoxin,313,2017,0.775405,-0.494015,False,False,False,False,False,0.816746,0.849925,0.750167
endotoxin,314,2017,0.855451,1.11078,False,False,False,False,False,0.824487,0.849925,0.750167
endotoxin,315,2017,0.846763,0.936599,False,False,False,False,False,0.828942,0.849925,0.750167
endotoxin,316,2017,0.787862,-0.244275,False,False,False,False,False,0.820726,0.849925,0.750167
endotoxin,317,2017,0.880359,1.610147,False,False,False,False,False,0.832652,0.849925,0.750167
endotoxin,318,2017,0.830319,0.60692,False,False,False,False,False,0.832186,0.849925,0.750167
endotoxin,319,2017,0.789945,-0.202517,False,False,False,False,False,0.823737,0.849925,0.750167
endotoxin,320,2017,0.73925,-1.218869,False,False,False,False,False,0.80684,0.849925,0.750167
endotoxin,321,2017,0.746776,-1.067986,False,False,False,False,False,0.794827,0.849925,0.750167
endotoxin,322,2017,0.875367,1.510069,False,False,False,False,False,0.810935,0.849925,0.750167
endotoxin,323,2017,0.803149,0.062222,False,False,False,False,False,0.809378,0.849925,0.750167
endotoxin,324,2017,0.811648,0.23261,False,False,False,False,False,0.809832,0.849925,0.750167
endotoxin,325,2017,0.807556,0.15057,False,False,False,False,False,0.809377,0.849925,0.750167
endotoxin,326,2017,0.798356,-0.033883,False,False,False,False,False,0.807173,0.849925,0.750167
endotoxin,327,2017,0.769096,-0.620489,False,False,False,False,False,0.799557,0.849925,0.750167
endotoxin,328,2017,0.792499,-0.151304,False,False,False,False,False,0.798146,0.849925,0.750167
endotoxin,329,2017,0.793088,-0.139487,False,False,False,False,False,0.797134,0.849925,0.750167
endotoxin,330,2017,0.877223,1.547284,False,False,False,False,False,0.813152,0.849925,0.750167
endotoxin,331,2017,0.805325,0.105834,False,False,False,False,False,0.811587,0.849925,0.750167
endotoxin,332,2017,0.835469,0.710187,False,False,False,False,False,0.816363,0.849925,0.750167
endotoxin,333,2017,0.716835,-1.668254,False,False,False,False,False,0.796457,0.849925,0.750167
endotoxin,334,2017,0.796857,-0.06393,False,False,False,False,False,0.796537,0.849925,0.750167
endotoxin,335,2017,0.915978,2.324265,False,False,False,False,False,0.820426,0.849925,0.750167
endotoxin,336,2017,0.775452,-0.49308,False,False,False,False,False,0.811431,0.849925,0.750167
endotoxin,337,2017,0.842097,0.843062,False,False,False,False,False,0.817564,0.849925,0.750167
endotoxin,338,2017,0.83002,0.600935,False,False,False,False,False,0.820055,0.849925,0.750167
endotoxin,339,2017,0.759239,-0.818121,False,False,False,False,False,0.807892,0.849925,0.750167
endotoxin,340,2017,0.771162,-0.579074,False,False,False,False,False,0.800546,0.849925,0.750167
endotoxin,341,2017,0.784121,-0.319276,False,False,False,False,False,0.797261,0.849925,0.750167
endotoxin,342,2017,0.849242,0.986304,False,False,False,False,False,0.807657,0.849925,0.750167
endotoxin,343,2017,0.813554,0.270813,False,False,False,False,False,0.808836,0.849925,0.750167
endotoxin,344,2017,0.792657,-0.148146,False,False,False,False,False,0.8056,0.849925,0.750167
endotoxin,345,2017,0.796251,-0.076075,False,False,False,False,False,0.803731,0.849925,0.750167
endotoxin,346,2017,0.765144,-0.699728,False,False,False,False,False,0.796013,0.849925,0.750167
endotoxin,347,2017,0.838088,0.762678,False,False,False,False,False,0.804428,0.849925,0.750167
endotoxin,348,2017,0.829229,0.58507,False,False,False,False,False,0.809388,0.849925,0.750167
endotoxin,349,2017,0.760599,-0.790845,False,False,False,False,False,0.79963,0.849925,0.750167
endotoxin,350,2017,0.800381,0.006717,False,False,False,False,False,0.799781,0.849925,0.750167
endotoxin,351,2017,0.857293,1.147717,False,False,False,False,False,0.811283,0.849925,0.750167
endotoxin,352,2017,0.864769,1.297591,False,False,False,False,False,0.82198,0.849925,0.750167
endotoxin,353,2017,0.810005,0.199661,False,False,False,False,False,0.819585,0.849925,0.750167
endotoxin,354,2017,0.825319,0.506683,False,False,False,False,False,0.820732,0.849925,0.750167
endotoxin,355,2017,0.799869,-0.003541,False,False,False,False,False,0.816559,0.849925,0.750167
endotoxin,356,2017,0.833598,0.672668,False,False,False,False,False,0.819967,0.849925,0.750167
endotoxin,357,2018,0.754815,-0.90681,False,False,False,False,False,0.806937,0.849925,0.750167
endotoxin,358,2018,0.746029,-1.082954,False,False,False,False,False,0.794755,0.849925,0.750167
endotoxin,359,2018,0.771405,-0.574199,False,False,False,False,False,0.790085,0.849925,0.750167
endotoxin,360,2018,0.900173,2.007393,False,False,False,False,False,0.812103,0.849925,0.750167
endotoxin,361,2018,0.876162,1.526004,False,False,False,False,False,0.824914,0.849925,0.750167
endotoxin,362,2018,0.728105,-1.4423,False,False,False,False,False,0.805553,0.849925,0.750167
endotoxin,363,2018,0.715576,-1.693486,False,False,False,False,False,0.787557,0.849925,0.750167
endotoxin,364,2018,0.78544,-0.292835,False,False,False,False,False,0.787134,0.849925,0.750167
endotoxin,365,2018,0.694115,-2.123746,False,False,False,False,False,0.76853,0.849925,0.750167
endotoxin,366,2018,0.724615,-1.512271,False,False,False,False,False,0.759747,0.849925,0.750167
endotoxin,367,2018,0.780724,-0.387372,False,False,False,False,False,0.763943,0.849925,0.750167
endotoxin,368,2018,0.812751,0.254713,False,False,False,False,False,0.773704,0.849925,0.750167
endotoxin,369,2018,0.763687,-0.728946,False,False,False,False,False,0.771701,0.849925,0.750167
endotoxin,370,2018,0.829966,0.599845,False,False,False,False,False,0.783354,0.849925,0.750167
endotoxin,371,2018,0.767947,-0.643534,False,False,False,False,False,0.780272,0.849925,0.750167
endotoxin,372,2018,0.80803,0.160077,False,False,False,False,False,0.785824,0.849925,0.750167
endotoxin,373,2018,0.770233,-0.597704,False,False,False,False,False,0.782706,0.849925,0.750167
endotoxin,374,2018,0.685282,-2.300842,False,False,False,False,False,0.763221,0.849925,0.750167
endotoxin,375,2018,0.744456,-1.114497,False,False,False,False,False,0.759468,0.849925,0.750167
endotoxin,376,2018,0.824719,0.494659,False,False,False,False,False,0.772518,0.849925,0.750167
endotoxin,377,2018,0.769642,-0.60956,False,False,False,False,False,0.771943,0.849925,0.750167
endotoxin,378,2018,0.708857,-1.828203,False,False,False,False,False,0.759326,0.849925,0.750167
endotoxin,379,2018,0.816797,0.335826,False,False,False,False,False,0.77082,0.849925,0.750167
endotoxin,380,2018,0.804558,0.090466,False,False,False,False,False,0.777568,0.849925,0.750167
endotoxin,381,2018,0.732626,-1.351663,False,False,False,False,False,0.768579,0.849925,0.750167
endotoxin,382,2018,0.784804,-0.305586,False,False,False,False,False,0.771824,0.849925,0.750167
endotoxin,383,2018,0.737634,-1.25126,False,False,False,False,False,0.764986,0.849925,0.750167
endotoxin,384,2018,0.810071,0.200989,False,False,False,False,False,0.774003,0.849925,0.750167
endotoxin,385,2018,0.754586,-0.911406,False,False,False,False,False,0.77012,0.849925,0.750167
endotoxin,386,2018,0.725614,-1.49225,False,False,False,False,False,0.761219,0.849925,0.750167
endotoxin,387,2018,0.735508,-1.29388,False,False,False,False,False,0.756076,0.849925,0.750167
endotoxin,388,2018,0.820895,0.417993,False,False,False,False,False,0.76904,0.849925,0.750167
endotoxin,389,2018,0.818059,0.361135,False,False,False,False,False,0.778844,0.849925,0.750167
endotoxin,390,2018,0.794875,-0.10367,False,False,False,False,False,0.78205,0.849925,0.750167
endotoxin,391,2018,0.734253,-1.319045,False,False,False,False,False,0.772491,0.849925,0.750167
endotoxin,392,2018,0.747578,-1.051895,False,False,False,False,False,0.767508,0.849925,0.750167
endotoxin,393,2018,0.717913,-1.646639,False,False,False,False,False,0.757589,0.849925,0.750167
endotoxin,394,2018,0.742858,-1.146539,False,False,False,False,False,0.754643,0.849925,0.750167
endotoxin,395,2018,0.871836,1.439292,False,False,False,False,False,0.778082,0.849925,0.750167
endotoxin,396,2018,0.866582,1.333957,False,False,False,False,False,0.795782,0.849925,0.750167
endotoxin,397,2018,0.796213,-0.076836,False,False,False,False,False,0.795868,0.849925,0.750167
endotoxin,398,2018,0.790146,-0.198469,False,False,False,False,False,0.794724,0.849925,0.750167
endotoxin,399,2018,0.754241,-0.918319,False,False,False,False,False,0.786627,0.849925,0.750167
endotoxin,400,2018,0.74813,-1.04083,False,False,True,False,False,0.778928,0.849925,0.750167
endotoxin,401,2018,0.873758,1.477819,False,False,False,False,False,0.797894,0.849925,0.750167
endotoxin,402,2018,0.871729,1.43713,False,False,False,False,False,0.812661,0.849925,0.750167
endotoxin,403,2018,0.707036,-1.864712,False,False,False,False,False,0.791536,0.849925,0.750167
endotoxin,404,2018,0.795985,-0.081411,False,False,False,False,False,0.792426,0.849925,0.750167
endotoxin,405,2018,0.773187,-0.538488,False,False,False,False,False,0.788578,0.849925,0.750167
endotoxin,406,2018,0.790025,-0.200896,False,False,False,False,False,0.788867,0.849925,0.750167
endotoxin,407,2018,0.787985,-0.241794,False,False,False,False,False,0.788691,0.849925,0.750167
endotoxin,408,2018,0.783174,-0.338252,False,False,False,False,False,0.787588,0.849925,0.750167
endotoxin,409,2018,0.804313,0.085552,False,False,False,False,False,0.790933,0.849925,0.750167
endotoxin,410,2018,0.730245,-1.3994,False,False,False,False,False,0.778795,0.849925,0.750167
endotoxin,411,2018,0.761782,-0.767143,False,False,False,False,False,0.775392,0.849925,0.750167
endotoxin,412,2018,0.822342,0.44701,False,False,False,False,False,0.784782,0.849925,0.750167
endotoxin,413,2018,0.774655,-0.509045,False,False,False,False,False,0.782757,0.849925,0.750167
endotoxin,414,2018,0.7739,-0.524188,False,False,False,False,False,0.780986,0.849925,0.750167
endotoxin,415,2019,0.775358,-0.494951,False,False,False,False,False,0.77986,0.849925,0.750167
endotoxin,416,2019,0.857044,1.14272,False,False,False,False,False,0.795297,0.849925,0.750167
endotoxin,417,2019,0.821192,0.423949,False,False,False,False,False,0.800476,0.849925,0.750167
endotoxin,418,2019,0.746092,-1.081703,False,False,False,False,False,0.789599,0.849925,0.750167
endotoxin,419,2019,0.799833,-0.004275,False,False,False,False,False,0.791646,0.849925,0.750167
endotoxin,420,2019,0.761246,-0.777882,False,False,False,False,False,0.785566,0.849925,0.750167
endotoxin,421,2019,0.699007,-2.025674,False,False,False,False,False,0.768254,0.849925,0.750167
endotoxin,422,2019,0.783606,-0.329604,False,False,False,False,False,0.771324,0.849925,0.750167
endotoxin,423,2019,0.707403,-1.857357,False,False,False,False,False,0.75854,0.849925,0.750167
endotoxin,424,2019,0.707036,-1.864712,False,False,False,False,True,0.748239,0.849925,0.750167
endotoxin,425,2019,0.803149,0.062222,False,False,False,False,False,0.759221,0.849925,0.750167
endotoxin,426,2019,0.824633,0.492935,False,False,False,False,False,0.772304,0.849925,0.750167
endotoxin,427,2019,0.817199,0.343885,False,False,False,False,False,0.781283,0.849925,0.750167
endotoxin,428,2019,0.785228,-0.297077,False,False,False,False,False,0.782072,0.849925,0.750167
endotoxin,429,2019,0.754643,-0.910256,False,False,False,False,False,0.776586,0.849925,0.750167
endotoxin,430,2019,0.806051,0.120396,False,False,False,False,False,0.782479,0.849925,0.750167
endotoxin,431,2019,0.723059,-1.543463,False,False,False,False,False,0.770595,0.849925,0.750167
endotoxin,432,2019,0.705834,-1.888801,False,False,False,False,False,0.757643,0.849925,0.750167
endotoxin,433,2019,0.80258,0.050813,False,False,False,False,False,0.76663,0.849925,0.750167
endotoxin,434,2019,0.744138,-1.120865,False,False,False,False,False,0.762132,0.849925,0.750167
endotoxin,435,2019,0.769592,-0.610551,False,False,False,False,False,0.763624,0.849925,0.750167
endotoxin,436,2019,0.774561,-0.510932,False,False,False,False,False,0.765811,0.849925,0.750167
endotoxin,437,2019,0.831718,0.634977,False,False,False,False,False,0.778993,0.849925,0.750167
endotoxin,438,2019,0.830643,0.613429,False,False,False,False,False,0.789323,0.849925,0.750167
endotoxin,439,2019,0.767796,-0.646559,False,False,False,False,False,0.785017,0.849925,0.750167
endotoxin,440,2019,0.764522,-0.712198,False,False,False,False,False,0.780918,0.849925,0.750167
endotoxin,441,2019,0.713184,-1.741443,False,False,False,False,False,0.767372,0.849925,0.750167
endotoxin,442,2019,0.73858,-1.232303,False,False,False,False,False,0.761613,0.849925,0.750167
endotoxin,443,2019,0.763529,-0.732102,False,False,False,False,False,0.761996,0.849925,0.750167
endotoxin,444,2019,0.784121,-0.319276,False,False,False,False,False,0.766421,0.849925,0.750167
endotoxin,445,2019,0.884118,1.685517,False,False,False,False,False,0.789961,0.849925,0.750167
endotoxin,446,2019,0.739716,-1.209519,False,False,False,False,False,0.779912,0.849925,0.750167
endotoxin,447,2019,0.76447,-0.713241,False,False,False,False,False,0.776823,0.849925,0.750167
endotoxin,448,2019,0.718653,-1.631808,False,False,False,False,False,0.765189,0.849925,0.750167
endotoxin,449,2019,0.705834,-1.888801,False,False,False,False,False,0.753318,0.849925,0.750167
endotoxin,450,2019,0.746465,-1.07421,False,False,False,False,False,0.751948,0.849925,0.750167
endotoxin,451,2019,0.837408,0.749049,False,False,False,False,False,0.76904,0.849925,0.750167
endotoxin,452,2019,0.749467,-1.014033,False,False,False,False,False,0.765125,0.849925,0.750167
endotoxin,453,2019,0.7049,-1.907528,False,False,False,False,False,0.75308,0.849925,0.750167
endotoxin,454,2019,0.795144,-0.098274,False,False,False,False,False,0.761493,0.849925,0.750167
endotoxin,455,2019,0.734113,-1.321861,False,False,False,False,False,0.756017,0.849925,0.750167
endotoxin,456,2019,0.779879,-0.404313,False,False,False,False,False,0.760789,0.849925,0.750167
endotoxin,457,2019,0.760112,-0.800622,False,False,False,False,False,0.760654,0.849925,0.750167
endotoxin,458,2019,0.763687,-0.728946,False,False,False,False,False,0.76126,0.849925,0.750167
endotoxin,459,2019,0.862193,1.245952,False,False,False,False,False,0.781447,0.849925,0.750167
endotoxin,460,2019,0.779611,-0.409692,False,False,False,False,False,0.78108,0.849925,0.750167
endotoxin,461,2019,0.799281,-0.015327,False,False,False,False,False,0.78472,0.849925,0.750167
endotoxin,462,2019,0.813008,0.259879,False,False,False,False,False,0.790378,0.849925,0.750167
endotoxin,463,2019,0.815894,0.317732,False,False,False,False,False,0.795481,0.849925,0.750167
endotoxin,464,2019,0.710112,-1.803032,False,False,False,False,False,0.778407,0.849925,0.750167
endotoxin,465,2020,0.742081,-1.162101,False,False,False,False,False,0.771142,0.849925,0.750167
endotoxin,466,2020,0.824461,0.489483,False,False,False,False,False,0.781806,0.849925,0.750167
endotoxin,467,2020,0.743179,-1.14009,False,False,False,False,False,0.774081,0.849925,0.750167
endotoxin,468,2020,0.762844,-0.745833,False,False,False,False,False,0.771833,0.849925,0.750167
endotoxin,469,2020,0.715323,-1.69857,False,False,False,False,False,0.760531,0.849925,0.750167
endotoxin,470,2020,0.817044,0.340789,False,False,False,False,False,0.771834,0.849925,0.750167
endotoxin,471,2020,0.683093,-2.344726,False,False,False,False,False,0.754086,0.849925,0.750167
endotoxin,472,2020,0.778031,-0.441359,False,False,False,False,False,0.758875,0.849925,0.750167
endotoxin,473,2020,0.747209,-1.059306,False,False,False,False,False,0.756542,0.849925,0.750167
endotoxin,474,2020,0.718243,-1.640034,False,False,False,False,True,0.748882,0.849925,0.750167
endotoxin,475,2020,0.733972,-1.32468,False,False,False,False,True,0.7459,0.849925,0.750167
endotoxin,476,2020,0.744519,-1.113226,False,False,False,False,True,0.745624,0.849925,0.750167
endotoxin,477,2020,0.837079,0.742454,False,False,False,False,False,0.763915,0.849925,0.750167
endotoxin,478,2020,0.804558,0.090466,False,False,False,False,False,0.772043,0.849925,0.750167
endotoxin,479,2020,0.699404,-2.017712,False,False,False,False,False,0.757516,0.849925,0.750167
endotoxin,480,2020,0.761888,-0.765002,False,False,False,False,False,0.75839,0.849925,0.750167
endotoxin,481,2020,0.726905,-1.466364,False,False,False,False,False,0.752093,0.849925,0.750167
endotoxin,482,2020,0.751321,-0.976865,False,False,False,False,False,0.751939,0.849925,0.750167
endotoxin,483,2020,0.806051,0.120396,False,False,False,False,False,0.762761,0.849925,0.750167
endotoxin,484,2020,0.711264,-1.779937,False,False,False,False,False,0.752462,0.849925,0.750167
endotoxin,485,2020,0.841201,0.825094,False,False,False,False,False,0.77021,0.849925,0.750167
endotoxin,486,2020,0.767796,-0.646559,False,False,False,False,False,0.769727,0.849925,0.750167
endotoxin,487,2020,0.770429,-0.593768,False,False,False,False,False,0.769867,0.849925,0.750167
endotoxin,488,2020,0.761407,-0.774654,False,False,False,False,False,0.768175,0.849925,0.750167
endotoxin,489,2020,0.848044,0.962288,False,False,False,False,False,0.784149,0.849925,0.750167
endotoxin,490,2020,0.755613,-0.890807,False,False,False,False,False,0.778442,0.849925,0.750167
endotoxin,491,2020,0.813041,0.260524,False,False,False,False,False,0.785362,0.849925,0.750167
endotoxin,492,2020,0.772804,-0.546156,False,False,False,False,False,0.78285,0.849925,0.750167
endotoxin,493,2020,0.760491,-0.793014,False,False,False,False,False,0.778378,0.849925,0.750167
endotoxin,494,2020,0.877172,1.54626,False,False,False,False,False,0.798137,0.849925,0.750167
endotoxin,495,2020,0.748069,-1.042056,False,False,False,False,False,0.788123,0.849925,0.750167
endotoxin,496,2020,0.768947,-0.62348,False,False,False,False,False,0.784288,0.849925,0.750167
endotoxin,497,2020,0.808132,0.162109,False,False,False,False,False,0.789057,0.849925,0.750167
endotoxin,498,2020,0.714302,-1.719036,False,False,False,False,False,0.774106,0.849925,0.750167
endotoxin,499,2020,0.715661,-1.691794,False,False,False,False,False,0.762417,0.849925,0.750167
endotoxin,500,2020,0.755556,-0.891946,False,False,False,False,False,0.761045,0.849925,0.750167
endotoxin,501,2020,0.835804,0.716887,False,False,False,False,False,0.775997,0.849925,0.750167
endotoxin,502,2020,0.850448,1.010484,False,False,False,False,False,0.790887,0.849925,0.750167
endotoxin,503,2020,0.760491,-0.793014,False,False,False,False,False,0.784808,0.849925,0.750167
endotoxin,504,2020,0.895848,1.920692,False,False,False,False,False,0.807016,0.849925,0.750167
endotoxin,505,2020,0.790146,-0.198469,False,False,False,False,False,0.803642,0.849925,0.750167
endotoxin,506,2020,0.761407,-0.774654,False,False,False,False,False,0.795195,0.849925,0.750167
endotoxin,507,2021,0.838588,0.772715,False,False,False,False,False,0.803874,0.849925,0.750167
endotoxin,508,2021,0.857872,1.15933,False,False,False,False,False,0.814673,0.849925,0.750167
endotoxin,509,2021,0.773091,-0.540402,False,False,False,False,False,0.806357,0.849925,0.750167
endotoxin,510,2021,0.916071,2.326125,False,False,False,False,False,0.8283,0.849925,0.750167
endotoxin,511,2021,0.748922,-1.024952,False,False,False,False,False,0.812424,0.849925,0.750167
endotoxin,512,2021,0.734533,-1.313426,False,False,False,False,False,0.796846,0.849925,0.750167
endotoxin,513,2021,0.754356,-0.916012,False,False,False,False,False,0.788348,0.849925,0.750167
endotoxin,514,2021,0.803008,0.059376,False,False,False,False,False,0.79128,0.849925,0.750167
endotoxin,515,2021,0.828459,0.569634,False,False,False,False,False,0.798716,0.849925,0.750167
endotoxin,516,2021,0.735439,-1.29527,False,False,False,False,False,0.78606,0.849925,0.750167
endotoxin,517,2021,0.721956,-1.565588,False,False,False,False,False,0.773239,0.849925,0.750167
endotoxin,518,2021,0.865498,1.312216,False,False,False,False,False,0.791691,0.849925,0.750167
endotoxin,519,2021,0.703292,-1.939767,False,False,False,False,False,0.774011,0.849925,0.750167
endotoxin,520,2021,0.790348,-0.194429,False,False,False,False,False,0.777279,0.849925,0.750167
endotoxin,521,2021,0.792932,-0.142631,False,False,False,False,False,0.780409,0.849925,0.750167
endotoxin,522,2021,0.783433,-0.333059,False,False,False,False,False,0.781014,0.849925,0.750167
endotoxin,523,2021,0.773234,-0.537532,False,False,False,False,False,0.779458,0.849925,0.750167
endotoxin,524,2021,0.799465,-0.011637,False,False,False,False,False,0.78346,0.849925,0.750167
endotoxin,525,2021,0.866941,1.341153,False,False,False,False,False,0.800156,0.849925,0.750167
endotoxin,526,2021,0.783949,-0.322713,False,False,False,False,False,0.796915,0.849925,0.750167
endotoxin,527,2021,0.772276,-0.556747,False,False,False,False,False,0.791987,0.849925,0.750167
endotoxin,528,2021,0.706483,-1.875794,False,False,False,False,False,0.774886,0.849925,0.750167
endotoxin,529,2021,0.829009,0.580672,False,False,False,False,False,0.785711,0.849925,0.750167
endotoxin,530,2021,0.685054,-2.305416,False,False,False,False,False,0.765579,0.849925,0.750167
endotoxin,531,2021,0.743179,-1.14009,False,False,False,False,False,0.761099,0.849925,0.750167
endotoxin,532,2021,0.937533,2.756405,False,False,False,False,False,0.796386,0.849925,0.750167
endotoxin,533,2021,0.783906,-0.323573,False,False,False,False,False,0.79389,0.849925,0.750167
endotoxin,534,2021,0.771696,-0.568365,False,False,False,False,False,0.789451,0.849925,0.750167
endotoxin,535,2021,0.801865,0.036461,False,False,False,False,False,0.791934,0.849925,0.750167
endotoxin,536,2021,0.787697,-0.247587,False,False,False,False,False,0.791087,0.849925,0.750167
endotoxin,537,2021,0.708767,-1.830013,False,False,False,False,False,0.774623,0.849925,0.750167
endotoxin,538,2021,0.723216,-1.540322,False,False,False,False,False,0.764341,0.849925,0.750167
endotoxin,539,2021,0.719712,-1.610576,False,False,False,False,False,0.755415,0.849925,0.750167
endotoxin,540,2021,0.759512,-0.812636,False,False,False,False,False,0.756235,0.849925,0.750167
endotoxin,541,2021,0.823538,0.470975,False,False,False,False,False,0.769695,0.849925,0.750167
endotoxin,542,2021,0.770625,-0.589839,False,False,False,False,False,0.769881,0.849925,0.750167
endotoxin,543,2022,0.654161,-2.924769,False,False,False,False,True,0.746737,0.849925,0.750167
endotoxin,544,2022,0.684596,-2.314597,False,False,False,True,True,0.734309,0.849925,0.750167
endotoxin,545,2022,0.7613,-0.776806,False,False,False,True,True,0.739707,0.849925,0.750167
endotoxin,546,2022,0.709307,-1.819177,False,False,False,False,True,0.733627,0.849925,0.750167
endotoxin,547,2022,0.785101,-0.299626,False,False,False,False,True,0.743922,0.849925,0.750167
endotoxin,548,2022,0.704712,-1.911294,False,False,False,False,True,0.73608,0.849925,0.750167
endotoxin,549,2022,0.802687,0.052957,False,False,False,False,True,0.749401,0.849925,0.750167
endotoxin,550,2022,0.732982,-1.344527,False,False,False,False,True,0.746118,0.849925,0.750167
endotoxin,551,2022,0.755329,-0.896508,False,False,False,False,True,0.74796,0.849925,0.750167
endotoxin,552,2022,0.792853,-0.144205,False,False,False,False,False,0.756938,0.849925,0.750167
endotoxin,553,2022,0.789418,-0.213079,False,False,False,False,False,0.763434,0.849925,0.750167
endotoxin,554,2022,0.761782,-0.767143,False,False,False,False,False,0.763104,0.849925,0.750167
endotoxin,555,2022,0.742664,-1.150418,False,False,False,False,False,0.759016,0.849925,0.750167
endotoxin,556,2022,0.79123,-0.176748,False,False,False,False,False,0.765459,0.849925,0.750167
endotoxin,557,2022,0.711616,-1.772883,False,False,False,False,False,0.75469,0.849925,0.750167
endotoxin,558,2022,0.796175,-0.077598,False,True,False,False,False,0.762987,0.849925,0.750167
endotoxin,559,2022,0.833493,0.670563,False,False,False,False,False,0.777088,0.849925,0.750167
endotoxin,560,2022,0.878862,1.580136,False,False,False,False,False,0.797443,0.849925,0.750167
endotoxin,561,2022,0.704806,-1.90941,False,False,False,False,False,0.778916,0.849925,0.750167
endotoxin,562,2022,0.802723,0.053671,False,False,False,False,False,0.783677,0.849925,0.750167
endotoxin,563,2022,0.796706,-0.066959,False,False,False,False,False,0.786283,0.849925,0.750167
endotoxin,564,2022,0.804453,0.088362,False,False,False,False,False,0.789917,0.849925,0.750167
endotoxin,565,2022,0.764001,-0.722649,False,False,False,False,False,0.784734,0.849925,0.750167
endotoxin,566,2022,0.731045,-1.383362,False,False,False,False,False,0.773996,0.849925,0.750167
endotoxin,567,2022,0.777072,-0.4606,False,False,False,False,False,0.774611,0.849925,0.750167
endotoxin,568,2022,0.774702,-0.508103,False,False,False,False,False,0.774629,0.849925,0.750167
endotoxin,569,2022,0.769146,-0.619493,False,False,False,False,False,0.773533,0.849925,0.750167
endotoxin,570,2022,0.781474,-0.372334,False,False,False,False,False,0.775121,0.849925,0.750167
endotoxin,571,2022,0.836647,0.733798,False,False,False,False,False,0.787426,0.849925,0.750167
endotoxin,572,2022,0.835804,0.716887,False,False,False,False,False,0.797102,0.849925,0.750167
endotoxin,573,2022,0.794102,-0.119164,False,False,False,False,False,0.796502,0.849925,0.750167
endotoxin,574,2022,0.817998,0.359908,False,False,False,False,False,0.800801,0.849925,0.750167
endotoxin,575,2022,0.815361,0.307049,False,False,False,False,False,0.803713,0.849925,0.750167
endotoxin,576,2022,0.789336,-0.214709,False,False,False,False,False,0.800838,0.849925,0.750167
endotoxin,577,2022,0.703292,-1.939767,False,False,False,False,False,0.781329,0.849925,0.750167
endotoxin,578,2022,0.829721,0.594932,False,False,False,False,False,0.791007,0.849925,0.750167
endotoxin,579,2022,0.866355,1.329399,False,False,False,False,False,0.806077,0.849925,0.750167
endotoxin,580,2022,0.80643,0.127982,False,False,False,False,False,0.806147,0.849925,0.750167
endotoxin,581,2022,0.741951,-1.164707,False,False,False,False,False,0.793308,0.849925,0.750167
endotoxin,582,2022,0.736611,-1.271771,False,False,False,False,False,0.781969,0.849925,0.750167
endotoxin,583,2022,0.798095,-0.039109,False,False,False,False,False,0.785194,0.849925,0.750167
endotoxin,584,2022,0.750488,-0.993566,False,False,False,False,False,0.778253,0.849925,0.750167
endotoxin,585,2022,0.691792,-2.170334,False,False,False,False,False,0.760961,0.849925,0.750167
endotoxin,586,2022,0.850935,1.020253,False,False,False,False,False,0.778955,0.849925,0.750167
endotoxin,587,2022,0.711967,-1.765854,False,False,False,False,False,0.765558,0.849925,0.750167
endotoxin,588,2022,0.831504,0.630686,False,False,False,False,False,0.778747,0.849925,0.750167
endotoxin,589,2022,0.745779,-1.087968,False,False,False,False,False,0.772153,0.849925,0.750167
endotoxin,590,2023,0.735716,-1.289716,False,False,False,False,False,0.764866,0.849925,0.750167
endotoxin,591,2023,0.731551,-1.373222,False,False,False,False,False,0.758203,0.849925,0.750167
endotoxin,592,2023,0.691041,-2.185385,False,False,False,False,True,0.744771,0.849925,0.750167
endotoxin,593,2023,0.770085,-0.600662,False,False,False,False,True,0.749834,0.849925,0.750167
endotoxin,594,2023,0.829174,0.583972,False,False,False,False,False,0.765702,0.849925,0.750167
endotoxin,595,2023,0.803327,0.065774,False,False,False,False,False,0.773227,0.849925,0.750167
endotoxin,596,2023,0.799943,-0.002072,False,False,False,False,False,0.77857,0.849925,0.750167
endotoxin,597,2023,0.828817,0.576815,False,False,False,False,False,0.788619,0.849925,0.750167
endotoxin,598,2023,0.829119,0.582872,False,False,False,False,False,0.796719,0.849925,0.750167
endotoxin,599,2023,0.775311,-0.495888,False,False,False,False,False,0.792438,0.849925,0.750167
endotoxin,600,2023,0.808064,0.160755,False,False,False,False,False,0.795563,0.849925,0.750167
endotoxin,601,2024,0.815424,0.308309,False,False,False,False,False,0.799535,0.849925,0.750167
endotoxin,602,2024,0.805116,0.101655,False,False,False,False,False,0.800651,0.849925,0.750167
endotoxin,603,2024,0.69474,-2.111224,False,False,False,False,False,0.779469,0.849925,0.750167
endotoxin,604,2024,0.81605,0.320863,False,False,False,False,False,0.786785,0.849925,0.750167
endotoxin,605,2024,0.82469,0.494084,False,False,False,False,False,0.794366,0.849925,0.750167
endotoxin,606,2024,0.801613,0.031414,False,False,False,False,False,0.795816,0.849925,0.750167
endotoxin,607,2024,0.798875,-0.023471,False,False,False,False,False,0.796428,0.849925,0.750167
endotoxin,608,2024,0.65631,-2.881696,False,False,False,False,False,0.768404,0.849925,0.750167
endotoxin,609,2024,0.688534,-2.235642,False,False,False,True,False,0.75243,0.849925,0.750167
endotoxin,610,2024,0.764989,-0.702838,False,False,False,True,False,0.754942,0.849925,0.750167
endotoxin,611,2024,0.788315,-0.235195,False,False,False,False,False,0.761616,0.849925,0.750167
endotoxin,612,2024,0.751262,-0.978053,False,False,False,False,False,0.759545,0.849925,0.750167
endotoxin,613,2024,0.806738,0.134167,False,False,False,False,False,0.768984,0.849925,0.750167
endotoxin,614,2024,0.725231,-1.499927,False,False,False,False,False,0.760233,0.849925,0.750167
endotoxin,615,2024,0.734673,-1.310622,False,False,False,False,False,0.755121,0.849925,0.750167
endotoxin,616,2024,0.73119,-1.38046,False,False,False,False,False,0.750335,0.849925,0.750167
endotoxin,617,2024,0.729879,-1.406732,False,False,False,False,True,0.746244,0.849925,0.750167
endotoxin,618,2024,0.716166,-1.681672,False,False,False,False,True,0.740228,0.849925,0.750167
endotoxin,619,2024,0.857728,1.156433,False,False,False,False,False,0.763728,0.849925,0.750167
endotoxin,620,2024,0.747209,-1.059306,False,False,False,False,False,0.760424,0.849925,0.750167
endotoxin,621,2024,0.744202,-1.11959,False,False,False,False,False,0.75718,0.849925,0.750167
endotoxin,622,2024,0.883063,1.66436,False,False,False,False,False,0.782356,0.849925,0.750167
endotoxin,623,2024,0.861975,1.241589,False,False,False,False,False,0.79828,0.849925,0.750167
endotoxin,624,2024,0.71029,-1.799462,False,False,False,False,False,0.780682,0.849925,0.750167
endotoxin,625,2024,0.731118,-1.381911,False,False,False,False,False,0.770769,0.849925,0.750167
endotoxin,626,2024,0.771745,-0.567394,False,False,False,False,False,0.770964,0.849925,0.750167
endotoxin,627,2024,0.768748,-0.627475,False,False,False,False,False,0.770521,0.849925,0.750167
endotoxin,628,2024,0.721956,-1.565588,False,False,False,False,False,0.760808,0.849925,0.750167
endotoxin,629,2024,0.84713,0.943972,False,False,False,False,False,0.778072,0.849925,0.750167
endotoxin,630,2024,0.822956,0.45932,False,False,False,False,False,0.787049,0.849925,0.750167
endotoxin,631,2024,0.794952,-0.102127,False,False,False,False,False,0.78863,0.849925,0.750167
endotoxin,632,2024,0.752088,-0.961479,False,False,False,False,False,0.781321,0.849925,0.750167
endotoxin,633,2024,0.750547,-0.992368,False,False,False,False,False,0.775167,0.849925,0.750167
endotoxin,634,2024,0.757135,-0.860297,False,False,False,False,False,0.77156,0.849925,0.750167
endotoxin,635,2024,0.736268,-1.278654,False,False,False,False,False,0.764502,0.849925,0.750167
endotoxin,636,2024,0.793869,-0.123836,False,False,False,False,False,0.770375,0.849925,0.750167
endotoxin,637,2024,0.873529,1.47322,False,False,False,False,False,0.791006,0.849925,0.750167
endotoxin,638,2024,0.757079,-0.861419,False,False,False,False,False,0.784221,0.849925,0.750167
endotoxin,639,2024,0.78603,-0.281007,False,False,False,False,False,0.784582,0.849925,0.750167
endotoxin,640,2024,0.799723,-0.006481,False,False,False,False,False,0.78761,0.849925,0.750167
endotoxin,641,2024,0.76421,-0.718462,False,False,False,False,False,0.78293,0.849925,0.750167
endotoxin,642,2024,0.728105,-1.4423,False,False,False,False,False,0.771965,0.849925,0.750167
endotoxin,643,2024,0.711352,-1.778171,False,False,False,False,False,0.759843,0.849925,0.750167
endotoxin,644,2024,0.764937,-0.703876,False,False,False,False,False,0.760862,0.849925,0.750167
endotoxin,645,2024,0.724306,-1.518471,False,False,False,False,False,0.753551,0.849925,0.750167
endotoxin,646,2024,0.81763,0.352528,False,False,False,False,False,0.766366,0.849925,0.750167
endotoxin,647,2024,0.827237,0.545136,False,False,False,False,False,0.77854,0.849925,0.750167
endotoxin,648,2024,0.827432,0.549053,False,False,False,False,False,0.788319,0.849925,0.750167
endotoxin,649,2024,0.783001,-0.341721,False,False,False,False,False,0.787255,0.849925,0.750167
endotoxin,650,2024,0.760815,-0.786515,False,False,False,False,False,0.781967,0.849925,0.750167
endotoxin,651,2024,0.850025,1.00201,False,False,False,False,False,0.795579,0.849925,0.750167
endotoxin,652,2024,0.737905,-1.245826,False,False,False,False,False,0.784044,0.849925,0.750167
endotoxin,653,2024,0.647261,-3.063105,True,False,False,False,False,0.756688,0.849925,0.750167
endotoxin,654,2024,0.782044,-0.36091,False,False,False,False,False,0.761759,0.849925,0.750167
endotoxin,655,2024,0.771454,-0.573226,False,False,False,False,False,0.763698,0.849925,0.750167
endotoxin,656,2024,0.760383,-0.795185,False,False,False,False,False,0.763035,0.849925,0.750167
endotoxin,657,2024,0.694428,-2.117475,False,False,False,False,True,0.749314,0.849925,0.750167
endotoxin,658,2024,0.774655,-0.509045,False,False,False,False,False,0.754382,0.849925,0.750167
endotoxin,659,2024,0.79119,-0.177549,False,False,False,False,False,0.761743,0.849925,0.750167
endotoxin,660,2024,0.786574,-0.270084,False,True,False,False,False,0.76671,0.849925,0.750167
endotoxin,661,2024,0.829146,0.583422,False,False,False,False,False,0.779197,0.849925,0.750167
endotoxin,662,2024,0.700488,-1.995976,False,False,False,False,False,0.763455,0.849925,0.750167
endotoxin,663,2024,0.803362,0.066484,False,False,False,False,False,0.771437,0.849925,0.750167
endotoxin,664,2024,0.801865,0.036461,False,False,False,False,False,0.777522,0.849925,0.750167
endotoxin,665,2024,0.766479,-0.672969,False,False,False,False,False,0.775314,0.849925,0.750167
endotoxin,666,2024,0.828348,0.567419,False,False,False,False,False,0.78592,0.849925,0.750167
endotoxin,667,2024,0.842073,0.842579,False,False,False,False,False,0.797151,0.849925,0.750167
endotoxin,668,2024,0.740247,-1.198885,False,False,False,False,False,0.78577,0.849925,0.750167
endotoxin,669,2024,0.839061,0.782204,False,False,False,False,False,0.796428,0.849925,0.750167
endotoxin,670,2024,0.835598,0.712766,False,False,False,False,False,0.804262,0.849925,0.750167
endotoxin,671,2024,0.792302,-0.155259,False,False,False,False,False,0.80187,0.849925,0.750167
endotoxin,672,2024,0.820268,0.405428,False,False,False,False,False,0.80555,0.849925,0.750167
endotoxin,673,2024,0.749165,-1.020092,False,False,False,False,False,0.794273,0.849925,0.750167
endotoxin,674,2024,0.795985,-0.081411,False,False,False,False,False,0.794615,0.849925,0.750167
endotoxin,675,2024,0.729733,-1.409672,False,False,False,False,False,0.781639,0.849925,0.750167
endotoxin,676,2024,0.859347,1.18889,False,False,False,False,False,0.79718,0.849925,0.750167
endotoxin,677,2024,0.889703,1.797486,False,False,False,False,False,0.815685,0.849925,0.750167
endotoxin,678,2024,0.750009,-1.003172,False,False,False,False,False,0.80255,0.849925,0.750167
endotoxin,679,2024,0.820627,0.412618,False,False,False,False,False,0.806165,0.849925,0.750167
endotoxin,680,2024,0.720439,-1.596006,False,False,False,False,False,0.78902,0.849925,0.750167
endotoxin,681,2024,0.729144,-1.421476,False,False,False,False,False,0.777045,0.849925,0.750167
endotoxin,682,2024,0.765299,-0.696622,False,False,False,False,False,0.774696,0.849925,0.750167
endotoxin,683,2024,0.731118,-1.381911,False,False,False,False,False,0.76598,0.849925,0.750167
endotoxin,684,2024,0.843129,0.863746,False,False,False,False,False,0.78141,0.849925,0.750167
endotoxin,685,2024,0.82469,0.494084,False,False,False,False,False,0.790066,0.849925,0.750167
endotoxin,686,2024,0.835289,0.706569,False,False,False,False,False,0.79911,0.849925,0.750167
endotoxin,687,2024,0.784121,-0.319276,False,False,False,False,False,0.796112,0.849925,0.750167
endotoxin,688,2024,0.705368,-1.898143,False,False,False,False,False,0.777964,0.849925,0.750167
endotoxin,689,2024,0.753953,-0.924098,False,False,False,False,False,0.773161,0.849925,0.750167
endotoxin,690,2025,0.719793,-1.608952,False,False,False,False,False,0.762488,0.849925,0.750167
endotoxin,691,2025,0.80742,0.147846,False,False,False,False,False,0.771474,0.849925,0.750167
endotoxin,692,2025,0.759731,-0.808259,False,False,False,False,False,0.769126,0.849925,0.750167
endotoxin,693,2025,0.814287,0.285513,False,False,False,False,False,0.778158,0.849925,0.750167
endotoxin,694,2025,0.759894,-0.804983,False,False,False,False,False,0.774505,0.849925,0.750167
endotoxin,695,2025,0.763108,-0.740541,False,False,False,False,False,0.772226,0.849925,0.750167
endotoxin,696,2025,0.782088,-0.360033,False,False,False,False,False,0.774198,0.849925,0.750167
endotoxin,697,2025,0.879396,1.590857,False,False,False,False,False,0.795238,0.849925,0.750167
endotoxin,698,2025,0.724073,-1.523134,False,False,False,False,False,0.781005,0.849925,0.750167
endotoxin,699,2025,0.795106,-0.099044,False,False,False,False,False,0.783825,0.849925,0.750167
endotoxin,700,2025,0.746652,-1.070473,False,False,False,False,False,0.77639,0.849925,0.750167
endotoxin,701,2025,0.764522,-0.712198,False,False,False,False,False,0.774017,0.849925,0.750167
endotoxin,702,2025,0.809839,0.196336,False,False,False,False,False,0.781181,0.849925,0.750167
endotoxin,703,2025,0.799613,-0.008689,False,False,False,False,False,0.784867,0.849925,0.750167
endotoxin,704,2025,0.657066,-2.866532,False,False,False,False,False,0.759307,0.849925,0.750167
endotoxin,705,2025,0.751617,-0.970934,False,False,False,False,False,0.757769,0.849925,0.750167
endotoxin,706,2025,0.805948,0.118322,False,False,False,False,False,0.767405,0.849925,0.750167
endotoxin,707,2025,0.684136,-2.32382,False,False,False,False,False,0.750751,0.849925,0.750167
endotoxin,708,2025,0.789904,-0.203327,False,False,False,False,False,0.758582,0.849925,0.750167
endotoxin,709,2025,0.799759,-0.005745,False,False,False,False,False,0.766817,0.849925,0.750167
endotoxin,710,2025,0.847771,0.956811,False,False,False,False,False,0.783008,0.849925,0.750167
endotoxin,711,2025,0.750488,-0.993566,False,False,False,False,False,0.776504,0.849925,0.750167
endotoxin,712,2025,0.817537,0.350679,False,False,False,False,False,0.784711,0.849925,0.750167
endotoxin,713,2025,0.789296,-0.215525,False,False,False,False,False,0.785628,0.849925,0.750167
endotoxin,714,2025,0.786072,-0.280164,False,False,False,False,False,0.785716,0.849925,0.750167
endotoxin,715,2025,0.712925,-1.746649,False,False,False,False,False,0.771158,0.849925,0.750167
endotoxin,716,2025,0.721956,-1.565588,False,False,False,False,False,0.761318,0.849925,0.750167
endotoxin,717,2025,0.784633,-0.309,False,False,False,False,False,0.765981,0.849925,0.750167
endotoxin,718,2025,0.732197,-1.360259,False,False,False,False,False,0.759224,0.849925,0.750167
endotoxin,719,2025,0.778937,-0.423203,False,False,False,False,False,0.763167,0.849925,0.750167
endotoxin,720,2025,0.847107,0.943512,False,False,False,False,False,0.779955,0.849925,0.750167
endotoxin,721,2025,0.725077,-1.503006,False,False,False,False,False,0.768979,0.849925,0.750167
endotoxin,722,2025,0.808637,0.172236,False,False,False,False,False,0.776911,0.849925,0.750167
endotoxin,723,2025,0.817168,0.343266,False,False,False,False,False,0.784962,0.849925,0.750167
endotoxin,724,2025,0.816237,0.324614,False,False,False,False,False,0.791217,0.849925,0.750167
endotoxin,725,2025,0.715745,-1.690104,False,False,False,False,False,0.776123,0.849925,0.750167
endotoxin,726,2025,0.775218,-0.497762,False,False,False,False,False,0.775942,0.849925,0.750167
endotoxin,727,2025,0.789621,-0.20901,False,False,False,False,False,0.778678,0.849925,0.750167
endotoxin,728,2025,0.778304,-0.435895,False,False,False,False,False,0.778603,0.849925,0.750167
endotoxin,729,2025,0.769444,-0.613528,False,False,False,False,False,0.776771,0.849925,0.750167
endotoxin,730,2025,0.773663,-0.528944,False,False,False,False,False,0.776149,0.849925,0.750167
endotoxin,731,2025,0.768498,-0.63248,False,False,False,False,False,0.774619,0.849925,0.750167
endotoxin,732,2025,0.725308,-1.498389,False,False,False,False,False,0.764757,0.849925,0.750167
endotoxin,733,2025,0.812006,0.239788,False,False,False,False,False,0.774207,0.849925,0.750167
endotoxin,734,2025,0.837887,0.75865,False,False,False,False,False,0.786943,0.849925,0.750167
endotoxin,735,2025,0.683674,-2.333085,False,False,False,False,False,0.766289,0.849925,0.750167
endotoxin,736,2025,0.756292,-0.87719,False,False,False,False,False,0.76429,0.849925,0.750167
fill_volume,1,2011,0.2,-0.980382,False,False,False,False,False,0.424674,0.65272,0.308965
fill_volume,2,2011,0.1,-1.329469,False,False,False,False,False,0.359739,0.700953,0.260732
fill_volume,3,2011,0.7,0.765049,False,False,False,False,False,0.427791,0.726909,0.234776
fill_volume,4,2011,0.8,1.114136,False,False,False,False,False,0.502233,0.742172,0.219513
fill_volume,5,2011,1.0,1.812308,False,False,False,False,False,0.601786,0.751489,0.210196
fill_volume,6,2011,0.4,-0.28221,False,False,False,False,False,0.561429,0.757287,0.204398
fill_volume,7,2011,0.4,-0.28221,False,False,False,False,False,0.529143,0.760934,0.20075
fill_volume,8,2011,1.0,1.812308,False,False,False,False,False,0.623315,0.763244,0.198441
fill_volume,9,2011,0.5,0.066877,False,False,False,False,False,0.598652,0.764713,0.196972
fill_volume,10,2011,0.6,0.415963,False,False,False,False,False,0.598921,0.765648,0.196036
fill_volume,11,2011,0.4,-0.28221,False,False,False,False,False,0.559137,0.766246,0.195439
fill_volume,12,2011,0.8,1.114136,False,False,False,False,False,0.60731,0.766627,0.195057
fill_volume,13,2011,0.1,-1.329469,False,False,False,False,False,0.505848,0.766871,0.194814
fill_volume,14,2011,0.7,0.765049,False,False,False,False,False,0.544678,0.767027,0.194657
fill_volume,15,2011,0.4,-0.28221,False,False,False,False,False,0.515743,0.767127,0.194558
fill_volume,16,2011,0.2,-0.980382,False,False,False,False,False,0.452594,0.767191,0.194494
fill_volume,17,2011,0.3,-0.631296,False,False,False,False,False,0.422075,0.767232,0.194453
fill_volume,18,2011,0.4,-0.28221,False,False,False,False,False,0.41766,0.767258,0.194427
fill_volume,19,2011,1.0,1.812308,False,False,False,False,False,0.534128,0.767275,0.19441
fill_volume,20,2011,0.1,-1.329469,False,False,False,False,False,0.447303,0.767285,0.194399
fill_volume,21,2011,1.0,1.812308,False,False,False,False,False,0.557842,0.767292,0.194392
fill_volume,22,2011,0.9,1.463222,False,False,False,False,False,0.626274,0.767297,0.194388
fill_volume,23,2011,0.6,0.415963,False,False,False,False,False,0.621019,0.7673,0.194385
fill_volume,24,2011,1.0,1.812308,False,False,False,False,False,0.696815,0.767301,0.194383
fill_volume,25,2011,0.4,-0.28221,False,False,False,False,False,0.637452,0.767302,0.194382
fill_volume,26,2011,0.5,0.066877,False,False,False,False,False,0.609962,0.767303,0.194382
fill_volume,27,2011,0.8,1.114136,False,False,False,False,False,0.647969,0.767304,0.194381
fill_volume,28,2011,0.4,-0.28221,False,False,False,False,False,0.598375,0.767304,0.194381
fill_volume,29,2011,0.8,1.114136,False,False,False,False,False,0.6387,0.767304,0.194381
fill_volume,30,2011,0.7,0.765049,False,False,False,False,False,0.65096,0.767304,0.194381
fill_volume,31,2011,0.6,0.415963,False,False,False,False,False,0.640768,0.767304,0.19438
fill_volume,32,2011,0.2,-0.980382,False,False,False,False,False,0.552615,0.767304,0.19438
fill_volume,33,2011,0.9,1.463222,False,False,False,False,False,0.622092,0.767304,0.19438
fill_volume,34,2011,0.9,1.463222,False,False,False,False,False,0.677673,0.767304,0.19438
fill_volume,35,2011,0.0,-1.678555,False,False,False,False,False,0.542139,0.767304,0.19438
fill_volume,36,2011,0.5,0.066877,False,False,False,False,False,0.533711,0.767304,0.19438
fill_volume,37,2011,0.9,1.463222,False,False,False,False,False,0.606969,0.767304,0.19438
fill_volume,38,2011,0.7,0.765049,False,False,False,False,False,0.625575,0.767304,0.19438
fill_volume,39,2012,0.8,1.114136,False,False,False,False,False,0.66046,0.767304,0.19438
fill_volume,40,2012,0.7,0.765049,False,False,False,False,False,0.668368,0.767304,0.19438
fill_volume,41,2012,0.8,1.114136,False,False,False,False,False,0.694694,0.767304,0.19438
fill_volume,42,2012,0.4,-0.28221,False,False,False,False,False,0.635756,0.767304,0.19438
fill_volume,43,2012,0.6,0.415963,False,False,False,False,False,0.628604,0.767304,0.19438
fill_volume,44,2012,0.6,0.415963,False,False,False,False,False,0.622884,0.767304,0.19438
fill_volume,45,2012,0.0,-1.678555,False,False,False,False,False,0.498307,0.767304,0.19438
fill_volume,46,2012,0.1,-1.329469,False,False,False,False,False,0.418645,0.767304,0.19438
fill_volume,47,2012,0.8,1.114136,False,False,False,False,False,0.494916,0.767304,0.19438
fill_volume,48,2012,0.1,-1.329469,False,False,False,False,False,0.415933,0.767304,0.19438
fill_volume,49,2012,1.0,1.812308,False,False,False,False,False,0.532746,0.767304,0.19438
fill_volume,50,2012,0.6,0.415963,False,False,False,False,False,0.546197,0.767304,0.19438
fill_volume,51,2012,0.6,0.415963,False,False,False,False,False,0.556958,0.767304,0.19438
fill_volume,52,2012,0.2,-0.980382,False,False,False,False,False,0.485566,0.767304,0.19438
fill_volume,53,2012,0.2,-0.980382,False,False,False,False,False,0.428453,0.767304,0.19438
fill_volume,54,2012,0.2,-0.980382,False,False,False,False,False,0.382762,0.767304,0.19438
fill_volume,55,2012,0.2,-0.980382,False,False,False,False,False,0.34621,0.767304,0.19438
fill_volume,56,2012,0.7,0.765049,False,False,False,False,False,0.416968,0.767304,0.19438
fill_volume,57,2012,0.2,-0.980382,False,False,False,False,False,0.373574,0.767304,0.19438
fill_volume,58,2012,0.9,1.463222,False,False,False,False,False,0.478859,0.767304,0.19438
fill_volume,59,2012,0.8,1.114136,False,False,False,False,False,0.543088,0.767304,0.19438
fill_volume,60,2012,0.2,-0.980382,False,False,False,False,False,0.47447,0.767304,0.19438
fill_volume,61,2012,0.1,-1.329469,False,False,False,False,False,0.399576,0.767304,0.19438
fill_volume,62,2012,0.7,0.765049,False,False,False,False,False,0.459661,0.767304,0.19438
fill_volume,63,2012,0.1,-1.329469,False,False,False,False,False,0.387729,0.767304,0.19438
fill_volume,64,2012,0.1,-1.329469,False,False,False,False,False,0.330183,0.767304,0.19438
fill_volume,65,2012,0.3,-0.631296,False,False,False,False,False,0.324146,0.767304,0.19438
fill_volume,66,2012,0.4,-0.28221,False,False,False,False,False,0.339317,0.767304,0.19438
fill_volume,67,2012,0.9,1.463222,False,False,False,False,False,0.451454,0.767304,0.19438
fill_volume,68,2012,0.0,-1.678555,False,False,False,False,False,0.361163,0.767304,0.19438
fill_volume,69,2012,0.7,0.765049,False,False,False,False,False,0.42893,0.767304,0.19438
fill_volume,70,2012,0.2,-0.980382,False,False,False,False,False,0.383144,0.767304,0.19438
fill_volume,71,2012,0.7,0.765049,False,False,False,False,False,0.446515,0.767304,0.19438
fill_volume,72,2012,0.0,-1.678555,False,False,False,False,False,0.357212,0.767304,0.19438
fill_volume,73,2012,0.4,-0.28221,False,False,False,False,False,0.36577,0.767304,0.19438
fill_volume,74,2012,0.5,0.066877,False,False,False,False,False,0.392616,0.767304,0.19438
fill_volume,75,2012,0.6,0.415963,False,False,False,False,False,0.434093,0.767304,0.19438
fill_volume,76,2012,0.8,1.114136,False,False,False,False,False,0.507274,0.767304,0.19438
fill_volume,77,2012,0.8,1.114136,False,False,False,False,False,0.565819,0.767304,0.19438
fill_volume,78,2012,0.4,-0.28221,False,False,False,False,False,0.532655,0.767304,0.19438
fill_volume,79,2012,0.9,1.463222,False,False,False,False,False,0.606124,0.767304,0.19438
fill_volume,80,2012,0.1,-1.329469,False,False,False,False,False,0.5049,0.767304,0.19438
fill_volume,81,2012,0.6,0.415963,False,False,False,False,False,0.52392,0.767304,0.19438
fill_volume,82,2012,0.9,1.463222,False,False,False,False,False,0.599136,0.767304,0.19438
fill_volume,83,2013,0.8,1.114136,False,False,False,False,False,0.639309,0.767304,0.19438
fill_volume,84,2013,0.0,-1.678555,False,False,False,False,False,0.511447,0.767304,0.19438
fill_volume,85,2013,0.3,-0.631296,False,False,False,False,False,0.469157,0.767304,0.19438
fill_volume,86,2013,0.1,-1.329469,False,False,False,False,False,0.395326,0.767304,0.19438
fill_volume,87,2013,0.1,-1.329469,False,False,False,False,False,0.336261,0.767304,0.19438
fill_volume,88,2013,0.4,-0.28221,False,False,False,False,False,0.349009,0.767304,0.19438
fill_volume,89,2013,0.3,-0.631296,False,False,False,False,False,0.339207,0.767304,0.19438
fill_volume,90,2013,0.1,-1.329469,False,False,False,False,False,0.291366,0.767304,0.19438
fill_volume,91,2013,0.1,-1.329469,False,False,False,False,False,0.253092,0.767304,0.19438
fill_volume,92,2013,0.6,0.415963,False,False,False,False,False,0.322474,0.767304,0.19438
fill_volume,93,2013,0.3,-0.631296,False,False,False,False,False,0.317979,0.767304,0.19438
fill_volume,94,2013,0.9,1.463222,False,False,False,False,False,0.434383,0.767304,0.19438
fill_volume,95,2013,0.0,-1.678555,False,False,False,False,False,0.347507,0.767304,0.19438
fill_volume,96,2013,0.2,-0.980382,False,False,False,False,False,0.318005,0.767304,0.19438
fill_volume,97,2013,0.3,-0.631296,False,False,False,False,False,0.314404,0.767304,0.19438
fill_volume,98,2013,0.1,-1.329469,False,False,False,False,False,0.271523,0.767304,0.19438
fill_volume,99,2013,0.8,1.114136,False,False,False,False,False,0.377219,0.767304,0.19438
fill_volume,100,2013,0.4,-0.28221,False,False,False,False,False,0.381775,0.767304,0.19438
fill_volume,101,2013,0.5,0.066877,False,False,False,False,False,0.40542,0.767304,0.19438
fill_volume,102,2013,0.0,-1.678555,False,False,False,False,False,0.324336,0.767304,0.19438
fill_volume,103,2013,0.5,0.066877,False,False,False,False,False,0.359469,0.767304,0.19438
fill_volume,104,2013,0.5,0.066877,False,False,False,False,False,0.387575,0.767304,0.19438
fill_volume,105,2013,0.0,-1.678555,False,False,False,False,False,0.31006,0.767304,0.19438
fill_volume,106,2013,0.1,-1.329469,False,False,False,False,False,0.268048,0.767304,0.19438
fill_volume,107,2013,0.3,-0.631296,False,False,False,False,False,0.274438,0.767304,0.19438
fill_volume,108,2013,0.2,-0.980382,False,False,False,False,False,0.259551,0.767304,0.19438
fill_volume,109,2013,0.2,-0.980382,False,False,False,False,False,0.247641,0.767304,0.19438
fill_volume,110,2013,0.0,-1.678555,False,False,False,False,False,0.198112,0.767304,0.19438
fill_volume,111,2013,0.4,-0.28221,False,False,False,False,False,0.23849,0.767304,0.19438
fill_volume,112,2013,0.9,1.463222,False,False,False,False,False,0.370792,0.767304,0.19438
fill_volume,113,2013,0.5,0.066877,False,False,False,False,False,0.396634,0.767304,0.19438
fill_volume,114,2013,0.5,0.066877,False,False,False,False,False,0.417307,0.767304,0.19438
fill_volume,115,2013,0.8,1.114136,False,False,False,False,False,0.493845,0.767304,0.19438
fill_volume,116,2013,0.8,1.114136,False,False,False,False,False,0.555076,0.767304,0.19438
fill_volume,117,2013,0.8,1.114136,False,False,False,False,False,0.604061,0.767304,0.19438
fill_volume,118,2013,0.3,-0.631296,False,False,False,False,False,0.543249,0.767304,0.19438
fill_volume,119,2013,0.5,0.066877,False,False,False,False,False,0.534599,0.767304,0.19438
fill_volume,120,2013,0.0,-1.678555,False,False,False,False,False,0.427679,0.767304,0.19438
fill_volume,121,2013,0.8,1.114136,False,False,False,False,False,0.502143,0.767304,0.19438
fill_volume,122,2013,0.6,0.415963,False,False,False,False,False,0.521715,0.767304,0.19438
fill_volume,123,2013,0.6,0.415963,False,False,False,False,False,0.537372,0.767304,0.19438
fill_volume,124,2013,0.2,-0.980382,False,False,False,False,False,0.469897,0.767304,0.19438
fill_volume,125,2013,0.5,0.066877,False,False,False,False,False,0.475918,0.767304,0.19438
fill_volume,126,2013,0.7,0.765049,False,False,False,False,False,0.520734,0.767304,0.19438
fill_volume,127,2013,0.0,-1.678555,False,False,False,False,False,0.416587,0.767304,0.19438
fill_volume,128,2013,0.9,1.463222,False,False,False,False,False,0.51327,0.767304,0.19438
fill_volume,129,2013,0.4,-0.28221,False,False,False,False,False,0.490616,0.767304,0.19438
fill_volume,130,2013,0.7,0.765049,False,False,False,False,False,0.532493,0.767304,0.19438
fill_volume,131,2013,0.8,1.114136,False,False,False,False,False,0.585994,0.767304,0.19438
fill_volume,132,2013,0.8,1.114136,False,False,False,False,False,0.628795,0.767304,0.19438
fill_volume,133,2013,0.0,-1.678555,False,False,False,False,False,0.503036,0.767304,0.19438
fill_volume,134,2013,0.6,0.415963,False,False,False,False,False,0.522429,0.767304,0.19438
fill_volume,135,2014,1.0,1.812308,False,False,False,False,False,0.617943,0.767304,0.19438
fill_volume,136,2014,0.1,-1.329469,False,False,False,False,False,0.514355,0.767304,0.19438
fill_volume,137,2014,0.8,1.114136,False,False,False,False,False,0.571484,0.767304,0.19438
fill_volume,138,2014,0.4,-0.28221,False,False,False,False,False,0.537187,0.767304,0.19438
fill_volume,139,2014,0.2,-0.980382,False,False,False,False,False,0.46975,0.767304,0.19438
fill_volume,140,2014,0.2,-0.980382,False,False,False,False,False,0.4158,0.767304,0.19438
fill_volume,141,2014,0.7,0.765049,False,False,False,False,False,0.47264,0.767304,0.19438
fill_volume,142,2014,0.7,0.765049,False,False,False,False,False,0.518112,0.767304,0.19438
fill_volume,143,2014,1.0,1.812308,False,False,False,False,False,0.614489,0.767304,0.19438
fill_volume,144,2014,0.3,-0.631296,False,False,False,False,False,0.551592,0.767304,0.19438
fill_volume,145,2014,0.1,-1.329469,False,False,False,False,False,0.461273,0.767304,0.19438
fill_volume,146,2014,0.6,0.415963,False,False,False,False,False,0.489019,0.767304,0.19438
fill_volume,147,2014,0.8,1.114136,False,False,False,False,False,0.551215,0.767304,0.19438
fill_volume,148,2014,0.3,-0.631296,False,False,False,False,False,0.500972,0.767304,0.19438
fill_volume,149,2014,0.8,1.114136,False,False,False,False,False,0.560778,0.767304,0.19438
fill_volume,150,2014,0.3,-0.631296,False,False,False,False,False,0.508622,0.767304,0.19438
fill_volume,151,2014,0.9,1.463222,False,False,False,False,False,0.586898,0.767304,0.19438
fill_volume,152,2014,0.2,-0.980382,False,False,False,False,False,0.509518,0.767304,0.19438
fill_volume,153,2014,0.1,-1.329469,False,False,False,False,False,0.427614,0.767304,0.19438
fill_volume,154,2014,0.9,1.463222,False,False,False,False,False,0.522092,0.767304,0.19438
fill_volume,155,2014,0.9,1.463222,False,False,False,False,False,0.597673,0.767304,0.19438
fill_volume,156,2014,0.4,-0.28221,False,False,False,False,False,0.558139,0.767304,0.19438
fill_volume,157,2014,0.8,1.114136,False,False,False,False,False,0.606511,0.767304,0.19438
fill_volume,158,2014,0.7,0.765049,False,False,False,False,False,0.625209,0.767304,0.19438
fill_volume,159,2014,0.9,1.463222,False,False,False,False,False,0.680167,0.767304,0.19438
fill_volume,160,2014,0.1,-1.329469,False,False,False,False,False,0.564134,0.767304,0.19438
fill_volume,161,2014,0.4,-0.28221,False,False,False,False,False,0.531307,0.767304,0.19438
fill_volume,162,2014,0.2,-0.980382,False,False,False,False,False,0.465045,0.767304,0.19438
fill_volume,163,2014,0.4,-0.28221,False,False,False,False,False,0.452036,0.767304,0.19438
fill_volume,164,2014,0.4,-0.28221,False,False,False,False,False,0.441629,0.767304,0.19438
fill_volume,165,2014,0.9,1.463222,False,False,False,False,False,0.533303,0.767304,0.19438
fill_volume,166,2014,0.4,-0.28221,False,False,False,False,False,0.506643,0.767304,0.19438
fill_volume,167,2014,0.4,-0.28221,False,False,False,False,False,0.485314,0.767304,0.19438
fill_volume,168,2014,0.7,0.765049,False,False,False,False,False,0.528251,0.767304,0.19438
fill_volume,169,2014,0.2,-0.980382,False,False,False,False,False,0.462601,0.767304,0.19438
fill_volume,170,2014,0.4,-0.28221,False,False,False,False,False,0.450081,0.767304,0.19438
fill_volume,171,2014,0.1,-1.329469,False,False,False,False,False,0.380065,0.767304,0.19438
fill_volume,172,2014,0.5,0.066877,False,False,False,False,False,0.404052,0.767304,0.19438
fill_volume,173,2014,0.6,0.415963,False,False,False,False,False,0.443241,0.767304,0.19438
fill_volume,174,2014,0.7,0.765049,False,False,False,False,False,0.494593,0.767304,0.19438
fill_volume,175,2014,0.6,0.415963,False,False,False,False,False,0.515674,0.767304,0.19438
fill_volume,176,2014,0.2,-0.980382,False,False,False,False,False,0.45254,0.767304,0.19438
fill_volume,177,2014,0.4,-0.28221,False,False,False,False,False,0.442032,0.767304,0.19438
fill_volume,178,2014,0.2,-0.980382,False,False,False,False,False,0.393625,0.767304,0.19438
fill_volume,179,2014,0.6,0.415963,False,False,False,False,False,0.4349,0.767304,0.19438
fill_volume,180,2014,0.4,-0.28221,False,False,False,False,False,0.42792,0.767304,0.19438
fill_volume,181,2014,0.5,0.066877,False,False,False,False,False,0.442336,0.767304,0.19438
fill_volume,182,2014,0.9,1.463222,False,False,False,False,False,0.533869,0.767304,0.19438
fill_volume,183,2014,0.8,1.114136,False,False,False,False,False,0.587095,0.767304,0.19438
fill_volume,184,2015,0.9,1.463222,False,False,False,False,False,0.649676,0.767304,0.19438
fill_volume,185,2015,0.6,0.415963,False,False,False,False,False,0.639741,0.767304,0.19438
fill_volume,186,2015,0.1,-1.329469,False,False,False,False,False,0.531793,0.767304,0.19438
fill_volume,187,2015,0.1,-1.329469,False,False,False,False,False,0.445434,0.767304,0.19438
fill_volume,188,2015,0.7,0.765049,False,False,False,False,False,0.496347,0.767304,0.19438
fill_volume,189,2015,0.6,0.415963,False,False,False,False,False,0.517078,0.767304,0.19438
fill_volume,190,2015,0.4,-0.28221,False,False,False,False,False,0.493662,0.767304,0.19438
fill_volume,191,2015,0.8,1.114136,False,False,False,False,False,0.55493,0.767304,0.19438
fill_volume,192,2015,0.2,-0.980382,False,False,False,False,False,0.483944,0.767304,0.19438
fill_volume,193,2015,0.6,0.415963,False,False,False,False,False,0.507155,0.767304,0.19438
fill_volume,194,2015,0.2,-0.980382,False,False,False,False,False,0.445724,0.767304,0.19438
fill_volume,195,2015,0.4,-0.28221,False,False,False,False,False,0.436579,0.767304,0.19438
fill_volume,196,2015,0.8,1.114136,False,False,False,False,False,0.509263,0.767304,0.19438
fill_volume,197,2015,0.1,-1.329469,False,False,False,False,False,0.427411,0.767304,0.19438
fill_volume,198,2015,0.4,-0.28221,False,False,False,False,False,0.421929,0.767304,0.19438
fill_volume,199,2015,0.4,-0.28221,False,False,False,False,False,0.417543,0.767304,0.19438
fill_volume,200,2015,0.2,-0.980382,False,False,False,False,False,0.374034,0.767304,0.19438
fill_volume,201,2015,0.9,1.463222,False,False,False,False,False,0.479227,0.767304,0.19438
fill_volume,202,2015,0.2,-0.980382,False,False,False,False,False,0.423382,0.767304,0.19438
fill_volume,203,2015,1.0,1.812308,False,False,False,False,False,0.538706,0.767304,0.19438
fill_volume,204,2015,0.4,-0.28221,False,False,False,False,False,0.510964,0.767304,0.19438
fill_volume,205,2015,0.2,-0.980382,False,False,False,False,False,0.448772,0.767304,0.19438
fill_volume,206,2015,0.6,0.415963,False,False,False,False,False,0.479017,0.767304,0.19438
fill_volume,207,2015,0.5,0.066877,False,False,False,False,False,0.483214,0.767304,0.19438
fill_volume,208,2015,0.5,0.066877,False,False,False,False,False,0.486571,0.767304,0.19438
fill_volume,209,2015,0.8,1.114136,False,False,False,False,False,0.549257,0.767304,0.19438
fill_volume,210,2015,0.9,1.463222,False,False,False,False,False,0.619405,0.767304,0.19438
fill_volume,211,2015,0.2,-0.980382,False,False,False,False,False,0.535524,0.767304,0.19438
fill_volume,212,2015,1.0,1.812308,False,False,False,False,False,0.628419,0.767304,0.19438
fill_volume,213,2015,0.7,0.765049,False,False,False,False,False,0.642736,0.767304,0.19438
fill_volume,214,2015,0.7,0.765049,False,False,False,False,False,0.654188,0.767304,0.19438
fill_volume,215,2015,0.3,-0.631296,False,False,False,False,False,0.583351,0.767304,0.19438
fill_volume,216,2015,0.2,-0.980382,False,False,False,False,False,0.506681,0.767304,0.19438
fill_volume,217,2015,0.3,-0.631296,False,False,False,False,False,0.465345,0.767304,0.19438
fill_volume,218,2015,0.5,0.066877,False,False,False,False,False,0.472276,0.767304,0.19438
fill_volume,219,2015,0.7,0.765049,False,False,False,False,False,0.51782,0.767304,0.19438
fill_volume,220,2015,0.6,0.415963,False,False,False,False,False,0.534256,0.767304,0.19438
fill_volume,221,2015,0.0,-1.678555,False,False,False,False,False,0.427405,0.767304,0.19438
fill_volume,222,2015,0.1,-1.329469,False,False,False,False,False,0.361924,0.767304,0.19438
fill_volume,223,2015,0.4,-0.28221,False,False,False,False,False,0.369539,0.767304,0.19438
fill_volume,224,2015,0.7,0.765049,False,False,False,False,False,0.435631,0.767304,0.19438
fill_volume,225,2015,0.6,0.415963,False,False,False,False,False,0.468505,0.767304,0.19438
fill_volume,226,2015,0.4,-0.28221,False,False,False,False,False,0.454804,0.767304,0.19438
fill_volume,227,2015,0.3,-0.631296,False,False,False,False,False,0.423843,0.767304,0.19438
fill_volume,228,2015,0.4,-0.28221,False,False,False,False,False,0.419075,0.767304,0.19438
fill_volume,229,2015,0.3,-0.631296,False,False,False,False,False,0.39526,0.767304,0.19438
fill_volume,230,2015,0.3,-0.631296,False,False,False,False,False,0.376208,0.767304,0.19438
fill_volume,231,2015,0.3,-0.631296,False,False,False,False,False,0.360966,0.767304,0.19438
fill_volume,232,2015,0.8,1.114136,False,False,False,False,False,0.448773,0.767304,0.19438
fill_volume,233,2015,0.1,-1.329469,False,False,False,False,False,0.379018,0.767304,0.19438
fill_volume,234,2015,0.2,-0.980382,False,False,False,False,False,0.343215,0.767304,0.19438
fill_volume,235,2015,0.7,0.765049,False,False,False,False,False,0.414572,0.767304,0.19438
fill_volume,236,2015,0.9,1.463222,False,False,False,False,False,0.511657,0.767304,0.19438
fill_volume,237,2015,0.7,0.765049,False,False,False,False,False,0.549326,0.767304,0.19438
fill_volume,238,2015,0.3,-0.631296,False,False,False,False,False,0.499461,0.767304,0.19438
fill_volume,239,2015,0.7,0.765049,False,False,False,False,False,0.539569,0.767304,0.19438
fill_volume,240,2015,1.0,1.812308,False,False,False,False,False,0.631655,0.767304,0.19438
fill_volume,241,2016,0.1,-1.329469,False,False,False,False,False,0.525324,0.767304,0.19438
fill_volume,242,2016,0.5,0.066877,False,False,False,False,False,0.520259,0.767304,0.19438
fill_volume,243,2016,0.4,-0.28221,False,False,False,False,False,0.496207,0.767304,0.19438
fill_volume,244,2016,0.1,-1.329469,False,False,False,False,False,0.416966,0.767304,0.19438
fill_volume,245,2016,0.1,-1.329469,False,False,False,False,False,0.353573,0.767304,0.19438
fill_volume,246,2016,0.4,-0.28221,False,False,False,False,False,0.362858,0.767304,0.19438
fill_volume,247,2016,1.0,1.812308,False,False,False,False,False,0.490287,0.767304,0.19438
fill_volume,248,2016,0.4,-0.28221,False,False,False,False,False,0.472229,0.767304,0.19438
fill_volume,249,2016,0.9,1.463222,False,False,False,False,False,0.557783,0.767304,0.19438
fill_volume,250,2016,0.5,0.066877,False,False,False,False,False,0.546227,0.767304,0.19438
fill_volume,251,2016,0.3,-0.631296,False,False,False,False,False,0.496981,0.767304,0.19438
fill_volume,252,2016,0.3,-0.631296,False,False,False,False,False,0.457585,0.767304,0.19438
fill_volume,253,2016,0.7,0.765049,False,False,False,False,False,0.506068,0.767304,0.19438
fill_volume,254,2016,0.4,-0.28221,False,False,False,False,False,0.484854,0.767304,0.19438
fill_volume,255,2016,0.9,1.463222,False,False,False,False,False,0.567884,0.767304,0.19438
fill_volume,256,2016,0.8,1.114136,False,False,False,False,False,0.614307,0.767304,0.19438
fill_volume,257,2016,0.6,0.415963,False,False,False,False,False,0.611445,0.767304,0.19438
fill_volume,258,2016,0.4,-0.28221,False,False,False,False,False,0.569156,0.767304,0.19438
fill_volume,259,2016,0.6,0.415963,False,False,False,False,False,0.575325,0.767304,0.19438
fill_volume,260,2016,0.9,1.463222,False,False,False,False,False,0.64026,0.767304,0.19438
fill_volume,261,2016,0.7,0.765049,False,False,False,False,False,0.652208,0.767304,0.19438
fill_volume,262,2016,0.4,-0.28221,False,False,False,False,False,0.601766,0.767304,0.19438
fill_volume,263,2016,0.3,-0.631296,False,False,False,False,False,0.541413,0.767304,0.19438
fill_volume,264,2016,1.0,1.812308,False,False,False,False,False,0.633131,0.767304,0.19438
fill_volume,265,2016,0.7,0.765049,False,False,False,False,False,0.646504,0.767304,0.19438
fill_volume,266,2016,0.4,-0.28221,False,False,False,False,False,0.597204,0.767304,0.19438
fill_volume,267,2016,0.9,1.463222,False,False,False,False,False,0.657763,0.767304,0.19438
fill_volume,268,2016,0.7,0.765049,False,False,False,False,False,0.66621,0.767304,0.19438
fill_volume,269,2016,0.5,0.066877,False,False,False,False,False,0.632968,0.767304,0.19438
fill_volume,270,2016,0.1,-1.329469,False,False,False,False,False,0.526375,0.767304,0.19438
fill_volume,271,2016,0.6,0.415963,False,False,False,False,False,0.5411,0.767304,0.19438
fill_volume,272,2016,0.8,1.114136,False,False,False,False,False,0.59288,0.767304,0.19438
fill_volume,273,2016,0.4,-0.28221,False,False,False,False,False,0.554304,0.767304,0.19438
fill_volume,274,2016,0.2,-0.980382,False,False,False,False,False,0.483443,0.767304,0.19438
fill_volume,275,2016,0.0,-1.678555,False,False,False,False,False,0.386754,0.767304,0.19438
fill_volume,276,2016,0.2,-0.980382,False,False,False,False,False,0.349404,0.767304,0.19438
fill_volume,277,2016,0.5,0.066877,False,False,False,False,False,0.379523,0.767304,0.19438
fill_volume,278,2016,0.8,1.114136,False,False,False,False,False,0.463618,0.767304,0.19438
fill_volume,279,2016,0.8,1.114136,False,False,False,False,False,0.530895,0.767304,0.19438
fill_volume,280,2016,0.5,0.066877,False,False,False,False,False,0.524716,0.767304,0.19438
fill_volume,281,2016,0.5,0.066877,False,False,False,False,False,0.519773,0.767304,0.19438
fill_volume,282,2016,0.2,-0.980382,False,False,False,False,False,0.455818,0.767304,0.19438
fill_volume,283,2016,0.8,1.114136,False,False,False,False,False,0.524654,0.767304,0.19438
fill_volume,284,2016,0.3,-0.631296,False,False,False,False,False,0.479724,0.767304,0.19438
fill_volume,285,2016,0.8,1.114136,False,False,False,False,False,0.543779,0.767304,0.19438
fill_volume,286,2016,0.1,-1.329469,False,False,False,False,False,0.455023,0.767304,0.19438
fill_volume,287,2016,0.0,-1.678555,False,False,False,False,False,0.364018,0.767304,0.19438
fill_volume,288,2016,0.8,1.114136,False,False,False,False,False,0.451215,0.767304,0.19438
fill_volume,289,2016,0.3,-0.631296,False,False,False,False,False,0.420972,0.767304,0.19438
fill_volume,290,2016,0.3,-0.631296,False,False,False,False,False,0.396777,0.767304,0.19438
fill_volume,291,2016,0.1,-1.329469,False,False,False,False,False,0.337422,0.767304,0.19438
fill_volume,292,2016,1.0,1.812308,False,False,False,False,False,0.469938,0.767304,0.19438
fill_volume,293,2016,0.6,0.415963,False,False,False,False,False,0.49595,0.767304,0.19438
fill_volume,294,2016,0.8,1.114136,False,False,False,False,False,0.55676,0.767304,0.19438
fill_volume,295,2016,0.3,-0.631296,False,False,False,False,False,0.505408,0.767304,0.19438
fill_volume,296,2016,0.5,0.066877,False,False,False,False,False,0.504326,0.767304,0.19438
fill_volume,297,2016,0.1,-1.329469,False,False,False,False,False,0.423461,0.767304,0.19438
fill_volume,298,2016,0.9,1.463222,False,False,False,False,False,0.518769,0.767304,0.19438
fill_volume,299,2016,0.1,-1.329469,False,False,False,False,False,0.435015,0.767304,0.19438
fill_volume,300,2016,0.6,0.415963,False,False,False,False,False,0.468012,0.767304,0.19438
fill_volume,301,2016,0.8,1.114136,False,False,False,False,False,0.53441,0.767304,0.19438
fill_volume,302,2017,0.4,-0.28221,False,False,False,False,False,0.507528,0.767304,0.19438
fill_volume,303,2017,0.8,1.114136,False,False,False,False,False,0.566022,0.767304,0.19438
fill_volume,304,2017,0.6,0.415963,False,False,False,False,False,0.572818,0.767304,0.19438
fill_volume,305,2017,0.4,-0.28221,False,False,False,False,False,0.538254,0.767304,0.19438
fill_volume,306,2017,0.4,-0.28221,False,False,False,False,False,0.510603,0.767304,0.19438
fill_volume,307,2017,0.2,-0.980382,False,False,False,False,False,0.448483,0.767304,0.19438
fill_volume,308,2017,0.9,1.463222,False,False,False,False,False,0.538786,0.767304,0.19438
fill_volume,309,2017,0.4,-0.28221,False,False,False,False,False,0.511029,0.767304,0.19438
fill_volume,310,2017,0.4,-0.28221,False,False,False,False,False,0.488823,0.767304,0.19438
fill_volume,311,2017,0.2,-0.980382,False,False,False,False,False,0.431059,0.767304,0.19438
fill_volume,312,2017,0.4,-0.28221,False,False,False,False,False,0.424847,0.767304,0.19438
fill_volume,313,2017,0.2,-0.980382,False,False,False,False,False,0.379877,0.767304,0.19438
fill_volume,314,2017,0.7,0.765049,False,False,False,False,False,0.443902,0.767304,0.19438
fill_volume,315,2017,1.0,1.812308,False,False,False,False,False,0.555122,0.767304,0.19438
fill_volume,316,2017,0.2,-0.980382,False,False,False,False,False,0.484097,0.767304,0.19438
fill_volume,317,2017,0.3,-0.631296,False,False,False,False,False,0.447278,0.767304,0.19438
fill_volume,318,2017,0.3,-0.631296,False,False,False,False,False,0.417822,0.767304,0.19438
fill_volume,319,2017,0.6,0.415963,False,False,False,False,False,0.454258,0.767304,0.19438
fill_volume,320,2017,0.4,-0.28221,False,False,False,False,False,0.443406,0.767304,0.19438
fill_volume,321,2017,0.4,-0.28221,False,False,False,False,False,0.434725,0.767304,0.19438
fill_volume,322,2017,0.2,-0.980382,False,False,False,False,False,0.38778,0.767304,0.19438
fill_volume,323,2017,0.2,-0.980382,False,False,False,False,False,0.350224,0.767304,0.19438
fill_volume,324,2017,0.0,-1.678555,False,False,False,False,False,0.280179,0.767304,0.19438
fill_volume,325,2017,0.2,-0.980382,False,False,False,False,False,0.264143,0.767304,0.19438
fill_volume,326,2017,0.5,0.066877,False,False,False,False,False,0.311315,0.767304,0.19438
fill_volume,327,2017,0.5,0.066877,False,False,False,False,False,0.349052,0.767304,0.19438
fill_volume,328,2017,0.8,1.114136,False,False,False,False,False,0.439241,0.767304,0.19438
fill_volume,329,2017,0.3,-0.631296,False,False,False,False,False,0.411393,0.767304,0.19438
fill_volume,330,2017,0.5,0.066877,False,False,False,False,False,0.429114,0.767304,0.19438
fill_volume,331,2017,0.8,1.114136,False,False,False,False,False,0.503292,0.767304,0.19438
fill_volume,332,2017,0.2,-0.980382,False,False,False,False,False,0.442633,0.767304,0.19438
fill_volume,333,2017,0.8,1.114136,False,False,False,False,False,0.514107,0.767304,0.19438
fill_volume,334,2017,0.7,0.765049,False,False,False,False,False,0.551285,0.767304,0.19438
fill_volume,335,2017,0.2,-0.980382,False,False,False,False,False,0.481028,0.767304,0.19438
fill_volume,336,2017,0.6,0.415963,False,False,False,False,False,0.504823,0.767304,0.19438
fill_volume,337,2017,0.9,1.463222,False,False,False,False,False,0.583858,0.767304,0.19438
fill_volume,338,2017,0.7,0.765049,False,False,False,False,False,0.607086,0.767304,0.19438
fill_volume,339,2017,0.3,-0.631296,False,False,False,False,False,0.545669,0.767304,0.19438
fill_volume,340,2017,0.6,0.415963,False,False,False,False,False,0.556535,0.767304,0.19438
fill_volume,341,2017,0.6,0.415963,False,False,False,False,False,0.565228,0.767304,0.19438
fill_volume,342,2017,0.8,1.114136,False,False,False,False,False,0.612183,0.767304,0.19438
fill_volume,343,2017,0.5,0.066877,False,False,False,False,False,0.589746,0.767304,0.19438
fill_volume,344,2017,0.0,-1.678555,False,False,False,False,False,0.471797,0.767304,0.19438
fill_volume,345,2017,0.5,0.066877,False,False,False,False,False,0.477437,0.767304,0.19438
fill_volume,346,2017,0.6,0.415963,False,False,False,False,False,0.50195,0.767304,0.19438
fill_volume,347,2017,0.3,-0.631296,False,False,False,False,False,0.46156,0.767304,0.19438
fill_volume,348,2017,0.3,-0.631296,False,False,False,False,False,0.429248,0.767304,0.19438
fill_volume,349,2017,0.3,-0.631296,False,False,False,False,False,0.403398,0.767304,0.19438
fill_volume,350,2017,0.3,-0.631296,False,False,False,False,False,0.382719,0.767304,0.19438
fill_volume,351,2017,0.0,-1.678555,False,False,False,False,False,0.306175,0.767304,0.19438
fill_volume,352,2017,0.1,-1.329469,False,False,False,False,False,0.26494,0.767304,0.19438
fill_volume,353,2017,0.6,0.415963,False,False,False,False,False,0.331952,0.767304,0.19438
fill_volume,354,2017,0.6,0.415963,False,False,False,False,False,0.385562,0.767304,0.19438
fill_volume,355,2017,0.6,0.415963,False,False,False,False,False,0.428449,0.767304,0.19438
fill_volume,356,2017,0.4,-0.28221,False,False,False,False,False,0.422759,0.767304,0.19438
fill_volume,357,2018,0.4,-0.28221,False,False,False,False,False,0.418208,0.767304,0.19438
fill_volume,358,2018,0.4,-0.28221,False,False,False,False,False,0.414566,0.767304,0.19438
fill_volume,359,2018,0.5,0.066877,False,False,False,False,False,0.431653,0.767304,0.19438
fill_volume,360,2018,0.9,1.463222,False,False,False,False,False,0.525322,0.767304,0.19438
fill_volume,361,2018,0.3,-0.631296,False,False,False,False,False,0.480258,0.767304,0.19438
fill_volume,362,2018,0.3,-0.631296,False,False,False,False,False,0.444206,0.767304,0.19438
fill_volume,363,2018,0.1,-1.329469,False,False,False,False,False,0.375365,0.767304,0.19438
fill_volume,364,2018,0.8,1.114136,False,False,False,False,False,0.460292,0.767304,0.19438
fill_volume,365,2018,0.8,1.114136,False,False,False,False,False,0.528234,0.767304,0.19438
fill_volume,366,2018,0.1,-1.329469,False,False,False,False,False,0.442587,0.767304,0.19438
fill_volume,367,2018,0.7,0.765049,False,False,False,False,False,0.49407,0.767304,0.19438
fill_volume,368,2018,1.0,1.812308,False,False,False,False,False,0.595256,0.767304,0.19438
fill_volume,369,2018,0.6,0.415963,False,False,False,False,False,0.596204,0.767304,0.19438
fill_volume,370,2018,0.4,-0.28221,False,False,False,False,False,0.556964,0.767304,0.19438
fill_volume,371,2018,0.2,-0.980382,False,False,False,False,False,0.485571,0.767304,0.19438
fill_volume,372,2018,0.9,1.463222,False,False,False,False,False,0.568457,0.767304,0.19438
fill_volume,373,2018,0.1,-1.329469,False,False,False,False,False,0.474765,0.767304,0.19438
fill_volume,374,2018,0.1,-1.329469,False,False,False,False,False,0.399812,0.767304,0.19438
fill_volume,375,2018,0.2,-0.980382,False,False,False,False,False,0.35985,0.767304,0.19438
fill_volume,376,2018,0.9,1.463222,False,False,False,False,False,0.46788,0.767304,0.19438
fill_volume,377,2018,0.1,-1.329469,False,False,False,False,False,0.394304,0.767304,0.19438
fill_volume,378,2018,0.0,-1.678555,False,False,False,False,False,0.315443,0.767304,0.19438
fill_volume,379,2018,0.6,0.415963,False,False,False,False,False,0.372354,0.767304,0.19438
fill_volume,380,2018,0.5,0.066877,False,False,False,False,False,0.397884,0.767304,0.19438
fill_volume,381,2018,0.8,1.114136,False,False,False,False,False,0.478307,0.767304,0.19438
fill_volume,382,2018,0.0,-1.678555,False,False,False,False,False,0.382645,0.767304,0.19438
fill_volume,383,2018,0.2,-0.980382,False,False,False,False,False,0.346116,0.767304,0.19438
fill_volume,384,2018,0.7,0.765049,False,False,False,False,False,0.416893,0.767304,0.19438
fill_volume,385,2018,0.2,-0.980382,False,False,False,False,False,0.373514,0.767304,0.19438
fill_volume,386,2018,0.1,-1.329469,False,False,False,False,False,0.318812,0.767304,0.19438
fill_volume,387,2018,0.9,1.463222,False,False,False,False,False,0.435049,0.767304,0.19438
fill_volume,388,2018,0.4,-0.28221,False,False,False,False,False,0.428039,0.767304,0.19438
fill_volume,389,2018,0.5,0.066877,False,False,False,False,False,0.442432,0.767304,0.19438
fill_volume,390,2018,0.4,-0.28221,False,False,False,False,False,0.433945,0.767304,0.19438
fill_volume,391,2018,0.6,0.415963,False,False,False,False,False,0.467156,0.767304,0.19438
fill_volume,392,2018,0.7,0.765049,False,False,False,False,False,0.513725,0.767304,0.19438
fill_volume,393,2018,1.0,1.812308,False,False,False,False,False,0.61098,0.767304,0.19438
fill_volume,394,2018,0.9,1.463222,False,False,False,False,False,0.668784,0.767304,0.19438
fill_volume,395,2018,0.1,-1.329469,False,False,False,False,False,0.555027,0.767304,0.19438
fill_volume,396,2018,0.1,-1.329469,False,False,False,False,False,0.464022,0.767304,0.19438
fill_volume,397,2018,0.6,0.415963,False,False,False,False,False,0.491217,0.767304,0.19438
fill_volume,398,2018,0.5,0.066877,False,False,False,False,False,0.492974,0.767304,0.19438
fill_volume,399,2018,1.0,1.812308,False,False,False,False,False,0.594379,0.767304,0.19438
fill_volume,400,2018,0.6,0.415963,False,False,False,False,False,0.595503,0.767304,0.19438
fill_volume,401,2018,0.3,-0.631296,False,False,False,False,False,0.536403,0.767304,0.19438
fill_volume,402,2018,0.6,0.415963,False,False,False,False,False,0.549122,0.767304,0.19438
fill_volume,403,2018,0.6,0.415963,False,False,False,False,False,0.559298,0.767304,0.19438
fill_volume,404,2018,0.6,0.415963,False,False,False,False,False,0.567438,0.767304,0.19438
fill_volume,405,2018,0.6,0.415963,False,False,False,False,False,0.573951,0.767304,0.19438
fill_volume,406,2018,0.8,1.114136,False,False,False,False,False,0.61916,0.767304,0.19438
fill_volume,407,2018,0.7,0.765049,False,False,False,False,False,0.635328,0.767304,0.19438
fill_volume,408,2018,0.5,0.066877,False,False,False,False,False,0.608263,0.767304,0.19438
fill_volume,409,2018,0.5,0.066877,False,False,False,False,False,0.58661,0.767304,0.19438
fill_volume,410,2018,0.5,0.066877,False,True,False,False,False,0.569288,0.767304,0.19438
fill_volume,411,2018,0.3,-0.631296,False,False,False,False,False,0.51543,0.767304,0.19438
fill_volume,412,2018,0.9,1.463222,False,False,False,False,False,0.592344,0.767304,0.19438
fill_volume,413,2018,0.7,0.765049,False,False,False,False,False,0.613876,0.767304,0.19438
fill_volume,414,2018,0.2,-0.980382,False,False,False,False,False,0.5311,0.767304,0.19438
fill_volume,415,2019,0.1,-1.329469,False,False,False,False,False,0.44488,0.767304,0.19438
fill_volume,416,2019,0.1,-1.329469,False,False,False,False,False,0.375904,0.767304,0.19438
fill_volume,417,2019,0.2,-0.980382,False,False,False,False,False,0.340723,0.767304,0.19438
fill_volume,418,2019,0.8,1.114136,False,False,False,False,False,0.432579,0.767304,0.19438
fill_volume,419,2019,0.5,0.066877,False,False,False,False,False,0.446063,0.767304,0.19438
fill_volume,420,2019,0.2,-0.980382,False,False,False,False,False,0.39685,0.767304,0.19438
fill_volume,421,2019,0.7,0.765049,False,False,False,False,False,0.45748,0.767304,0.19438
fill_volume,422,2019,0.4,-0.28221,False,False,False,False,False,0.445984,0.767304,0.19438
fill_volume,423,2019,0.6,0.415963,False,False,False,False,False,0.476787,0.767304,0.19438
fill_volume,424,2019,0.4,-0.28221,False,False,False,False,False,0.46143,0.767304,0.19438
fill_volume,425,2019,0.9,1.463222,False,False,False,False,False,0.549144,0.767304,0.19438
fill_volume,426,2019,0.1,-1.329469,False,False,False,False,False,0.459315,0.767304,0.19438
fill_volume,427,2019,0.3,-0.631296,False,False,False,False,False,0.427452,0.767304,0.19438
fill_volume,428,2019,0.1,-1.329469,False,False,False,False,False,0.361962,0.767304,0.19438
fill_volume,429,2019,0.9,1.463222,False,False,False,False,False,0.469569,0.767304,0.19438
fill_volume,430,2019,0.7,0.765049,False,False,False,False,False,0.515655,0.767304,0.19438
fill_volume,431,2019,0.9,1.463222,False,False,False,False,False,0.592524,0.767304,0.19438
fill_volume,432,2019,0.2,-0.980382,False,False,False,False,False,0.51402,0.767304,0.19438
fill_volume,433,2019,0.5,0.066877,False,False,False,False,False,0.511216,0.767304,0.19438
fill_volume,434,2019,0.1,-1.329469,False,False,False,False,False,0.428972,0.767304,0.19438
fill_volume,435,2019,0.4,-0.28221,False,False,False,False,False,0.423178,0.767304,0.19438
fill_volume,436,2019,0.9,1.463222,False,False,False,False,False,0.518542,0.767304,0.19438
fill_volume,437,2019,0.1,-1.329469,False,False,False,False,False,0.434834,0.767304,0.19438
fill_volume,438,2019,0.3,-0.631296,False,False,False,False,False,0.407867,0.767304,0.19438
fill_volume,439,2019,0.4,-0.28221,False,False,False,False,False,0.406294,0.767304,0.19438
fill_volume,440,2019,0.9,1.463222,False,False,False,False,False,0.505035,0.767304,0.19438
fill_volume,441,2019,0.4,-0.28221,False,False,False,False,False,0.484028,0.767304,0.19438
fill_volume,442,2019,1.0,1.812308,False,False,False,False,False,0.587222,0.767304,0.19438
fill_volume,443,2019,0.9,1.463222,False,False,False,False,False,0.649778,0.767304,0.19438
fill_volume,444,2019,0.7,0.765049,False,False,False,False,False,0.659822,0.767304,0.19438
fill_volume,445,2019,0.2,-0.980382,False,False,False,False,False,0.567858,0.767304,0.19438
fill_volume,446,2019,0.1,-1.329469,False,False,False,False,False,0.474286,0.767304,0.19438
fill_volume,447,2019,0.5,0.066877,False,False,False,False,False,0.479429,0.767304,0.19438
fill_volume,448,2019,0.2,-0.980382,False,False,False,False,False,0.423543,0.767304,0.19438
fill_volume,449,2019,0.8,1.114136,False,False,False,False,False,0.498835,0.767304,0.19438
fill_volume,450,2019,0.3,-0.631296,False,False,False,False,False,0.459068,0.767304,0.19438
fill_volume,451,2019,0.5,0.066877,False,False,False,False,False,0.467254,0.767304,0.19438
fill_volume,452,2019,0.2,-0.980382,False,False,False,False,False,0.413803,0.767304,0.19438
fill_volume,453,2019,0.4,-0.28221,False,False,False,False,False,0.411043,0.767304,0.19438
fill_volume,454,2019,0.9,1.463222,False,False,False,False,False,0.508834,0.767304,0.19438
fill_volume,455,2019,1.0,1.812308,False,False,False,False,False,0.607067,0.767304,0.19438
fill_volume,456,2019,0.8,1.114136,False,False,False,False,False,0.645654,0.767304,0.19438
fill_volume,457,2019,0.4,-0.28221,False,False,False,False,False,0.596523,0.767304,0.19438
fill_volume,458,2019,0.3,-0.631296,False,False,False,False,False,0.537218,0.767304,0.19438
fill_volume,459,2019,0.5,0.066877,False,False,False,False,False,0.529775,0.767304,0.19438
fill_volume,460,2019,0.1,-1.329469,False,False,False,False,False,0.44382,0.767304,0.19438
fill_volume,461,2019,0.8,1.114136,False,False,False,False,False,0.515056,0.767304,0.19438
fill_volume,462,2019,0.2,-0.980382,False,False,False,False,False,0.452045,0.767304,0.19438
fill_volume,463,2019,0.6,0.415963,False,False,False,False,False,0.481636,0.767304,0.19438
fill_volume,464,2019,0.9,1.463222,False,False,False,False,False,0.565309,0.767304,0.19438
fill_volume,465,2020,0.4,-0.28221,False,False,False,False,False,0.532247,0.767304,0.19438
fill_volume,466,2020,0.4,-0.28221,False,False,False,False,False,0.505798,0.767304,0.19438
fill_volume,467,2020,0.3,-0.631296,False,False,False,False,False,0.464638,0.767304,0.19438
fill_volume,468,2020,0.1,-1.329469,False,False,False,False,False,0.39171,0.767304,0.19438
fill_volume,469,2020,0.0,-1.678555,False,False,False,False,False,0.313368,0.767304,0.19438
fill_volume,470,2020,0.3,-0.631296,False,False,False,False,False,0.310695,0.767304,0.19438
fill_volume,471,2020,0.1,-1.329469,False,False,False,False,False,0.268556,0.767304,0.19438
fill_volume,472,2020,0.3,-0.631296,False,False,False,False,False,0.274845,0.767304,0.19438
fill_volume,473,2020,0.4,-0.28221,False,True,False,False,False,0.299876,0.767304,0.19438
fill_volume,474,2020,0.8,1.114136,False,False,False,False,False,0.399901,0.767304,0.19438
fill_volume,475,2020,0.8,1.114136,False,False,False,False,False,0.47992,0.767304,0.19438
fill_volume,476,2020,0.5,0.066877,False,False,False,False,False,0.483936,0.767304,0.19438
fill_volume,477,2020,0.0,-1.678555,False,False,False,False,False,0.387149,0.767304,0.19438
fill_volume,478,2020,0.0,-1.678555,False,False,False,False,False,0.309719,0.767304,0.19438
fill_volume,479,2020,0.2,-0.980382,False,False,False,False,False,0.287775,0.767304,0.19438
fill_volume,480,2020,0.3,-0.631296,False,False,False,False,False,0.29022,0.767304,0.19438
fill_volume,481,2020,0.0,-1.678555,False,False,False,False,False,0.232176,0.767304,0.19438
fill_volume,482,2020,0.2,-0.980382,False,False,False,False,False,0.225741,0.767304,0.19438
fill_volume,483,2020,0.8,1.114136,False,False,False,False,False,0.340593,0.767304,0.19438
fill_volume,484,2020,0.4,-0.28221,False,False,False,False,False,0.352474,0.767304,0.19438
fill_volume,485,2020,0.4,-0.28221,False,False,False,False,False,0.361979,0.767304,0.19438
fill_volume,486,2020,0.4,-0.28221,False,False,False,False,False,0.369584,0.767304,0.19438
fill_volume,487,2020,0.7,0.765049,False,False,False,False,False,0.435667,0.767304,0.19438
fill_volume,488,2020,0.7,0.765049,False,False,False,False,False,0.488533,0.767304,0.19438
fill_volume,489,2020,0.3,-0.631296,False,False,False,False,False,0.450827,0.767304,0.19438
fill_volume,490,2020,0.8,1.114136,False,False,False,False,False,0.520661,0.767304,0.19438
fill_volume,491,2020,0.4,-0.28221,False,False,False,False,False,0.496529,0.767304,0.19438
fill_volume,492,2020,0.6,0.415963,False,False,False,False,False,0.517223,0.767304,0.19438
fill_volume,493,2020,0.5,0.066877,False,False,False,False,False,0.513779,0.767304,0.19438
fill_volume,494,2020,0.0,-1.678555,False,False,False,False,False,0.411023,0.767304,0.19438
fill_volume,495,2020,0.4,-0.28221,False,False,False,False,False,0.408818,0.767304,0.19438
fill_volume,496,2020,0.6,0.415963,False,False,False,False,False,0.447055,0.767304,0.19438
fill_volume,497,2020,0.4,-0.28221,False,False,False,False,False,0.437644,0.767304,0.19438
fill_volume,498,2020,0.6,0.415963,False,False,False,False,False,0.470115,0.767304,0.19438
fill_volume,499,2020,0.2,-0.980382,False,False,False,False,False,0.416092,0.767304,0.19438
fill_volume,500,2020,0.9,1.463222,False,False,False,False,False,0.512874,0.767304,0.19438
fill_volume,501,2020,0.1,-1.329469,False,False,False,False,False,0.430299,0.767304,0.19438
fill_volume,502,2020,0.8,1.114136,False,False,False,False,False,0.504239,0.767304,0.19438
fill_volume,503,2020,0.1,-1.329469,False,False,False,False,False,0.423391,0.767304,0.19438
fill_volume,504,2020,0.3,-0.631296,False,False,False,False,False,0.398713,0.767304,0.19438
fill_volume,505,2020,0.4,-0.28221,False,False,False,False,False,0.39897,0.767304,0.19438
fill_volume,506,2020,0.1,-1.329469,False,False,False,False,False,0.339176,0.767304,0.19438
fill_volume,507,2021,0.1,-1.329469,False,False,False,False,False,0.291341,0.767304,0.19438
fill_volume,508,2021,0.9,1.463222,False,False,False,False,False,0.413073,0.767304,0.19438
fill_volume,509,2021,0.7,0.765049,False,False,False,False,False,0.470458,0.767304,0.19438
fill_volume,510,2021,0.2,-0.980382,False,False,False,False,False,0.416367,0.767304,0.19438
fill_volume,511,2021,0.8,1.114136,False,False,False,False,False,0.493093,0.767304,0.19438
fill_volume,512,2021,0.4,-0.28221,False,False,False,False,False,0.474475,0.767304,0.19438
fill_volume,513,2021,0.0,-1.678555,False,False,False,False,False,0.37958,0.767304,0.19438
fill_volume,514,2021,0.6,0.415963,False,False,False,False,False,0.423664,0.767304,0.19438
fill_volume,515,2021,0.9,1.463222,False,False,False,False,False,0.518931,0.767304,0.19438
fill_volume,516,2021,0.8,1.114136,False,False,False,False,False,0.575145,0.767304,0.19438
fill_volume,517,2021,0.0,-1.678555,False,False,False,False,False,0.460116,0.767304,0.19438
fill_volume,518,2021,0.7,0.765049,False,False,False,False,False,0.508093,0.767304,0.19438
fill_volume,519,2021,0.1,-1.329469,False,False,False,False,False,0.426474,0.767304,0.19438
fill_volume,520,2021,0.1,-1.329469,False,False,False,False,False,0.361179,0.767304,0.19438
fill_volume,521,2021,0.7,0.765049,False,False,False,False,False,0.428943,0.767304,0.19438
fill_volume,522,2021,0.0,-1.678555,False,False,False,False,False,0.343155,0.767304,0.19438
fill_volume,523,2021,0.7,0.765049,False,False,False,False,False,0.414524,0.767304,0.19438
fill_volume,524,2021,0.8,1.114136,False,False,False,False,False,0.491619,0.767304,0.19438
fill_volume,525,2021,0.2,-0.980382,False,False,False,False,False,0.433295,0.767304,0.19438
fill_volume,526,2021,0.3,-0.631296,False,False,False,False,False,0.406636,0.767304,0.19438
fill_volume,527,2021,0.8,1.114136,False,False,False,False,False,0.485309,0.767304,0.19438
fill_volume,528,2021,0.7,0.765049,False,False,False,False,False,0.528247,0.767304,0.19438
fill_volume,529,2021,1.0,1.812308,False,False,False,False,False,0.622598,0.767304,0.19438
fill_volume,530,2021,0.4,-0.28221,False,False,False,False,False,0.578078,0.767304,0.19438
fill_volume,531,2021,0.4,-0.28221,False,False,False,False,False,0.542463,0.767304,0.19438
fill_volume,532,2021,0.7,0.765049,False,False,False,False,False,0.57397,0.767304,0.19438
fill_volume,533,2021,0.7,0.765049,False,False,False,False,False,0.599176,0.767304,0.19438
fill_volume,534,2021,0.5,0.066877,False,False,False,False,False,0.579341,0.767304,0.19438
fill_volume,535,2021,0.6,0.415963,False,False,False,False,False,0.583473,0.767304,0.19438
fill_volume,536,2021,0.2,-0.980382,False,False,False,False,False,0.506778,0.767304,0.19438
fill_volume,537,2021,0.6,0.415963,False,False,False,False,False,0.525423,0.767304,0.19438
fill_volume,538,2021,0.3,-0.631296,False,False,False,False,False,0.480338,0.767304,0.19438
fill_volume,539,2021,0.9,1.463222,False,False,False,False,False,0.56427,0.767304,0.19438
fill_volume,540,2021,0.6,0.415963,False,False,False,False,False,0.571416,0.767304,0.19438
fill_volume,541,2021,0.8,1.114136,False,False,False,False,False,0.617133,0.767304,0.19438
fill_volume,542,2021,0.4,-0.28221,False,False,False,False,False,0.573706,0.767304,0.19438
fill_volume,543,2022,0.4,-0.28221,False,False,False,False,False,0.538965,0.767304,0.19438
fill_volume,544,2022,0.9,1.463222,False,False,False,False,False,0.611172,0.767304,0.19438
fill_volume,545,2022,0.2,-0.980382,False,False,False,False,False,0.528938,0.767304,0.19438
fill_volume,546,2022,0.3,-0.631296,False,False,False,False,False,0.48315,0.767304,0.19438
fill_volume,547,2022,0.3,-0.631296,False,False,False,False,False,0.44652,0.767304,0.19438
fill_volume,548,2022,0.6,0.415963,False,False,False,False,False,0.477216,0.767304,0.19438
fill_volume,549,2022,0.9,1.463222,False,False,False,False,False,0.561773,0.767304,0.19438
fill_volume,550,2022,0.7,0.765049,False,False,False,False,False,0.589418,0.767304,0.19438
fill_volume,551,2022,0.6,0.415963,False,False,False,False,False,0.591535,0.767304,0.19438
fill_volume,552,2022,0.6,0.415963,False,False,False,False,False,0.593228,0.767304,0.19438
fill_volume,553,2022,0.5,0.066877,False,False,False,False,False,0.574582,0.767304,0.19438
fill_volume,554,2022,0.2,-0.980382,False,False,False,False,False,0.499666,0.767304,0.19438
fill_volume,555,2022,0.4,-0.28221,False,False,False,False,False,0.479733,0.767304,0.19438
fill_volume,556,2022,0.7,0.765049,False,False,False,False,False,0.523786,0.767304,0.19438
fill_volume,557,2022,0.7,0.765049,False,False,False,False,False,0.559029,0.767304,0.19438
fill_volume,558,2022,0.7,0.765049,False,False,False,False,False,0.587223,0.767304,0.19438
fill_volume,559,2022,0.5,0.066877,False,False,False,False,False,0.569778,0.767304,0.19438
fill_volume,560,2022,0.3,-0.631296,False,False,False,False,False,0.515823,0.767304,0.19438
fill_volume,561,2022,0.3,-0.631296,False,False,False,False,False,0.472658,0.767304,0.19438
fill_volume,562,2022,0.1,-1.329469,False,False,False,False,False,0.398127,0.767304,0.19438
fill_volume,563,2022,0.5,0.066877,False,False,False,False,False,0.418501,0.767304,0.19438
fill_volume,564,2022,0.5,0.066877,False,False,False,False,False,0.434801,0.767304,0.19438
fill_volume,565,2022,0.6,0.415963,False,False,False,False,False,0.467841,0.767304,0.19438
fill_volume,566,2022,0.2,-0.980382,False,False,False,False,False,0.414273,0.767304,0.19438
fill_volume,567,2022,0.3,-0.631296,False,False,False,False,False,0.391418,0.767304,0.19438
fill_volume,568,2022,0.4,-0.28221,False,False,False,False,False,0.393134,0.767304,0.19438
fill_volume,569,2022,0.5,0.066877,False,False,False,False,False,0.414508,0.767304,0.19438
fill_volume,570,2022,0.0,-1.678555,False,False,False,False,False,0.331606,0.767304,0.19438
fill_volume,571,2022,0.9,1.463222,False,False,False,False,False,0.445285,0.767304,0.19438
fill_volume,572,2022,0.4,-0.28221,False,False,False,False,False,0.436228,0.767304,0.19438
fill_volume,573,2022,0.8,1.114136,False,False,False,False,False,0.508982,0.767304,0.19438
fill_volume,574,2022,0.4,-0.28221,False,False,False,False,False,0.487186,0.767304,0.19438
fill_volume,575,2022,0.2,-0.980382,False,False,False,False,False,0.429749,0.767304,0.19438
fill_volume,576,2022,0.9,1.463222,False,False,False,False,False,0.523799,0.767304,0.19438
fill_volume,577,2022,0.4,-0.28221,False,False,False,False,False,0.499039,0.767304,0.19438
fill_volume,578,2022,0.5,0.066877,False,False,False,False,False,0.499231,0.767304,0.19438
fill_volume,579,2022,0.2,-0.980382,False,False,False,False,False,0.439385,0.767304,0.19438
fill_volume,580,2022,0.2,-0.980382,False,False,False,False,False,0.391508,0.767304,0.19438
fill_volume,581,2022,0.5,0.066877,False,False,False,False,False,0.413206,0.767304,0.19438
fill_volume,582,2022,0.1,-1.329469,False,False,False,False,False,0.350565,0.767304,0.19438
fill_volume,583,2022,1.0,1.812308,False,False,False,False,False,0.480452,0.767304,0.19438
fill_volume,584,2022,0.5,0.066877,False,False,False,False,False,0.484362,0.767304,0.19438
fill_volume,585,2022,0.9,1.463222,False,False,False,False,False,0.567489,0.767304,0.19438
fill_volume,586,2022,0.2,-0.980382,False,False,False,False,False,0.493991,0.767304,0.19438
fill_volume,587,2022,0.8,1.114136,False,False,False,False,False,0.555193,0.767304,0.19438
fill_volume,588,2022,0.5,0.066877,False,False,False,False,False,0.544155,0.767304,0.19438
fill_volume,589,2022,0.3,-0.631296,False,False,False,False,False,0.495324,0.767304,0.19438
fill_volume,590,2023,0.9,1.463222,False,False,False,False,False,0.576259,0.767304,0.19438
fill_volume,591,2023,0.4,-0.28221,False,False,False,False,False,0.541007,0.767304,0.19438
fill_volume,592,2023,1.0,1.812308,False,False,False,False,False,0.632806,0.767304,0.19438
fill_volume,593,2023,1.0,1.812308,False,False,False,False,False,0.706245,0.767304,0.19438
fill_volume,594,2023,0.8,1.114136,False,False,False,False,False,0.724996,0.767304,0.19438
fill_volume,595,2023,0.5,0.066877,False,False,False,False,False,0.679997,0.767304,0.19438
fill_volume,596,2023,0.3,-0.631296,False,False,False,False,False,0.603997,0.767304,0.19438
fill_volume,597,2023,0.3,-0.631296,False,False,False,False,False,0.543198,0.767304,0.19438
fill_volume,598,2023,0.4,-0.28221,False,False,False,False,False,0.514558,0.767304,0.19438
fill_volume,599,2023,0.5,0.066877,False,False,False,False,False,0.511647,0.767304,0.19438
fill_volume,600,2023,0.1,-1.329469,False,False,False,False,False,0.429317,0.767304,0.19438
fill_volume,601,2024,0.2,-0.980382,False,False,False,False,False,0.383454,0.767304,0.19438
fill_volume,602,2024,0.7,0.765049,False,False,False,False,False,0.446763,0.767304,0.19438
fill_volume,603,2024,0.7,0.765049,False,False,False,False,False,0.49741,0.767304,0.19438
fill_volume,604,2024,0.2,-0.980382,False,False,False,False,False,0.437928,0.767304,0.19438
fill_volume,605,2024,1.0,1.812308,False,False,False,False,False,0.550343,0.767304,0.19438
fill_volume,606,2024,0.9,1.463222,False,False,False,False,False,0.620274,0.767304,0.19438
fill_volume,607,2024,0.8,1.114136,False,False,False,False,False,0.656219,0.767304,0.19438
fill_volume,608,2024,0.1,-1.329469,False,False,False,False,False,0.544975,0.767304,0.19438
fill_volume,609,2024,0.9,1.463222,False,False,False,False,False,0.61598,0.767304,0.19438
fill_volume,610,2024,0.6,0.415963,False,False,False,False,False,0.612784,0.767304,0.19438
fill_volume,611,2024,0.4,-0.28221,False,False,False,False,False,0.570227,0.767304,0.19438
fill_volume,612,2024,0.0,-1.678555,False,False,False,False,False,0.456182,0.767304,0.19438
fill_volume,613,2024,1.0,1.812308,False,False,False,False,False,0.564946,0.767304,0.19438
fill_volume,614,2024,0.2,-0.980382,False,False,False,False,False,0.491956,0.767304,0.19438
fill_volume,615,2024,0.8,1.114136,False,False,False,False,False,0.553565,0.767304,0.19438
fill_volume,616,2024,0.8,1.114136,False,False,False,False,False,0.602852,0.767304,0.19438
fill_volume,617,2024,0.8,1.114136,False,False,False,False,False,0.642282,0.767304,0.19438
fill_volume,618,2024,0.2,-0.980382,False,False,False,False,False,0.553825,0.767304,0.19438
fill_volume,619,2024,0.1,-1.329469,False,False,False,False,False,0.46306,0.767304,0.19438
fill_volume,620,2024,0.0,-1.678555,False,False,False,False,False,0.370448,0.767304,0.19438
fill_volume,621,2024,0.9,1.463222,False,False,False,False,False,0.476359,0.767304,0.19438
fill_volume,622,2024,0.4,-0.28221,False,False,False,False,False,0.461087,0.767304,0.19438
fill_volume,623,2024,0.1,-1.329469,False,False,False,False,False,0.388869,0.767304,0.19438
fill_volume,624,2024,0.5,0.066877,False,False,False,False,False,0.411096,0.767304,0.19438
fill_volume,625,2024,0.4,-0.28221,False,False,False,False,False,0.408876,0.767304,0.19438
fill_volume,626,2024,0.4,-0.28221,False,False,False,False,False,0.407101,0.767304,0.19438
fill_volume,627,2024,0.0,-1.678555,False,False,False,False,False,0.325681,0.767304,0.19438
fill_volume,628,2024,1.0,1.812308,False,False,False,False,False,0.460545,0.767304,0.19438
fill_volume,629,2024,0.9,1.463222,False,False,False,False,False,0.548436,0.767304,0.19438
fill_volume,630,2024,0.6,0.415963,False,False,False,False,False,0.558749,0.767304,0.19438
fill_volume,631,2024,0.2,-0.980382,False,False,False,False,False,0.486999,0.767304,0.19438
fill_volume,632,2024,0.7,0.765049,False,False,False,False,False,0.529599,0.767304,0.19438
fill_volume,633,2024,0.3,-0.631296,False,False,False,False,False,0.483679,0.767304,0.19438
fill_volume,634,2024,0.8,1.114136,False,False,False,False,False,0.546943,0.767304,0.19438
fill_volume,635,2024,0.2,-0.980382,False,False,False,False,False,0.477555,0.767304,0.19438
fill_volume,636,2024,0.1,-1.329469,False,False,False,False,False,0.402044,0.767304,0.19438
fill_volume,637,2024,0.3,-0.631296,False,False,False,False,False,0.381635,0.767304,0.19438
fill_volume,638,2024,0.5,0.066877,False,False,False,False,False,0.405308,0.767304,0.19438
fill_volume,639,2024,0.4,-0.28221,False,False,False,False,False,0.404246,0.767304,0.19438
fill_volume,640,2024,0.4,-0.28221,False,False,False,False,False,0.403397,0.767304,0.19438
fill_volume,641,2024,0.4,-0.28221,False,False,False,False,False,0.402718,0.767304,0.19438
fill_volume,642,2024,1.0,1.812308,False,False,False,False,False,0.522174,0.767304,0.19438
fill_volume,643,2024,0.8,1.114136,False,False,False,False,False,0.577739,0.767304,0.19438
fill_volume,644,2024,0.4,-0.28221,False,False,False,False,False,0.542191,0.767304,0.19438
fill_volume,645,2024,0.3,-0.631296,False,False,False,False,False,0.493753,0.767304,0.19438
fill_volume,646,2024,0.1,-1.329469,False,False,False,False,False,0.415003,0.767304,0.19438
fill_volume,647,2024,0.9,1.463222,False,False,False,False,False,0.512002,0.767304,0.19438
fill_volume,648,2024,0.3,-0.631296,False,False,False,False,False,0.469602,0.767304,0.19438
fill_volume,649,2024,0.8,1.114136,False,False,False,False,False,0.535681,0.767304,0.19438
fill_volume,650,2024,0.8,1.114136,False,False,False,False,False,0.588545,0.767304,0.19438
fill_volume,651,2024,0.6,0.415963,False,False,False,False,False,0.590836,0.767304,0.19438
fill_volume,652,2024,0.8,1.114136,False,False,False,False,False,0.632669,0.767304,0.19438
fill_volume,653,2024,0.8,1.114136,False,False,False,False,False,0.666135,0.767304,0.19438
fill_volume,654,2024,0.7,0.765049,False,False,False,False,False,0.672908,0.767304,0.19438
fill_volume,655,2024,0.0,-1.678555,False,False,False,False,False,0.538326,0.767304,0.19438
fill_volume,656,2024,0.5,0.066877,False,False,False,False,False,0.530661,0.767304,0.19438
fill_volume,657,2024,0.8,1.114136,False,False,False,False,False,0.584529,0.767304,0.19438
fill_volume,658,2024,0.2,-0.980382,False,False,False,False,False,0.507623,0.767304,0.19438
fill_volume,659,2024,0.4,-0.28221,False,False,False,False,False,0.486099,0.767304,0.19438
fill_volume,660,2024,0.6,0.415963,False,False,False,False,False,0.508879,0.767304,0.19438
fill_volume,661,2024,0.3,-0.631296,False,False,False,False,False,0.467103,0.767304,0.19438
fill_volume,662,2024,0.3,-0.631296,False,False,False,False,False,0.433682,0.767304,0.19438
fill_volume,663,2024,0.0,-1.678555,False,False,False,False,False,0.346946,0.767304,0.19438
fill_volume,664,2024,0.2,-0.980382,False,False,False,False,False,0.317557,0.767304,0.19438
fill_volume,665,2024,0.3,-0.631296,False,False,False,False,False,0.314045,0.767304,0.19438
fill_volume,666,2024,0.8,1.114136,False,False,False,False,False,0.411236,0.767304,0.19438
fill_volume,667,2024,0.0,-1.678555,False,False,False,False,False,0.328989,0.767304,0.19438
fill_volume,668,2024,0.8,1.114136,False,False,False,False,False,0.423191,0.767304,0.19438
fill_volume,669,2024,0.5,0.066877,False,False,False,False,False,0.438553,0.767304,0.19438
fill_volume,670,2024,0.4,-0.28221,False,False,False,False,False,0.430842,0.767304,0.19438
fill_volume,671,2024,0.5,0.066877,False,False,False,False,False,0.444674,0.767304,0.19438
fill_volume,672,2024,0.8,1.114136,False,False,False,False,False,0.515739,0.767304,0.19438
fill_volume,673,2024,0.2,-0.980382,False,False,False,False,False,0.452591,0.767304,0.19438
fill_volume,674,2024,0.5,0.066877,False,False,False,False,False,0.462073,0.767304,0.19438
fill_volume,675,2024,0.7,0.765049,False,False,False,False,False,0.509658,0.767304,0.19438
fill_volume,676,2024,0.1,-1.329469,False,False,False,False,False,0.427727,0.767304,0.19438
fill_volume,677,2024,0.3,-0.631296,False,False,False,False,False,0.402181,0.767304,0.19438
fill_volume,678,2024,0.7,0.765049,False,False,False,False,False,0.461745,0.767304,0.19438
fill_volume,679,2024,0.4,-0.28221,False,False,False,False,False,0.449396,0.767304,0.19438
fill_volume,680,2024,0.9,1.463222,False,False,False,False,False,0.539517,0.767304,0.19438
fill_volume,681,2024,0.5,0.066877,False,False,False,False,False,0.531614,0.767304,0.19438
fill_volume,682,2024,0.1,-1.329469,False,False,False,False,False,0.445291,0.767304,0.19438
fill_volume,683,2024,0.2,-0.980382,False,False,False,False,False,0.396233,0.767304,0.19438
fill_volume,684,2024,0.1,-1.329469,False,False,False,False,False,0.336986,0.767304,0.19438
fill_volume,685,2024,0.3,-0.631296,False,False,False,False,False,0.329589,0.767304,0.19438
fill_volume,686,2024,0.4,-0.28221,False,False,False,False,False,0.343671,0.767304,0.19438
fill_volume,687,2024,0.4,-0.28221,False,False,False,False,False,0.354937,0.767304,0.19438
fill_volume,688,2024,0.1,-1.329469,False,False,False,False,False,0.30395,0.767304,0.19438
fill_volume,689,2024,0.3,-0.631296,False,False,False,False,False,0.30316,0.767304,0.19438
fill_volume,690,2025,1.0,1.812308,False,False,False,False,False,0.442528,0.767304,0.19438
fill_volume,691,2025,0.8,1.114136,False,False,False,False,False,0.514022,0.767304,0.19438
fill_volume,692,2025,0.7,0.765049,False,False,False,False,False,0.551218,0.767304,0.19438
fill_volume,693,2025,0.8,1.114136,False,False,False,False,False,0.600974,0.767304,0.19438
fill_volume,694,2025,0.8,1.114136,False,False,False,False,False,0.640779,0.767304,0.19438
fill_volume,695,2025,0.5,0.066877,False,False,False,False,False,0.612623,0.767304,0.19438
fill_volume,696,2025,0.2,-0.980382,False,False,False,False,False,0.530099,0.767304,0.19438
fill_volume,697,2025,0.3,-0.631296,False,False,False,False,False,0.484079,0.767304,0.19438
fill_volume,698,2025,0.2,-0.980382,False,False,False,False,False,0.427263,0.767304,0.19438
fill_volume,699,2025,0.1,-1.329469,False,False,False,False,False,0.361811,0.767304,0.19438
fill_volume,700,2025,0.3,-0.631296,False,False,False,False,False,0.349448,0.767304,0.19438
fill_volume,701,2025,0.3,-0.631296,False,False,False,False,False,0.339559,0.767304,0.19438
fill_volume,702,2025,0.7,0.765049,False,False,False,False,False,0.411647,0.767304,0.19438
fill_volume,703,2025,1.0,1.812308,False,False,False,False,False,0.529318,0.767304,0.19438
fill_volume,704,2025,0.2,-0.980382,False,False,False,False,False,0.463454,0.767304,0.19438
fill_volume,705,2025,0.9,1.463222,False,False,False,False,False,0.550763,0.767304,0.19438
fill_volume,706,2025,0.6,0.415963,False,False,False,False,False,0.560611,0.767304,0.19438
fill_volume,707,2025,0.2,-0.980382,False,False,False,False,False,0.488488,0.767304,0.19438
fill_volume,708,2025,0.5,0.066877,False,False,False,False,False,0.490791,0.767304,0.19438
fill_volume,709,2025,0.8,1.114136,False,False,False,False,False,0.552633,0.767304,0.19438
fill_volume,710,2025,0.6,0.415963,False,False,False,False,False,0.562106,0.767304,0.19438
fill_volume,711,2025,0.4,-0.28221,False,False,False,False,False,0.529685,0.767304,0.19438
fill_volume,712,2025,0.3,-0.631296,False,False,False,False,False,0.483748,0.767304,0.19438
fill_volume,713,2025,0.3,-0.631296,False,False,False,False,False,0.446998,0.767304,0.19438
fill_volume,714,2025,0.3,-0.631296,False,False,False,False,False,0.417599,0.767304,0.19438
fill_volume,715,2025,0.3,-0.631296,False,False,False,False,False,0.394079,0.767304,0.19438
fill_volume,716,2025,0.2,-0.980382,False,False,False,False,False,0.355263,0.767304,0.19438
fill_volume,717,2025,0.3,-0.631296,False,False,False,False,False,0.344211,0.767304,0.19438
fill_volume,718,2025,0.4,-0.28221,False,False,False,False,False,0.355368,0.767304,0.19438
fill_volume,719,2025,0.0,-1.678555,False,True,False,False,False,0.284295,0.767304,0.19438
fill_volume,720,2025,0.6,0.415963,False,False,False,False,False,0.347436,0.767304,0.19438
fill_volume,721,2025,0.8,1.114136,False,False,False,False,False,0.437949,0.767304,0.19438
fill_volume,722,2025,0.6,0.415963,False,False,False,False,False,0.470359,0.767304,0.19438
fill_volume,723,2025,0.7,0.765049,False,False,False,False,False,0.516287,0.767304,0.19438
fill_volume,724,2025,0.1,-1.329469,False,False,False,False,False,0.43303,0.767304,0.19438
fill_volume,725,2025,0.4,-0.28221,False,False,False,False,False,0.426424,0.767304,0.19438
fill_volume,726,2025,0.0,-1.678555,False,False,False,False,False,0.341139,0.767304,0.19438
fill_volume,727,2025,0.6,0.415963,False,False,False,False,False,0.392911,0.767304,0.19438
fill_volume,728,2025,0.1,-1.329469,False,False,False,False,False,0.334329,0.767304,0.19438
fill_volume,729,2025,0.3,-0.631296,False,False,False,False,False,0.327463,0.767304,0.19438
fill_volume,730,2025,0.9,1.463222,False,False,False,False,False,0.441971,0.767304,0.19438
fill_volume,731,2025,0.3,-0.631296,False,False,False,False,False,0.413576,0.767304,0.19438
fill_volume,732,2025,1.0,1.812308,False,False,False,False,False,0.530861,0.767304,0.19438
fill_volume,733,2025,0.2,-0.980382,False,False,False,False,False,0.464689,0.767304,0.19438
fill_volume,734,2025,1.0,1.812308,False,False,False,False,False,0.571751,0.767304,0.19438
fill_volume,735,2025,0.8,1.114136,False,False,False,False,False,0.617401,0.767304,0.19438
fill_volume,736,2025,0.5,0.066877,False,False,False,False,False,0.593921,0.767304,0.19438
